"age" "edu1" "edu2" "edu3" "leisure.1" "leisure.2" "leisure.3" "mar1" "mar2" "mar3" "sex" "income.1" "income.2" "income.3" "lifesatisfaction.1" "lifesatisfaction.2" "lifesatisfaction.3"
69 1 0 0 4 2 2 1 0 0 1 42.8058906250006 45.6943984375006 42.4636015624998 3 3 2
71 0 0 1 4 4 6 0 0 1 1 9.38177050781245 8.15089746093751 9.55787890624999 3 3 3
40 0 0 0 1 1 1 0 1 0 0 14.428189453125 6.48266845703125 10.886818359375 3 2 2
47 0 1 0 4 3 4 1 0 0 0 9.96424218750002 10.9806806640626 11.248583984375 3 3 3
55 0 0 0 8 8 8 1 0 0 1 27.2842421875006 28.029999999999 32.5100000000016 2 3 3
46 1 0 0 9 10 9 1 0 0 1 24.2000000000005 29.6765976562491 22.417587890624 2 2 3
41 1 0 0 8 8 10 0 0 1 1 34.0359492187497 28.5128535156248 29.401773437499 2 2 3
40 1 0 0 9 5 12 1 0 0 1 34.7967656250013 40.9471562500002 42.3025390624984 2 2 2
48 1 0 0 9 9 11 0 0 1 0 405.299781250003 219.599999999997 20.34973046875 3 2 2
49 1 0 0 5 5 6 1 0 0 0 17.2380429687499 19.4947519531249 20.3123164062501 2 2 2
41 0 0 1 4 4 3 1 0 0 1 19.812 27.6479902343747 35.8639882812507 2 3 2
30 1 0 0 4 6 6 1 0 0 0 15.890314453125 18.515732421875 20.9002343750001 2 2 2
27 0 1 0 7 12 12 0 0 1 1 30.4259101562508 30.7837011718739 36.5582734374994 2 2 2
43 0 1 0 4 3 2 1 0 0 0 21.82032421875 21.570322265625 21.75 3 2 3
19 0 0 0 10 2 3 0 0 1 0 16.2499999999999 16.5 17.75 3 3 3
45 1 0 0 11 9 8 0 0 1 0 23.7545195312495 25.6960898437494 27.6113164062506 3 3 3
34 1 0 0 8 10 4 1 0 0 1 19.749888671875 23.4395605468752 11.79 2 2 2
43 1 0 0 6 12 12 1 0 0 1 177.167140624997 151.940281249996 195.544109375008 2 2 3
57 0 1 0 3 3 6 1 0 0 0 53.791718749998 55.4999999999985 56.0000000000008 2 2 2
53 0 1 0 7 2 4 1 0 0 1 6.04499999999998 23.0224999999995 21.8181816406251 2 2 2
32 1 0 0 8 2 3 0 0 1 0 24.6191093750005 23.8343710937511 21.0834257812501 2 2 2
27 1 0 0 3 2 11 0 0 1 0 0.695054931640623 15.635421875 15.77263671875 3 3 3
19 0 0 0 3 7 3 0 0 1 0 0.171428558349609 2.81788183593751 2.30946899414062 2 2 2
37 0 0 0 11 12 12 1 0 0 1 51.3392617187487 45.8099609375004 48.4369531250006 3 3 3
39 0 1 0 12 12 12 0 0 1 0 5.20000000000001 52.7999960937478 79.2999999999968 3 3 3
36 0 0 0 9 6 8 1 0 0 1 72.1907812500017 95.7066953125013 52.0392617187507 3 2 3
62 0 0 0 2 4 2 1 0 0 1 0.00120000004768372 0.000600000023841858 0.974250000000001 3 3 3
43 0 0 0 9 8 5 1 0 0 1 25.4647792968759 13.6967021484375 0.000600000023841858 2 2 2
44 0 0 0 1 2 1 0 1 0 0 15.8250205078125 7.04371728515625 14.7166337890625 2 2 2
42 0 1 0 2 5 8 0 1 0 1 5.18200000000003 5.78199999999999 8.73249316406251 2 2 2
40 1 0 0 9 6 9 1 0 0 1 66.9892812499973 72.0771406250013 77.4491953124963 1 1 1
35 1 0 0 9 8 9 1 0 0 0 8.87912109375 0.200000000000001 0.499999999999999 2 2 1
73 0 1 0 4 4 7 0 0 0 0 12.319869140625 11.018638671875 12.0746816406249 3 3 2
73 0 0 1 4 5 6 1 0 0 0 5.09215624999997 5.221201171875 5.44198974609377 3 3 2
72 0 1 0 11 7 11 1 0 0 1 13.9183818359375 14.1967773437499 14.9846953125001 3 3 3
59 0 1 0 5 8 3 0 1 0 1 38.0512695312511 40.7486132812499 43.7298124999996 2 2 2
70 1 0 0 5 4 7 1 0 0 1 15.2394296875 16.4554179687501 13.4051806640625 2 2 3
73 0 1 0 2 3 2 1 0 0 0 2.60533203124999 2.67477709960938 2.76436352539063 2 2 2
60 0 1 0 4 1 2 1 0 0 0 19.8687382812499 10.2442724609374 12.1367724609375 2 2 1
39 0 0 0 6 2 3 1 0 0 1 15.9030576171874 19.9940000000001 25.6134140624999 2 2 2
76 0 0 1 4 2 4 0 1 0 0 13.6042822265625 11.07687890625 14.160453125 2 1 1
75 0 1 0 1 1 2 0 0 1 0 14.8389843749999 14.9403828125001 15.611150390625 3 3 3
79 0 0 1 2 3 3 0 0 0 0 9.27031835937497 11.4509462890625 12.2055634765625 3 3 3
53 1 0 0 4 4 6 0 0 1 0 0.735442199707029 10.608599609375 5.07720019531251 2 2 2
57 0 1 0 8 6 2 1 0 0 1 56.8334882812507 70.7311796875033 56.5266914062526 2 2 2
41 0 1 0 12 12 12 1 0 0 0 30.9927167968753 5.55980371093753 28.2172890624987 2 3 3
41 1 0 0 12 12 12 1 0 0 1 123.875750000003 120.4050859375 136.011562500002 2 3 2
48 0 1 0 12 12 5 1 0 0 1 76.5245000000009 81.0599921875025 90.6719375000023 3 3 2
47 0 1 0 6 8 11 1 0 0 0 4.11294531249999 3.62427612304688 3.49956567382811 3 2 2
77 0 0 1 4 2 5 0 0 0 0 8.630984375 8.93791406249998 5.88323193359374 3 2 3
38 0 0 0 3 4 3 0 0 1 1 10.6625712890625 24.7833730468751 16.6626308593751 2 2 2
39 0 0 0 7 7 11 0 0 1 1 27.2429570312508 26.3324570312488 28.4072890625008 3 3 2
46 0 0 0 12 3 8 0 0 0 1 23.0536328125003 34.1977656250004 33.9924726562489 2 2 2
49 1 0 0 8 9 5 1 0 0 1 26.4991425781248 26.0318085937512 24.7092382812495 3 3 2
44 1 0 0 11 12 6 1 0 0 0 28.2859960937505 28.2171835937493 28.8215390625012 3 3 2
44 1 0 0 9 10 10 1 0 0 1 14.0081845703124 26.5298984374996 9.89953808593748 2 3 2
42 1 0 0 5 5 4 0 0 1 1 15.6 21.646154296875 0.986666625976567 2 2 2
47 0 1 0 6 7 3 1 0 0 0 14.661265625 13.298435546875 14.0044296874999 3 2 2
47 1 0 0 6 5 3 1 0 0 1 54.5284062500002 59.4428398437507 62.7254062500008 2 2 2
34 0 1 0 10 10 3 1 0 0 1 13.4970625000001 19.0521972656251 15.6592802734374 2 2 2
47 0 1 0 7 7 6 1 0 0 0 20.67342578125 7.33674511718751 17.85532421875 3 2 3
65 1 0 0 6 2 6 1 0 0 0 45.3814414062515 19.122873046875 18.1582246093751 3 3 2
51 1 0 0 5 8 9 0 0 1 1 14.9 13.3000000000001 17.4 1 2 2
52 0 0 0 12 12 6 0 1 0 1 52.2474999999997 54.7499999999974 127.991156249996 2 3 3
50 0 0 0 6 6 4 0 1 0 0 27.5004218750005 1.93159692382812 13.34943359375 2 2 2
40 1 0 0 9 8 9 1 0 0 0 4.48254101562499 4.23628613281251 3.73036694335936 3 3 3
48 0 1 0 3 3 6 0 0 1 0 17.071978515625 24.3021171874997 28.1901210937496 3 2 2
47 1 0 0 2 12 9 1 0 0 1 59.6698359374993 61.5132734375015 64.3370664062523 3 1 1
42 1 0 0 5 5 7 1 0 0 0 5.05000000000003 11.567220703125 22.3187753906244 2 2 2
27 0 1 0 7 6 9 1 0 0 1 25.9961562500011 28.6545664062498 30.5769179687492 2 3 3
21 0 1 0 9 7 7 1 0 0 1 10.6479169921875 12.2484287109375 17.480021484375 2 2 2
45 0 1 0 8 6 6 1 0 0 1 24.7469980468743 26.5183828124991 22.6133671875002 3 2 2
66 0 0 0 4 1 3 0 1 0 0 7.800599609375 7.52161669921878 7.68890478515625 1 2 2
33 0 0 0 4 8 9 1 0 0 0 11.98510546875 5.95586816406247 12.4919521484375 2 2 2
57 0 1 0 1 3 1 1 0 0 1 4.62443994140627 3.84503979492188 4.41660009765626 3 2 2
56 0 0 0 6 1 3 1 0 0 0 5.74158007812501 5.89745996093749 6.15726025390623 3 3 3
25 0 0 0 4 6 8 1 0 0 0 22.2266367187491 24.5588925781238 26.960740234376 2 2 2
23 0 0 0 2 6 9 1 0 0 0 13.234642578125 14.4411083984375 16.8129335937499 2 2 3
44 1 0 0 2 3 2 1 0 0 1 16.2894589843749 16.497298828125 23.563599609374 3 3 3
41 1 0 0 5 3 4 1 0 0 0 25.1499980468741 26.7744941406245 28.161662109376 3 2 2
33 0 1 0 9 12 9 1 0 0 1 32.4969999999999 36.5997695312482 43.533257812501 3 2 2
67 0 1 0 9 5 12 1 0 0 1 11.9043515625 15.93826171875 8.46097460937496 3 2 2
40 1 0 0 7 6 8 1 0 0 0 27.7352890625009 23.9285957031253 36.6984570312497 3 3 3
38 0 1 0 8 8 10 1 0 0 1 34.0876445312503 35.4747109374985 37.135218749999 2 3 2
19 0 0 0 5 6 4 0 0 1 0 13.36027734375 12.04223046875 9.12566601562504 2 3 2
35 1 0 0 7 12 3 0 0 1 0 27.5011562499994 28.8221718750014 31.3106249999998 3 3 3
37 0 1 0 10 6 8 0 0 1 0 32.0496210937488 36.3978007812515 41.4388359374987 2 3 2
30 0 0 0 6 4 5 0 0 1 1 11.168591796875 12.369515625 7.94988037109378 2 2 2
59 0 0 0 3 3 4 1 0 0 1 20.3069296875 18.0069296875 23.2972460937497 2 2 2
57 0 1 0 1 3 9 1 0 0 0 21.1597949218751 21.016166015625 20.8573906249999 3 3 3
27 1 0 0 12 11 10 0 0 1 1 1.97142858886719 20.5601816406249 21.30769140625 2 2 2
25 1 0 0 4 3 7 0 0 1 0 12.715572265625 10.9037236328125 13.2461894531251 2 2 2
64 0 0 0 8 8 9 1 0 0 1 7.49999999999999 7.13650976562502 12.3716220703125 3 3 3
73 0 0 1 2 2 1 1 0 0 0 2.00212658691406 5.62756298828124 2.51721166992187 3 3 3
41 0 1 0 4 5 5 0 1 0 0 12.5453388671875 18.9884570312499 19.2203515625 2 2 1
42 0 1 0 10 6 9 1 0 0 0 37.8891132812489 37.7137656249984 40.7059648437481 3 2 2
69 0 1 0 3 5 2 0 0 0 1 14.2583408203125 15.85112109375 14.5071210937499 3 3 3
42 1 0 0 5 9 4 0 0 1 0 17.3201992187499 16.2332919921874 15.1631640625 2 2 2
47 0 0 0 12 3 12 1 0 0 0 1.95 29.3500019531239 40.300000000001 2 2 2
22 0 0 0 6 5 8 0 0 1 0 12.4595625 14.94760546875 20.9828105468749 2 2 2
38 1 0 0 11 5 7 1 0 0 1 37.7364999999993 44.0599999999985 42.554050781252 3 3 3
37 0 1 0 4 4 6 1 0 0 0 22.8836035156256 22.0489609375001 22.8295624999999 3 3 3
36 1 0 0 3 2 8 1 0 0 0 17.0894765625 16.4445859375 17.2381796874999 3 2 2
71 0 0 1 5 9 5 1 0 0 1 22.1270507812504 22.1534687500009 20.11280859375 3 3 3
70 0 0 1 3 2 3 1 0 0 0 7.04965332031247 10.5275625 5.75759570312502 3 2 3
35 1 0 0 2 2 3 1 0 0 1 36.0534453125005 34.2920429687483 39.0845703125019 2 2 2
48 0 0 0 12 8 8 1 0 0 1 33.2124726562507 35.0138554687501 36.0277148437514 3 3 3
39 0 1 0 2 5 5 1 0 0 0 11.234677734375 13.3640029296874 14.6035166015625 3 3 3
37 1 0 0 7 8 9 1 0 0 1 51.6062265624985 52.855828124998 54.2044804687485 2 2 2
36 1 0 0 9 6 8 1 0 0 1 83.6000000000006 57.2431367187519 50.0000000000008 2 3 3
38 1 0 0 5 9 5 0 0 1 1 79.9999999999985 105.999999999999 129.999999999997 3 2 2
44 0 0 0 6 5 5 1 0 0 0 21.016166015625 22.6153593749993 23.6280996093762 2 2 2
28 0 1 0 4 9 5 1 0 0 0 7.03576318359373 6.21604833984371 6.53944287109373 3 3 2
69 0 1 0 12 3 5 0 0 1 1 17.469658203125 19.9001757812499 19.3622500000001 2 2 2
60 0 1 0 6 9 6 0 0 1 1 18.7 19.0000000000001 16.9200000000001 3 3 3
40 0 0 0 3 1 2 0 0 1 0 16.2564345703126 15.7253271484375 16.8783691406249 2 3 3
58 1 0 0 6 5 4 1 0 0 0 4.985 6.45200000000001 9.95799609375004 3 3 3
53 1 0 0 3 4 6 0 0 1 1 45.0196250000019 48.4200742187486 55.6757499999997 2 2 2
60 1 0 0 12 12 12 1 0 0 1 10.1432001953125 25.4771484375 41.0725156250009 2 3 2
55 1 0 0 6 5 6 1 0 0 0 16.4 13.06 32.0000000000011 2 2 2
25 0 1 0 12 12 12 0 0 1 1 2.40000000000001 20.33586328125 25.7500000000004 3 3 3
27 1 0 0 9 9 5 0 0 1 0 3.72639013671875 31.4257070312495 51.5475468749997 2 2 2
64 0 1 0 3 3 2 0 0 0 1 15.4 18.139119140625 21.185251953125 2 2 2
70 1 0 0 6 5 3 0 0 0 0 36.3344843749985 38.1676015625016 40.1473281250001 2 2 2
29 0 0 0 1 1 3 0 0 1 0 11.7090068359374 12.00923828125 10.0191767578126 3 3 3
39 0 0 0 7 7 4 1 0 0 1 29.2499999999999 29.6463046875005 22.4963046875006 3 3 3
44 0 0 1 6 7 4 0 1 0 0 11.9635107421875 11.7235781250001 10.079328125 2 2 2
45 1 0 0 4 6 3 0 1 0 1 34.4934999999984 34.9570898437513 36.3838593749997 2 2 2
27 1 0 0 9 11 10 1 0 0 1 19.05781640625 21.7005917968749 24.8804492187496 2 2 2
26 0 0 0 9 8 10 0 0 1 0 10.1249931640625 21.408828125 25.2316250000005 2 2 2
21 0 0 0 8 4 6 0 0 1 1 5.59999999999999 8.77141308593753 15.0000000000001 2 2 1
72 1 0 0 12 9 8 0 1 0 0 19.0683515625 19.0363515624999 18.33264453125 3 3 3
57 1 0 0 6 7 6 1 0 0 1 50.0161562499979 39.7782343750018 43.6560273437491 3 2 2
50 1 0 0 6 6 8 1 0 0 0 4.37673193359374 22.4999999999997 37.6482695312514 2 2 2
26 1 0 0 12 12 7 0 0 1 1 53.4184765624996 56.9713632812514 60.4983867187495 2 2 2
23 1 0 0 4 7 3 0 0 1 1 8.68910546875004 12.9644404296875 24.8248261718755 3 3 3
50 0 0 0 6 6 6 1 0 0 1 67.1773671875025 72.5339531250013 48.8452500000008 2 2 3
47 0 1 0 6 3 3 1 0 0 0 10.957275390625 16.5258671875 21.046419921875 3 3 3
22 0 0 0 4 8 10 0 0 1 0 13.284 12.3963642578125 17.4447734375 2 2 3
20 0 0 0 3 10 8 0 0 1 1 6.57287500000002 0.0799999999999999 1.60029699707031 3 2 3
51 1 0 0 12 12 12 0 0 1 1 56.3866054687498 53.5166289062485 54.0551953125021 3 2 2
37 1 0 0 3 2 4 1 0 0 0 14.228021484375 5.75000000000002 18.8361777343749 1 2 1
33 1 0 0 6 10 6 1 0 0 1 18.08712109375 18.6143183593751 21.61662890625 2 2 2
31 1 0 0 8 8 6 1 0 0 0 32.9173203124988 34.7127031250003 37.5769062500018 2 3 3
47 1 0 0 2 3 5 1 0 0 0 8.81453125000001 10.3872001953125 18.73266796875 1 1 2
60 0 1 0 1 3 2 0 0 0 0 22.6314062499992 29.7279453124998 21.3460117187499 2 3 2
34 1 0 0 6 7 6 1 0 0 0 4.17289208984376 15.472171875 13.56996875 2 2 2
58 0 1 0 8 7 8 1 0 0 0 1.44479956054688 0.823253540039058 3.00905468750001 2 2 2
65 0 1 0 6 6 4 0 0 1 0 13.6757216796875 12.293685546875 15.3280400390625 3 2 2
76 0 0 1 9 6 1 0 0 0 1 8.49301367187502 9.90955078124997 9.42464550781247 3 3 2
41 0 1 0 3 5 6 1 0 0 1 27.9173222656237 29.9993925781257 35.0030859375002 3 3 2
56 1 0 0 12 3 4 1 0 0 1 45.7052421875006 27.7025410156238 29.6809062499997 3 3 3
68 0 1 0 1 3 6 1 0 0 0 27.949552734376 6.40074658203123 13.0799189453125 3 3 3
34 0 0 0 7 6 6 0 1 0 0 20.222109375 15.547408203125 20.0162714843751 2 2 2
32 0 0 0 9 7 7 0 0 1 0 15.9053701171875 16.38660546875 12.615384765625 2 2 2
63 0 0 0 2 1 1 1 0 0 1 13.2898388671876 31.404988281249 32.5294296875008 2 2 2
35 1 0 0 2 5 2 1 0 0 1 83.9216484375004 97.5459609375047 101.677835937498 3 2 3
38 1 0 0 5 4 3 1 0 0 1 44.7910000000017 47.4909999999993 47.1757968750011 2 2 2
35 0 1 0 3 12 8 1 0 0 1 26.0499999999997 27.5166953125011 23.5183632812511 2 2 2
37 0 1 0 9 6 9 1 0 0 1 47.0461445312512 48.2891249999997 49.3078554687497 2 2 2
58 0 1 0 3 3 3 1 0 0 1 17.134462890625 25.0770000000009 21.696 3 3 3
58 0 0 0 3 3 3 1 0 0 0 24.5072421875002 21.107912109375 21.3601074218749 2 3 3
30 0 1 0 7 9 10 0 0 1 1 22.3431875000011 23.776212890625 25.1512695312496 2 3 3
35 0 1 0 7 7 7 1 0 0 0 40.5150117187497 25.8675820312494 35.5994609374993 2 3 2
43 0 1 0 4 5 4 1 0 0 0 62.7755156250018 53.8948828124978 54.4334882812516 2 3 3
54 1 0 0 5 5 3 1 0 0 1 18.9537734375 16.6307734375001 19.0946191406249 3 2 3
55 0 1 0 3 5 3 1 0 0 0 16.4254999999999 16.71751953125 17.7145 3 2 2
65 0 0 0 4 1 5 1 0 0 0 1.99410717773438 3.91040869140625 3.23959692382812 3 3 3
65 0 0 1 2 6 2 1 0 0 1 12.9696455078125 14.1594296875 12.753029296875 3 3 3
59 0 0 0 4 4 3 1 0 0 1 16.7000000000001 18.55 21.46 2 2 2
59 0 1 0 3 8 10 1 0 0 0 2.05049999999999 4.44034277343749 1.8250301513672 3 3 3
34 0 1 0 12 6 9 0 0 1 1 34.517667968749 35.9251679687495 35.2512109374983 2 2 2
65 0 1 0 3 6 2 0 0 0 0 8.17006738281253 19.5913046874999 22.1147871093755 3 3 3
64 0 0 1 3 3 7 0 0 0 1 24.176443359376 10.5343359375 20.609736328125 2 2 2
32 0 1 0 1 2 4 1 0 0 0 8.33645703124999 9.60647070312501 6.15969335937498 2 2 2
30 0 1 0 8 4 5 1 0 0 1 25.3999999999993 26.4499999999988 31.4999999999992 2 2 2
77 1 0 0 3 1 8 1 0 0 1 5.45581787109373 4.78569531250001 5.39535253906249 3 3 2
71 1 0 0 4 2 2 0 0 0 0 15.881662109375 15.996322265625 16.9498789062501 3 3 3
31 1 0 0 4 3 3 1 0 0 0 21.0122460937499 23.1309023437495 26.2875429687505 3 3 3
50 1 0 0 5 4 4 1 0 0 1 39.1943203124984 45.7029101562513 48.4504374999999 2 2 2
52 0 0 0 1 2 3 1 0 0 0 11.9640498046875 12.8944599609376 9.40222949218752 3 3 3
30 0 1 0 9 4 7 0 0 1 1 27.9720000000012 28.066152343751 33.1235585937496 2 2 2
28 0 1 0 9 9 12 1 0 0 1 23.8090078125008 27.7690078124998 32.6127031249999 3 3 3
24 0 0 0 3 3 3 1 0 0 0 7.51499951171872 5.71689160156247 10.269783203125 3 3 2
31 1 0 0 12 12 10 1 0 0 0 32.4348730468737 35.0605078124993 33.929542968751 3 3 3
67 0 1 0 2 2 9 1 0 0 0 10.4708095703125 7.00960449218748 3.1167470703125 3 3 3
41 0 1 0 4 2 6 1 0 0 1 29.9511523437489 30.7998886718744 31.8129335937497 3 2 2
55 0 0 0 4 7 4 1 0 0 1 18.186 12.2714287109375 0.699999999999997 3 2 3
40 0 0 0 8 4 6 0 1 0 0 9.18362109374998 13.360771484375 12.1473437500001 3 3 2
22 0 0 1 9 12 12 0 0 1 1 12.57328515625 13.29291015625 18.1118515625 3 2 2
40 1 0 0 7 7 8 1 0 0 0 23.0756269531254 27.1546601562494 28.8785937500003 3 3 2
50 0 1 0 6 1 5 0 0 1 0 16.2870625 16.9055390624999 17.8277148437501 2 2 2
48 0 1 0 8 6 10 0 0 1 1 24.5527714843755 25.823619140626 26.2209667968761 2 2 2
64 0 1 0 3 4 2 1 0 0 1 19.5820000000001 20.594388671875 21.956626953125 3 3 3
33 0 1 0 3 8 5 1 0 0 1 25.0747265624991 31.3445488281264 27.7561621093736 2 2 2
35 0 0 0 3 4 4 1 0 0 0 11.31016015625 10.9911943359375 6.35885400390623 2 2 3
55 0 0 0 6 1 5 1 0 0 1 23.616628906249 19.21478125 21.61662890625 2 2 2
25 0 0 0 6 12 12 0 0 1 1 21.081703125 23.1537031249996 16.0005791015625 3 3 2
22 0 1 0 4 6 3 0 0 1 0 6.96055468749996 13.66628125 12.1001435546876 2 3 3
69 0 0 0 6 2 2 1 0 0 1 8.02428125000004 22.3461503906261 22.7082929687495 2 2 2
67 0 1 0 4 9 3 1 0 0 0 11.6099746093751 10.2666064453125 13.2839453125 3 2 2
27 1 0 0 5 3 4 1 0 0 1 28.7219414062502 24.5390878906261 33.4906562500008 3 3 3
55 1 0 0 3 2 3 0 0 1 1 32.1122402343761 32.0681289062485 34.2161679687496 2 2 3
39 1 0 0 9 6 9 1 0 0 1 44.5127031249987 23.0919160156242 85.9999999999961 2 2 2
37 1 0 0 3 4 4 1 0 0 0 13.2323642578125 14.7354667968751 15.1397626953125 2 2 2
45 0 0 0 1 3 2 0 1 0 0 21.3421562499999 21.412470703125 24.6189394531252 3 2 3
20 0 0 0 5 2 3 0 0 1 0 15.96027734375 15.7599169921875 12.5719248046875 3 3 3
41 0 1 0 3 6 5 1 0 0 1 24.9036640625011 27.5839238281244 30.4259589843748 2 2 2
39 0 0 0 5 4 4 1 0 0 0 1.38452087402344 8.35232031250001 8.02596826171879 2 3 3
54 0 1 0 10 12 9 1 0 0 1 10.42954296875 19.47190625 7.59915087890623 3 3 3
62 0 0 0 2 2 1 1 0 0 1 19.3862343750001 21.2353125000001 21.894671875 2 2 2
29 0 1 0 7 7 5 0 0 1 1 8.85958496093753 9.43809667968746 12.013357421875 2 2 1
26 1 0 0 7 4 6 0 0 1 0 23.5000000000012 24.4101308593753 32.2001308593754 2 1 2
56 0 1 0 9 6 9 1 0 0 1 21.3073906250001 21.2066855468751 23.177830078124 2 2 2
54 0 1 0 9 6 3 1 0 0 0 14.2346191406251 13.210162109375 16.8129335937499 2 2 2
29 1 0 0 9 8 4 1 0 0 0 33.1166484375014 14.4081953125 45.4753203124977 3 2 3
56 0 0 0 6 3 3 1 0 0 1 14.7495 14.41887109375 14.55537109375 3 3 3
53 0 1 0 2 1 5 1 0 0 0 10.7610507812499 9.78512792968746 11.29575390625 3 3 3
28 1 0 0 12 7 9 0 0 1 1 29.4101621093744 38.6972304687519 41.7196328125018 3 3 3
63 0 0 0 2 4 5 1 0 0 1 15.0170175781249 13.485 15.6287265625 2 2 2
57 0 0 0 5 1 5 1 0 0 0 1.9094688720703 1.48914550781251 1.45311779785156 2 2 3
67 0 0 0 7 5 8 1 0 0 1 19.6240742187499 20.2408476562499 19.2687031249999 3 3 2
30 0 0 0 7 9 8 1 0 0 0 1.34045678710938 4.81441308593751 2.77581518554689 2 2 2
61 0 1 0 12 12 4 0 0 1 1 2 12.9999999999999 20.0000000000001 3 3 3
73 0 0 1 8 8 5 1 0 0 1 8.97255078125004 9.74127539062498 7.40018896484371 3 2 2
46 0 0 0 6 12 12 1 0 0 1 20.6387675781249 18.3500000000001 18.501095703125 2 1 3
59 0 1 0 2 1 1 1 0 0 0 21 23.5000000000012 28.1108183593741 2 2 2
57 1 0 0 5 6 7 1 0 0 1 0.00120000004768372 0.00120000004768372 0.00120000004768372 3 2 2
28 1 0 0 6 5 3 0 0 1 1 14.0384619140625 23.841939453126 24.740423828126 3 3 3
25 1 0 0 7 7 6 0 0 1 0 16.55 18 20.6689941406251 2 2 2
47 0 1 0 5 5 7 0 1 0 0 25.3920937499994 26.3546601562502 26.7824492187512 2 3 2
89 0 0 0 2 3 6 1 0 0 1 17.3124335937501 16.65604296875 17.1042929687501 2 2 2
49 0 0 1 2 1 2 1 0 0 1 22.0690019531251 23.0500000000001 20.934369140625 3 3 3
45 1 0 0 2 1 3 1 0 0 1 30.3999999999996 21.4999999999999 19.1999999999999 2 2 2
40 0 1 0 2 1 9 1 0 0 0 7.55750585937499 15.46690234375 16.931158203125 2 3 2
57 0 0 0 1 2 2 1 0 0 0 3.00119995117187 0.00120000004768372 0.151199996948242 3 2 2
57 0 0 0 2 1 4 1 0 0 0 13.546419921875 14.18291015625 14.46067578125 2 2 2
26 0 1 0 6 7 7 1 0 0 0 16.425923828125 16.6997753906249 16.8 2 2 2
75 0 0 1 7 6 4 1 0 0 0 5.38715087890623 3.25811889648437 2.9290546875 3 3 3
73 0 1 0 2 2 1 1 0 0 1 9.32510644531248 9.79062402343753 5.51623779296875 3 3 3
71 0 0 0 5 5 8 1 0 0 1 17.29959375 9.01311816406251 5.3233017578125 3 3 3
59 0 0 1 12 9 10 1 0 0 1 20.335712890625 12.3458115234375 21.091177734375 3 3 3
56 0 0 1 5 2 4 1 0 0 0 7.47575048828121 8.607849609375 8.10623535156251 3 2 2
62 0 0 0 5 3 4 1 0 0 0 6.57749609375002 5.05281738281251 4.92484570312502 3 3 3
65 0 0 0 9 9 3 1 0 0 1 24.7404003906256 11.298580078125 8.20673242187496 3 3 3
30 0 1 0 4 9 10 1 0 0 0 0.995251770019535 3.21968212890625 2.92556396484376 3 3 3
28 1 0 0 4 9 8 1 0 0 1 16.787572265625 21.5623730468749 24.1385683593744 3 2 3
34 1 0 0 5 7 6 1 0 0 1 25.6897226562511 27.4671132812489 29.4306230468754 2 2 2
29 1 0 0 10 9 6 0 0 1 0 28.8519648437508 30.607390624999 27.3741757812488 2 3 2
35 0 0 0 3 1 4 1 0 0 0 6.16413964843749 12.6570791015625 13.4840820312501 2 2 2
53 1 0 0 2 3 6 1 0 0 1 28.126923828124 42.4307656250006 41.8493867187483 2 2 3
51 0 0 0 7 6 1 1 0 0 0 4.07106689453124 2.14329223632813 0.580050109863281 3 3 3
51 1 0 0 9 8 6 0 1 0 0 27.22894140625 31.2289414062489 30.774521484376 3 3 3
19 0 0 0 3 1 3 0 0 1 0 0.972857055664062 1.00351922607422 0.385369995117186 2 2 2
72 0 0 1 12 4 6 1 0 0 1 6.16513232421874 7.05288916015624 6.30187109375002 1 1 3
48 0 1 0 8 7 8 1 0 0 1 50.7069960937489 52.7958749999981 53.3592265625008 2 2 2
43 0 0 0 6 6 4 0 1 0 0 31.3300546875015 38.5237070312502 25.9075722656245 3 2 3
45 0 0 0 4 6 9 0 1 0 0 23.204451171874 19.6158964843749 23.4695312499988 3 2 3
19 0 0 0 11 10 12 0 0 1 0 3.18469165039063 0.06 2 3 3 2
38 1 0 0 4 3 4 1 0 0 1 47.1691132812496 48.4107851562512 46.8941210937503 2 3 3
37 0 1 0 3 3 2 1 0 0 0 2.74742065429688 5.28529980468748 5.462068359375 3 3 3
71 0 0 0 2 2 2 1 0 0 0 3.6818049316406 3.39807031250002 3.859595703125 3 3 3
42 0 0 0 4 5 3 0 0 1 1 22.5243085937502 22.3125761718747 21.9049785156249 3 3 3
41 1 0 0 5 4 6 1 0 0 0 6.26443164062496 4.05312890624999 2.86727148437499 2 2 2
68 0 0 0 3 6 3 1 0 0 1 7.34113085937499 7.44535449218748 6.51018017578123 2 2 3
67 0 0 1 3 5 2 1 0 0 0 2.15613647460938 2.40601953124999 2.10767626953126 3 3 3
58 0 0 0 1 1 4 0 0 1 0 6.58873242187501 6.36952490234377 10.4670390625 3 3 2
66 0 1 0 6 6 5 1 0 0 1 20.70816796875 30.4401699218745 22.778957031251 3 3 3
65 0 0 0 6 5 5 1 0 0 0 2.59336425781249 2.39611889648437 7.52120117187504 3 3 3
47 0 1 0 5 5 6 1 0 0 1 38.6757500000012 50.391222656249 39.3062343750017 3 3 3
34 0 0 0 5 7 8 1 0 0 0 4.5245712890625 1.95522619628906 2.25335546874999 2 2 3
43 1 0 0 2 1 2 1 0 0 0 2.38452099609375 2.45522607421876 2.01496667480468 2 2 3
34 1 0 0 3 3 4 1 0 0 0 14.83005859375 16.0051953125 7.2533642578125 3 3 2
38 0 1 0 3 1 5 1 0 0 0 8.86279785156252 6.76525683593749 10.3388984375 3 3 3
38 1 0 0 6 10 9 1 0 0 1 110.524585937504 119.288687500006 108.750921875001 2 2 2
39 1 0 0 9 10 2 1 0 0 0 2.30268798828124 21.0694687500001 46.3071289062509 2 2 2
43 1 0 0 5 5 4 0 0 1 1 27.6212460937502 37.511589843749 44.9069765625019 3 3 3
27 0 0 0 9 9 9 0 0 1 1 22.2521933593742 21.7321933593751 15.6060039062501 2 2 2
54 0 1 0 2 3 4 1 0 0 0 20.47334375 21.4999999999999 23.0569999999997 2 2 2
83 0 0 0 3 3 3 1 0 0 1 11.96911328125 12.413142578125 13.0879189453125 3 2 2
32 0 1 0 5 1 6 1 0 0 1 17.1552207031251 12.1796191406249 12.897865234375 2 2 2
31 0 0 0 1 1 3 1 0 0 1 15.6 10.1958427734375 12.5016171875 3 2 3
57 1 0 0 7 8 9 1 0 0 0 19.0000000000001 20.0000000000001 21 3 3 3
27 1 0 0 7 4 10 1 0 0 0 45.3149179687504 27.281560546874 43.7420546874987 3 3 3
53 0 0 0 3 5 3 0 1 0 0 13.039755859375 14.56 15.55 2 2 2
47 0 1 0 6 4 1 1 0 0 1 8.84775976562503 9.27219433593749 12.30923828125 2 2 2
46 1 0 0 2 10 10 0 0 1 1 12.224859375 23.2588964843746 25.5360078124995 2 2 2
67 0 0 0 3 9 1 0 1 0 0 4.20960009765624 4.19773681640625 4.45369628906251 2 2 3
56 0 0 1 1 9 3 0 0 1 1 8.15451757812496 7.43244873046872 5.25381347656248 3 3 2
66 0 0 0 1 3 9 1 0 0 0 3.3661462402344 3.53995532226564 3.54039355468751 3 2 2
22 0 1 0 6 6 6 0 0 1 0 13.7224736328125 16.1321328125 16.598236328125 3 3 2
54 0 0 1 1 1 4 0 0 1 0 42.8549648437488 42.6692421875019 43.6560859374983 2 2 2
42 1 0 0 8 12 9 0 0 1 1 40.8053710937484 39.7053046874997 43.132921875002 2 2 2
86 0 1 0 1 1 1 0 0 1 0 14.6802275390625 17.213234375 15.257794921875 2 2 2
78 0 1 0 1 1 1 0 0 0 0 12.6354267578125 11.92620703125 10.2720439453125 2 2 2
39 0 1 0 4 1 4 0 1 0 0 29.5776914062487 26.9380800781254 32.7218437499984 2 2 2
42 0 0 0 4 9 8 1 0 0 0 29.1155976562486 40.4324804687487 43.5854687500003 2 2 3
45 0 0 0 11 2 9 1 0 0 0 15.3845234375 18.6319296874999 24.3637675781243 3 3 3
61 0 0 1 8 6 4 1 0 0 1 19.849 16.7606914062499 5.97866650390625 3 3 1
62 0 0 0 1 9 3 1 0 0 0 0.238502441406251 0.175595962524415 0.175595962524415 2 3 3
36 0 0 0 4 8 4 0 0 1 0 17.652 18.0940000000001 12.5807138671875 2 2 2
37 0 0 0 5 8 7 1 0 0 0 15.5829931640625 18.39608203125 18.33701953125 3 3 3
45 0 0 0 3 4 8 1 0 0 1 15.588 11.74 12.45 3 3 3
19 0 0 0 2 2 1 1 0 0 0 6.09416113281246 7.74029199218746 10.516537109375 2 2 2
41 0 1 0 12 6 6 1 0 0 1 24.8212617187493 26.4987382812494 29.2431542968743 2 3 3
41 0 1 0 9 4 8 1 0 0 0 20.4957167968749 23.103642578126 0.533604919433594 2 2 3
60 0 0 0 3 7 4 1 0 0 0 46.5714179687487 16.20253515625 16.4553007812501 3 3 3
48 0 0 0 4 9 5 1 0 0 1 25.7992421874998 26.0152421874992 26.2136249999989 3 3 3
61 0 0 0 9 5 6 1 0 0 1 32.3035195312496 33.0816796874985 35.5206718750005 3 3 2
59 0 0 0 2 1 5 1 0 0 0 8.38935449218748 4.55284814453125 0.411822601318359 2 2 2
37 0 1 0 6 5 3 1 0 0 1 25.786910156251 34.2659804687516 33.5920351562491 2 1 2
35 0 1 0 9 7 8 0 0 1 1 19.2267890625 20.5237890625 21.7367207031249 2 2 2
31 0 0 0 8 6 6 1 0 0 0 14.95 15.22 8.00892236328125 3 2 2
65 0 0 1 9 6 12 1 0 0 1 0.415560821533203 6.15654638671872 5.39349414062498 3 2 3
63 0 0 1 5 8 6 1 0 0 0 0.06 3.7117170410156 4.42928222656252 3 3 3
45 0 1 0 9 9 6 1 0 0 1 26.822441406251 25.6256347656258 30.6293300781255 2 2 2
46 0 0 0 3 6 6 1 0 0 1 18.5000000000001 21 21 3 3 3
56 0 0 0 12 12 9 1 0 0 1 18.00198828125 16.7171484375 10.8080000000001 3 3 3
44 0 0 0 9 8 6 1 0 0 0 57.0838828124976 62.889109375003 68.7099609375019 2 3 3
44 0 1 0 6 5 3 1 0 0 1 35.855050781251 36.6663789062506 36.4201249999989 2 2 2
43 0 0 0 4 9 9 1 0 0 0 12.59232421875 7.02219824218752 6.36453320312501 1 2 2
18 0 0 0 12 12 12 0 0 1 1 12.396373046875 18.8002988281251 20.9039257812499 2 2 2
72 0 0 0 2 1 1 1 0 0 1 7.23633154296877 8.38619042968747 9.59095703124998 3 3 2
53 0 0 0 2 4 6 1 0 0 1 22.6087988281243 22.4606152343761 22.6138417968743 2 2 2
58 0 0 0 3 4 3 1 0 0 0 10.50146875 10.516732421875 12.9186806640626 3 3 3
25 1 0 0 2 2 1 0 0 1 0 6.90383349609376 5.26397216796877 8.17618945312498 3 3 2
40 0 0 0 5 6 5 1 0 0 0 12.1552705078125 19.009123046875 20.06575 3 2 2
40 0 1 0 5 3 2 1 0 0 1 62.6554999999984 25.2296660156248 39.8032695312514 1 3 3
75 0 0 1 6 9 5 0 0 0 0 10.611921875 9.93556445312503 10.1709423828125 3 3 2
48 0 0 1 12 4 4 1 0 0 1 17.7973691406251 21.5193691406251 16.41758203125 3 3 3
43 0 1 0 1 3 3 1 0 0 0 14.5400517578126 19.233103515625 18.6262441406251 3 3 3
45 0 0 1 2 1 2 0 1 0 0 6.04064697265625 6.22101269531248 6.22101269531248 2 3 3
22 0 0 0 1 1 1 0 0 1 0 6.02431201171878 8.58333984375 8.67682324218747 3 3 2
40 1 0 0 2 1 2 1 0 0 0 21.4751699218751 13.615064453125 17.4535566406249 2 2 3
35 0 0 0 4 3 5 1 0 0 0 40.0277890625006 40.1275156249986 40.6275156249997 3 2 2
36 0 0 0 7 9 12 1 0 0 1 15.5 16.25473046875 16.5 3 3 2
36 0 1 0 6 4 5 1 0 0 0 24.9099277343758 29.7428574218751 20.8408125 3 3 3
41 0 0 0 3 5 6 0 0 1 0 36.2018476562517 35.604851562501 32.2239199218744 2 2 2
38 0 1 0 6 4 9 1 0 0 0 12.6544599609374 14.8392763671875 14.9174912109376 3 3 3
63 0 0 0 6 6 4 1 0 0 1 5.13934765624997 5.88429589843751 7.16383789062498 3 3 3
50 0 0 1 12 9 5 1 0 0 0 23.7777734374998 25.2651953124992 32.521031250001 3 3 3
54 0 1 0 7 9 4 1 0 0 1 16.0287666015626 19.1306015624999 17.7701621093751 3 3 3
59 0 1 0 2 2 2 0 0 1 0 14.7023720703124 6.93219287109373 5.34678369140624 3 2 2
64 0 1 0 2 6 2 1 0 0 0 10.5509091796875 10.4243193359375 9.32164746093745 3 2 2
53 1 0 0 7 9 8 1 0 0 1 23.2078515625003 25.0092382812505 15.1123076171875 3 3 3
54 1 0 0 7 12 9 1 0 0 0 78.7265624999983 51.6456171875014 87.7374140624965 3 3 3
59 1 0 0 1 1 2 0 1 0 1 19.162650390625 19.0000000000001 19.2078515624999 2 2 2
51 0 0 0 12 12 10 0 0 1 1 18.1069277343749 17.69 18.79 3 3 3
51 0 0 0 12 5 10 1 0 0 1 24.2864843750007 15.0000000000001 15.7 3 3 3
61 0 1 0 7 7 5 1 0 0 1 21.316166015625 18.2069296874999 20.607390625 2 3 2
56 0 0 0 5 9 5 1 0 0 0 13.4815888671874 13.8515888671876 12.62 2 2 2
80 0 0 0 9 5 4 1 0 0 1 14.2693759765626 13.40787890625 15.1756123046875 3 3 3
66 0 0 1 3 1 5 1 0 0 0 4.53031640625002 2.6645224609375 2.80639379882813 3 3 3
40 0 1 0 5 7 5 0 0 1 1 20.150076171875 18.7634199218749 18.4564902343749 2 2 3
46 1 0 0 5 6 3 1 0 0 0 1.44606176757813 2.32317871093751 1.57928381347655 3 2 2
51 1 0 0 12 11 12 1 0 0 0 38.6964999999997 15.4215 45.000000000002 3 3 3
75 0 0 1 2 2 2 0 0 0 0 5.08072558593752 8.23802539062503 7.26925048828126 3 3 3
56 1 0 0 4 7 7 1 0 0 1 21.701353515625 24.0000000000004 23.7059999999989 2 2 3
56 1 0 0 6 5 4 1 0 0 0 28.810625000001 32.7892851562486 15.8757138671875 1 3 2
25 1 0 0 4 3 4 1 0 0 1 15.612009765625 13.8106240234375 15.7055429687499 2 2 2
62 0 0 0 2 3 3 0 1 0 1 12.003322265625 9.27845996093755 10.91611328125 2 2 2
33 0 1 0 8 4 5 1 0 0 1 12.5250283203125 12.0923769531249 13.528681640625 2 2 2
24 1 0 0 3 2 2 1 0 0 0 10.8294482421875 15.6502587890625 14.0521982421875 3 2 3
22 0 1 0 9 10 10 0 0 1 1 11.9674892578125 11.9221962890625 13.0900693359375 2 2 2
30 0 0 0 6 5 3 1 0 0 0 6.23945068359372 6.19113037109375 8.617732421875 2 2 2
28 0 1 0 9 9 8 1 0 0 1 31.3296757812509 31.8244804687502 33.2124726562507 2 3 2
27 0 1 0 3 3 3 1 0 0 1 24.6189374999989 27.0207851562494 28.8221718750014 2 2 2
74 0 1 0 6 9 7 1 0 0 1 18.54241015625 21.558568359375 20.61919140625 3 3 3
68 1 0 0 1 2 1 1 0 0 0 11.58621875 12.8209287109375 14.781548828125 3 3 3
61 0 0 0 3 3 3 0 1 0 1 14.1439999999999 13.754 14.612 2 3 3
27 0 1 0 5 4 4 0 0 1 0 15.6044892578125 16.1044980468751 17.154240234375 2 2 2
75 0 0 0 1 2 2 1 0 0 1 5.85237109375002 5.11919140624999 6.18142333984376 3 3 3
38 0 1 0 3 5 4 1 0 0 0 33.7587382812508 33.7399531250014 34.4723359375 2 2 2
76 0 0 1 10 8 9 1 0 0 1 7.58201269531249 10.581943359375 10.8635390625 3 3 3
73 0 0 1 2 2 2 1 0 0 0 6.5428125 6.73532763671872 9.81945312500004 3 3 3
35 1 0 0 1 3 6 1 0 0 1 38.8752890624997 40.8514140624999 40.3236328124999 2 2 2
55 0 1 0 5 7 5 0 1 0 0 31.011546875 31.8129335937497 29.604326171876 2 2 2
23 1 0 0 6 8 12 0 0 1 0 1.88521948242188 4.06184765625 14.03521484375 3 2 3
18 0 1 0 3 2 2 0 0 1 0 0.004 6.29050927734377 5.93554687499998 3 2 2
61 0 0 0 9 6 3 1 0 0 0 9.67367089843746 9.86483203124996 10.3785263671875 3 3 2
53 0 0 0 6 3 9 1 0 0 1 34.4469726562512 33.2416171874999 28.6098398437495 2 3 2
73 0 0 0 3 2 4 1 0 0 0 5.89081933593748 5.66121191406249 5.84479785156251 3 3 3
70 0 1 0 8 9 10 1 0 0 1 15.096501953125 15.4459287109376 15.9228876953125 3 3 2
54 0 0 0 7 5 5 0 1 0 1 23.9823339843756 24.3320000000001 22.1403144531256 2 2 3
54 0 0 0 12 10 12 1 0 0 1 17.6057734375001 17.6399999999999 17.386 2 2 3
52 0 0 0 9 6 9 1 0 0 0 34.3263281250008 23.8480351562489 22.2972324218757 2 2 2
26 0 0 0 5 1 3 1 0 0 0 0.974292358398438 0.540676025390628 0.823253540039058 3 2 2
23 0 0 0 7 6 7 1 0 0 0 14.7055429687499 1.72306848144531 8.30071289062496 3 3 3
20 0 1 0 5 12 12 0 0 1 1 12.4379912109375 14.7500000000001 15.30600390625 2 2 2
51 1 0 0 4 7 3 0 1 0 0 2.28000000000001 2.61999999999999 2.53000000000001 2 3 3
50 0 0 1 2 3 4 0 0 0 0 13.2777001953124 14.5717060546875 15.8795468750001 2 2 2
48 1 0 0 12 12 12 1 0 0 1 122.300000000005 71.3000000000009 58.0000000000025 3 2 2
47 1 0 0 3 3 3 1 0 0 0 1.28196362304688 0.643166748046876 1.28633349609374 2 2 2
16 0 0 0 6 12 4 0 0 1 1 1.77422180175782 9.21309765624996 12.6511875 2 2 2
55 0 1 0 2 1 1 1 0 0 1 30.0000000000002 38.0769218749987 53.0769218750012 3 3 3
71 0 1 0 1 4 3 1 0 0 0 2.97893237304687 3.2935869140625 3.35023388671874 3 3 3
77 1 0 0 1 3 1 1 0 0 1 9.52398632812501 9.19208593749997 9.17967871093747 2 2 2
39 1 0 0 3 4 3 0 0 1 1 21.916859375 23.6659980468758 26.8102031249997 2 2 2
52 1 0 0 3 5 3 0 1 0 0 34.5436328125003 34.880484374999 32.4436894531234 2 2 2
57 1 0 0 4 5 3 0 1 0 1 44.4822148437486 48.2617304687486 52.3510937499987 3 3 3
24 0 0 0 6 4 6 0 0 1 1 8.75288671874998 9.54376464843746 10.265705078125 3 3 3
21 0 0 0 3 3 3 0 0 1 1 0.750000000000003 0.0944102554321287 1.3 3 3 3
54 1 0 0 4 7 5 1 0 0 0 33.6361328124997 6.58283007812503 9.33670703124996 3 3 2
51 1 0 0 10 8 6 1 0 0 1 97.0233046874964 110.887976562505 129.433570312503 2 2 2
51 0 0 0 12 12 12 0 1 0 1 13.666 6.55059960937503 1.22619995117187 2 3 3
74 0 1 0 1 1 1 1 0 0 0 12.387150390625 13.758119140625 14.3290546875 3 3 3
42 1 0 0 4 2 2 1 0 0 0 2.70269018554689 5.579712890625 3.23217333984375 2 2 2
48 1 0 0 3 1 8 1 0 0 0 0.905298095703123 0.91992626953125 1.16745825195312 1 3 3
58 1 0 0 6 8 9 1 0 0 1 36.9667421875016 3.29999999999999 24.1176503906242 3 3 3
57 1 0 0 7 6 5 1 0 0 0 1.7 4.00000000000001 2.67999999999999 3 3 3
27 0 1 0 7 9 4 0 0 1 0 23.5423496093749 9.55008300781249 27.7644121093753 2 3 3
62 0 0 1 7 8 8 1 0 0 1 14.85554296875 16.35 16.45 2 2 2
57 0 0 1 4 4 7 1 0 0 0 0.301200012207031 2.85060009765626 4.55000000000002 3 2 2
51 0 1 0 9 9 8 1 0 0 1 22.815320312501 24.1184765625002 21.16653515625 3 3 3
46 1 0 0 5 8 3 1 0 0 0 37.3427343750013 38.7610312499992 40.1572187500017 2 2 2
77 0 0 1 5 5 6 0 0 0 0 10.4862744140625 6.57195849609375 19.54084765625 3 3 3
72 0 0 1 3 5 2 0 0 0 0 8.61547753906251 9.77110937499997 10.96387890625 3 3 3
59 0 1 0 9 3 8 1 0 0 1 37.0138593750019 39.2133945312493 39.8286406249995 2 2 2
58 0 0 0 4 3 5 1 0 0 0 18.175982421875 20.2011562499999 20.4663339843749 3 3 3
33 0 1 0 7 7 5 1 0 0 0 29.7231113281242 29.1966289062501 29.4866640625015 2 3 2
58 0 1 0 8 6 5 1 0 0 1 30.8230937500003 31.4470566406244 21.150021484375 3 3 3
18 0 1 0 2 4 1 0 0 1 0 6.95284765624998 11.240537109375 14.3790371093749 3 3 3
42 0 1 0 2 1 5 1 0 0 1 40.6791015624983 43.0139296875008 44.7898398437497 2 3 2
74 0 1 0 10 5 2 0 0 0 1 54.2014296875 17.8981542968749 6.88593554687499 2 2 2
65 0 0 1 3 1 3 1 0 0 1 7.19802539062501 10.1981396484375 8.20833300781252 2 2 2
34 0 0 0 6 2 4 1 0 0 0 11.8915546875 11.7650146484375 12.11687890625 3 3 2
54 0 1 0 1 3 1 1 0 0 1 25.5196328125002 25.5196328125002 25.8198613281255 2 2 2
52 0 1 0 2 3 2 1 0 0 0 2.41141992187499 2.61006005859375 2.79800000000001 2 2 2
20 0 0 0 10 10 11 0 0 1 1 13.6705087890625 16.6953789062499 19.5048359375001 2 3 2
18 0 0 0 3 5 3 0 0 1 0 1.47042614746094 10.922021484375 8.20763964843752 3 2 2
47 0 0 0 1 3 4 1 0 0 0 5.98442871093752 7.48537841796878 9.25244531249998 3 3 3
45 0 0 0 12 5 6 1 0 0 0 1.78823559570311 7.20109130859376 1.94881030273436 2 2 2
53 0 0 1 8 5 9 1 0 0 1 18.0635996093751 4.72639990234374 2.26026000976564 3 3 3
30 0 1 0 12 12 12 1 0 0 1 25.4328046875011 29.3042089843736 36.0115468750017 2 2 2
28 0 1 0 12 12 12 0 0 1 0 23.0092382812498 27.6841523437505 27.9739824218755 3 3 3
25 0 0 0 12 11 12 1 0 0 0 18.2194101562501 21.8532871093749 26.2045703125 3 3 3
23 0 0 0 12 12 12 0 0 1 0 12.1370146484375 12.072126953125 21.5879999999999 2 2 2
46 0 0 1 9 12 12 1 0 0 1 34.5000000000017 38.5769218750016 38.5769218750016 3 3 2
44 0 0 0 6 5 11 1 0 0 0 12.55854296875 13.5250332031251 15.5868134765625 3 3 3
41 0 0 0 6 4 6 0 1 0 0 34.3487890625004 36.6520781250013 34.4176249999992 2 2 2
73 0 1 0 4 3 5 1 0 0 1 16.0964404296875 17.6755273437499 17.0645117187499 3 3 2
71 0 1 0 2 2 2 1 0 0 0 8.87347656249995 8.86697460937496 9.40355566406252 2 3 3
73 1 0 0 9 7 9 1 0 0 1 39.8653164062487 40.1319179687507 38.1631992187485 3 3 2
54 1 0 0 9 12 12 1 0 0 1 72.9000000000037 78.7315078124968 44.3315117187521 2 3 2
54 1 0 0 7 8 8 1 0 0 0 38.9262890625006 37.6734023437504 48.4309687500015 3 3 2
18 0 0 0 4 5 10 0 0 1 1 3.00769213867185 0.123269233703613 0.0500000000000002 2 2 2
49 0 0 1 4 1 2 1 0 0 0 15.07045703125 20.8826777343751 18.990486328125 3 2 2
68 0 0 1 12 12 12 1 0 0 1 23.1951503906248 17.770544921875 19.67453125 3 3 3
67 0 1 0 12 2 1 1 0 0 0 14.9773486328125 16.9645234375001 16.9068984375 3 2 2
82 0 0 0 1 1 2 0 0 0 0 10.285576171875 10.3577363281249 16.0855351562499 3 3 2
45 0 1 0 12 12 12 1 0 0 1 31.8163964843749 32.6115468749998 35.599859375001 3 2 2
42 0 0 0 9 5 6 1 0 0 0 1.34606176757813 1.32492358398438 1.40219274902344 3 3 3
69 0 0 0 8 8 12 1 0 0 1 76.5958281249993 47.045953124999 37.5456953124986 3 3 3
69 0 0 1 1 8 1 1 0 0 0 4.6368193359375 3.94601953125 3.96601953125001 3 3 3
68 0 0 0 12 12 12 0 1 0 1 43.5106953125019 35.9392304687485 36.3524453124983 2 2 2
28 0 1 0 4 3 10 1 0 0 1 16.562689453125 12.2990361328125 8.30781445312501 2 2 3
29 0 1 0 6 8 6 0 1 0 0 23.4780136718757 25.2194003906243 28.2517324218736 3 3 3
65 1 0 0 11 9 7 1 0 0 0 4.38715087890624 3.95721166992186 3.53399951171873 3 3 3
75 0 0 0 9 3 4 1 0 0 1 24.4017421874999 21.0712226562501 21.6842929687499 3 3 3
52 0 1 0 1 4 2 0 1 0 0 11.10674609375 9.74002929687502 12.6897011718749 1 2 2
28 1 0 0 12 12 12 0 0 1 1 21.5415625000001 24.4999999999996 25.3780800781249 2 2 2
59 0 0 0 7 6 3 1 0 0 0 39.3157382812487 34.3079999999996 17.9972050781249 2 2 2
57 1 0 0 6 9 12 1 0 0 1 24.0000000000004 16 20.0000000000001 3 2 3
55 0 0 0 9 6 9 1 0 0 0 2.83327636718751 0.0999999999999999 0.750000000000003 3 3 3
26 1 0 0 5 4 8 0 0 1 0 1.30714282226563 6.05000000000001 20.8078515625001 2 2 2
23 1 0 0 9 12 12 0 0 1 1 12 22.7857148437496 33.9896562499995 2 3 2
42 1 0 0 12 12 8 1 0 0 1 18.365384765625 124.807328125001 142.609703125006 2 2 2
37 1 0 0 2 3 2 1 0 0 1 35.0184765624987 41.1122421874983 32.8138554687508 3 3 3
38 0 1 0 5 4 3 1 0 0 0 17.61775 13.275189453125 22.9494218750002 2 3 2
82 0 1 0 4 1 1 1 0 0 1 4.72588085937499 4.82021679687499 5.48455224609374 3 3 3
52 0 1 0 2 2 3 1 0 0 0 12.9999999999999 18.5999999999999 17 3 2 3
26 1 0 0 7 12 12 0 0 1 1 41.9999999999998 28.5652167968737 7 3 2 2
64 0 0 0 1 2 4 0 0 1 1 5.59460107421874 6.48678369140626 29.0038769531263 3 2 2
70 0 0 0 2 3 1 1 0 0 1 8.06465820312502 8.36272656250001 8.36272656250001 3 3 3
25 1 0 0 12 12 12 0 0 1 1 1.15732299804688 19.5734628906249 23.2218515625 2 2 3
22 1 0 0 2 5 5 0 0 1 0 10.8505859375 13.7031416015625 18.1401093749999 3 2 2
50 0 1 0 1 1 2 1 0 0 0 9.86800000000002 9.58781542968752 8.63981542968753 2 3 2
72 0 0 0 6 5 5 1 0 0 1 11.599306640625 11.2155712890625 11.8527666015625 2 2 2
86 0 0 0 1 8 5 0 0 0 0 11.7735029296875 10.7553525390625 11.447736328125 3 3 3
72 0 1 0 1 5 8 1 0 0 1 20.3411464843749 20.6436250000001 24.5751503906238 3 3 3
71 0 0 0 2 2 3 1 0 0 0 3.43881933593749 3.47642382812501 1.75341381835938 3 3 3
66 0 1 0 1 2 2 1 0 0 1 10.14632421875 12.9320820312499 13.3397734375 2 2 3
74 0 0 1 3 3 2 1 0 0 1 8.71748730468752 9.10312109374995 8.84461035156246 3 3 3
63 0 0 1 3 3 2 1 0 0 0 3.26853662109375 2.8405546875 2.55939379882813 2 1 3
28 0 0 0 12 10 12 1 0 0 0 15.659951171875 17.711921875 20.9741347656251 3 2 3
49 0 0 1 7 8 10 1 0 0 0 45.7661679687516 46.3970000000001 48.322 3 3 3
30 0 1 0 1 1 1 1 0 0 0 6.71999511718751 4.95443115234373 9.40073828125002 2 2 2
45 1 0 0 3 2 3 1 0 0 0 40.93926171875 44.1611992187479 45.6765585937486 2 2 2
52 0 1 0 4 5 6 1 0 0 1 21.0115624999999 23.089888671874 25.8101933593756 2 2 2
55 0 0 1 2 3 4 0 1 0 0 10.58825 9.62899999999997 9.40795214843748 1 1 1
29 0 1 0 9 10 5 1 0 0 1 25.0686796875002 16.4896503906249 28.3953378906261 2 2 2
24 0 0 0 8 12 12 0 0 1 1 13.0373369140626 9.34203222656254 18.0138574218751 2 2 2
55 0 0 0 6 6 5 1 0 0 1 35.9999999999983 41.5000000000004 44.0000000000001 2 2 2
53 0 0 0 4 4 3 1 0 0 0 18.0064667968749 18.65 17.397193359375 2 2 2
28 0 0 0 2 3 6 1 0 0 1 31.5339179687502 6.95762207031251 28.9060429687493 3 3 3
24 0 1 0 6 4 5 0 0 1 0 16.5124707031249 16.6127031249999 17.8752949218749 2 2 3
79 0 0 1 2 1 3 0 0 0 0 4.70024365234376 10.8506240234375 11.5970273437499 3 3 3
68 0 0 0 10 8 9 1 0 0 1 9.98277148437495 11.79748828125 12.0667509765626 2 2 3
64 0 0 0 3 2 9 1 0 0 0 3.56215600585937 2.979595703125 3.219595703125 2 2 2
58 0 1 0 8 2 8 1 0 0 1 25.9601621093739 23.5583144531253 24.2677285156261 3 2 3
32 0 0 0 5 5 7 1 0 0 1 25.8598613281247 25.3194003906258 28.8721718750014 2 2 2
29 0 1 0 12 12 12 1 0 0 1 9.06296679687503 0.147999999999999 12.5 3 3 2
49 0 1 0 10 8 5 1 0 0 1 32.4101621093757 40.4999999999987 37.6457656249998 3 3 2
49 0 0 0 6 6 2 1 0 0 0 31.71247265625 31.4999999999992 39.6457656250002 2 2 2
24 0 1 0 12 12 12 0 0 1 1 16.545328125 19.63658984375 39.6222421874982 2 2 3
45 1 0 0 9 8 9 1 0 0 1 50.9919765625005 53.4895390625022 50.8654531249995 3 3 2
43 1 0 0 5 7 7 1 0 0 0 12.14914453125 12.95365625 13.482720703125 3 2 3
43 0 1 0 4 6 3 0 1 0 1 23.0605917968752 20.417267578125 23.4291914062503 2 2 2
17 0 0 0 2 4 9 0 0 1 0 0.3 2.67693823242187 7.27999999999998 2 2 2
71 0 1 0 1 1 2 1 0 0 1 18.03499609375 22.019181640625 44.5142148437481 3 2 3
71 0 0 0 1 4 1 1 0 0 0 4.98748242187501 5.84521191406248 3.71079760742189 3 3 3
75 0 0 1 3 1 5 0 0 0 0 3.84684863281251 5.55454443359373 5.77836621093751 2 2 3
64 0 0 1 2 6 2 1 0 0 1 3.72341357421875 8.37685253906247 8.69115722656246 2 3 2
31 0 0 0 9 5 9 1 0 0 0 22.4651269531253 23.9070449218748 25.1000000000006 2 3 2
29 0 0 1 5 9 12 0 0 1 1 30.0230937499994 31.2240195312504 33.025406250001 2 3 2
27 0 1 0 5 3 4 0 0 1 0 18.4281757812499 20.3738300781251 20.9860000000001 2 2 2
55 0 0 0 3 4 4 1 0 0 1 21.772287109375 21.5205546875 22.2760390625004 2 3 3
31 0 0 0 12 11 12 1 0 0 0 16.9230761718751 8.07857714843748 25.9999999999995 3 2 3
54 0 1 0 12 1 6 1 0 0 1 14.7771367187499 17.418822265625 21.86235546875 2 2 2
31 0 0 0 2 3 1 1 0 0 0 2.52430908203125 0.894149475097654 1.68471691894532 2 2 3
55 0 1 0 6 12 3 1 0 0 1 21.558314453125 21.8500000000001 22.7541874999999 3 3 3
53 0 0 0 5 11 10 1 0 0 0 19.956990234375 20.8083144531251 20.577375 2 3 2
32 0 1 0 8 9 11 1 0 0 0 48.3999999999989 56.0000000000008 58.2499999999973 3 3 2
60 0 0 1 3 9 5 1 0 0 0 14.6771494140626 8.75917675781252 10.0911093749999 3 3 3
52 0 0 1 9 8 6 0 1 0 0 7.06519335937503 1.61925085449219 2.01428564453125 2 3 2
52 1 0 0 12 10 12 0 1 0 1 42.1043906250018 46.1074375 47.2942265625015 2 2 3
21 1 0 0 5 8 11 0 0 1 1 2.28173071289061 10.357142578125 13.86266015625 2 2 2
20 0 1 0 12 10 12 0 0 1 1 10.9884521484375 14.079388671875 18.2096835937501 3 3 3
39 0 0 0 4 3 6 1 0 0 1 49.1843593749988 51.5914531249995 53.6448046875019 2 2 1
37 0 0 0 5 6 3 1 0 0 0 5.54336083984373 8.1038466796875 9.91406445312496 2 3 2
61 0 0 0 3 2 2 1 0 0 0 16.54831640625 17.22592578125 18.039822265625 3 3 2
56 1 0 0 7 6 6 1 0 0 0 9.44800000000002 10.276 13.9474052734375 3 2 2
62 0 1 0 5 3 5 1 0 0 1 2.59319995117186 7.49999999999999 40.0471328125018 3 3 3
55 0 1 0 12 12 12 1 0 0 1 50.4459609375021 59.9909492187491 59.5905312499995 3 3 3
27 1 0 0 12 8 9 1 0 0 1 45.4229023437491 56.3353359374981 62.7302578124999 3 3 3
56 0 0 0 7 8 9 1 0 0 1 41.2956132812481 42.7219414062481 43.6153828125012 3 3 3
55 1 0 0 3 3 2 1 0 0 0 20.9419179687499 21.5161660156251 23.0144003906248 3 2 2
23 1 0 0 5 5 7 0 0 1 0 30.3230937499992 31.0014257812503 36.3266914062511 2 2 3
68 1 0 0 4 2 2 1 0 0 1 20.841451171875 23.5664980468755 18.2203046875 3 3 3
63 0 1 0 2 12 12 1 0 0 0 8.05723291015626 10.88742578125 2.840876953125 1 2 2
32 1 0 0 7 2 6 0 0 1 0 37.0835 39.4999999999995 40.4999999999987 3 3 3
30 0 1 0 5 6 8 0 0 1 1 24.4999999999996 3.62857153320312 2.89815234375 2 2 2
50 1 0 0 3 2 2 1 0 0 0 1.44947082519532 1.76796081542969 0.874706787109379 2 2 2
47 0 1 0 3 4 3 1 0 0 1 48.8715937500019 50.3187070312481 37.1601601562487 3 3 3
22 1 0 0 3 4 2 0 0 1 1 19.336126953125 19.8171601562501 29.6310449218764 2 3 2
36 0 0 0 3 2 2 1 0 0 0 20.8098749999999 20.3037890625001 21.0454042968749 3 2 2
54 0 0 0 3 3 5 1 0 0 0 6.96500000000003 3.62936083984375 3.86660058593749 2 2 2
61 0 1 0 3 6 1 1 0 0 1 7.88375439453126 17.6121015625 4.32883593750002 3 3 3
60 0 1 0 7 8 8 1 0 0 0 15.24366796875 22.3546992187493 11.7784130859375 2 2 2
24 0 1 0 7 8 4 0 0 1 1 7.94620849609373 10.4738466796875 11.7729560546874 3 3 2
43 0 0 0 4 3 6 0 0 1 0 25.8314179687492 26.5884531249996 27.6808398437511 3 2 2
67 0 0 0 9 12 10 1 0 0 1 16.0310478515624 19.207361328125 19.980666015625 2 2 2
60 0 0 0 1 3 3 1 0 0 0 9.00034667968751 12.1491123046875 19.2763300781251 3 3 3
47 0 0 1 3 3 3 1 0 0 1 15.6120087890625 17.55600390625 18.7569296874999 3 3 3
17 0 0 1 4 9 9 0 0 1 0 0.74571423339844 2.90776098632813 6.90300195312498 3 2 2
39 0 1 0 4 2 4 0 1 0 0 39.1023867187515 42.46586328125 48.9891484375005 2 2 2
42 0 1 0 2 2 2 1 0 0 1 27.0000000000009 30.4727714843749 25.5487714843748 3 3 3
64 0 0 0 6 6 6 1 0 0 1 13.4466796874999 23.4494941406252 10.5934941406251 3 3 3
30 0 1 0 9 12 12 1 0 0 1 10.5142861328125 22.3920000000002 37.4167421874993 2 2 2
45 0 1 0 5 2 12 1 0 0 0 4.75767187499998 5.12340039062501 5.69212060546875 2 2 3
45 1 0 0 6 9 4 1 0 0 1 63.2766718750023 57.0438828125002 58.0438828124989 2 1 2
44 1 0 0 7 4 4 1 0 0 1 44.0826054687515 55.8254023437495 57.0438789062493 3 3 3
54 0 0 0 5 7 4 1 0 0 1 13.004849609375 17.401486328125 23.900230468749 3 3 3
25 0 1 0 8 3 3 1 0 0 0 18.19019140625 21.8518769531249 2.08327734375 3 3 3
51 0 0 1 7 7 6 1 0 0 1 27.9999999999989 29.3000000000012 26.7999999999987 3 2 2
44 0 1 0 3 7 11 1 0 0 0 10.9191318359375 6.02863769531248 6.79699755859377 3 3 3
21 0 0 0 7 7 2 1 0 0 0 8.28557617187503 11.63553125 9.61084570312498 2 2 3
19 0 0 0 5 2 2 0 0 1 1 13.8510048828125 16.2963730468751 18.2000000000001 2 3 3
82 0 1 0 3 2 3 1 0 0 1 16.72930078125 15.329044921875 17.4228730468749 3 3 3
78 0 0 0 1 4 2 1 0 0 0 3.91049243164062 3.95959570312498 4.52594824218752 3 3 3
78 0 0 1 1 1 1 1 0 0 0 6.36081933593752 6.27652343749998 5.6310595703125 3 3 3
67 0 1 0 8 4 8 1 0 0 1 16.86628125 16.5833339843749 27.8029785156256 3 3 2
65 0 1 0 1 1 1 1 0 0 0 2.50281933593751 2.5984033203125 2.579595703125 3 2 3
57 1 0 0 5 6 6 1 0 0 1 109.500000000001 123.500000000004 163.499999999993 3 2 3
57 0 1 0 4 6 9 1 0 0 0 10.666328125 10.83394921875 23.579908203124 2 2 3
26 1 0 0 9 5 11 0 0 1 0 0.800000000000002 7.09600000000004 31.6011289062496 2 2 3
55 0 0 0 4 3 5 1 0 0 0 16 15.5 14.5000000000001 3 2 3
24 0 1 0 5 7 5 0 0 1 1 7.8632236328125 9.57210644531247 9.39121972656245 2 2 3
21 0 1 0 9 10 10 0 0 1 1 12.00923828125 13.2569677734375 8.59299023437501 2 2 3
54 1 0 0 10 9 8 1 0 0 1 44.5541796874989 47.6724023437522 3.16830712890623 3 2 3
50 1 0 0 7 8 8 0 1 0 0 14.6478671875001 15.62 12.6932109375001 2 2 2
52 1 0 0 10 6 3 1 0 0 1 37.8000000000008 33.549999999999 14 2 2 2
46 0 1 0 3 2 2 1 0 0 0 4.16924218749999 5.86681445312501 5.57925195312499 2 2 2
68 0 0 0 2 2 2 1 0 0 0 7.37003369140627 7.46028271484371 7.74706054687504 2 2 2
36 0 0 0 3 3 4 0 0 1 0 16.306533203125 18.212009765625 19.9353339843751 2 2 2
41 0 1 0 5 3 10 1 0 0 1 23.2377773437505 21.5765800781249 24.9701308593754 3 2 2
32 0 1 0 6 10 6 1 0 0 0 27.6409414062496 37.1796953125005 38.6978242187482 2 3 2
67 0 0 1 3 4 5 1 0 0 0 2.77217578125001 3.14115063476563 3.11073706054689 3 3 3
62 0 1 0 3 4 5 1 0 0 1 45.1836289062485 50.0399999999976 55.0299999999998 2 2 2
75 0 0 1 1 1 3 1 0 0 1 7.0743212890625 7.25276660156248 7.65753417968751 2 2 3
65 0 0 1 2 1 2 1 0 0 0 2.72814624023437 2.69721166992187 2.83959570312502 2 2 2
56 0 1 0 6 4 3 1 0 0 1 21.6526562500001 22.3071601562494 26.7498847656258 2 3 2
52 0 1 0 5 4 7 1 0 0 0 15.711333984375 12.74584375 10.94 3 3 2
25 0 0 0 6 5 12 1 0 0 0 12.4527099609375 18.3792089843749 19.3349218750001 2 2 3
22 0 0 1 10 12 12 0 0 1 1 12.0729667968751 13.172904296875 14.6532109375 2 2 2
57 0 0 0 4 4 3 1 0 0 0 24.225193359376 20.55 16.75 3 3 3
56 0 1 0 1 3 1 1 0 0 0 4.94573925781249 0.200000000000001 10.38741796875 2 2 2
64 0 1 0 4 7 5 1 0 0 1 5.39263769531249 8.19275292968747 14.6728984375 3 3 3
61 0 0 1 1 3 4 1 0 0 0 0.0513365859985352 2.4444140625 2.521201171875 3 3 3
59 0 0 0 3 4 1 1 0 0 1 19.6016875000001 9.286248046875 14.7066650390625 3 2 2
56 0 1 0 2 3 3 1 0 0 0 4.32222509765625 0.267910766601562 0.197124633789063 3 3 3
31 0 1 0 8 7 9 1 0 0 1 54.7279492187478 70.8893515624973 71.8999999999973 3 3 3
29 0 1 0 12 12 12 0 0 1 0 17.5394921875001 17.56928515625 19.3269609375 2 2 2
26 0 1 0 3 9 12 1 0 0 0 19.64651171875 16.396205078125 12.346431640625 2 2 2
54 0 0 0 4 2 1 1 0 0 0 48.3560000000009 27.6226289062511 21.0806875 3 3 3
54 0 0 0 12 12 12 1 0 0 1 11.921326171875 17.5864765625 13.383060546875 3 3 3
25 0 1 0 12 12 12 0 0 1 0 17.0449999999999 18.2915996093749 20.1124941406251 2 2 2
45 0 1 0 12 12 12 0 1 0 1 27.4458457031255 25.317789062499 25.3499999999993 2 2 2
40 0 1 0 8 7 8 0 1 0 0 53.3553281249984 43.2429570312484 41.4487187500013 3 2 3
42 0 1 0 7 4 8 1 0 0 1 38.9326562500004 36.0661289062486 36.5000000000006 2 2 2
39 0 0 0 5 5 5 1 0 0 0 3.88917822265626 5.18141357421873 7.85058496093753 2 2 3
44 0 1 0 2 3 3 1 0 0 1 4.15384619140625 16.0769228515625 12.9999999999999 3 3 3
38 1 0 0 7 4 6 1 0 0 0 17.0229453125 14.978306640625 3.1161669921875 3 2 3
53 0 0 1 1 1 2 1 0 0 1 1.91526306152344 4.89480078125002 7.64239062500001 3 3 2
23 0 0 0 9 10 12 0 0 1 1 22.5395039062497 13.8111533203124 19.5274843749999 2 2 2
20 0 0 0 3 1 7 0 0 1 1 9.30406738281254 12.615 12.28 2 2 2
57 1 0 0 12 12 9 1 0 0 1 28.4999999999988 27.2500000000003 28.4999999999988 3 3 2
56 1 0 0 6 2 6 1 0 0 0 9.32332617187504 9.34670898437494 10.02684765625 2 3 2
26 1 0 0 10 9 9 0 0 1 0 60.4302109375012 57.4279023437527 49.8198632812505 3 2 2
57 0 0 0 1 1 5 1 0 0 1 33.0817109375 29.8909687500012 35.4915468750014 2 2 3
21 0 1 0 3 3 5 0 0 1 1 14.151625 20.5339414062499 23.0443496093755 3 2 3
37 0 1 0 2 4 2 1 0 0 1 13.648201171875 12.903080078125 4.63697216796875 1 2 1
37 0 0 0 2 2 2 1 0 0 0 17.835779296875 18.3610117187499 18.9625859374999 3 2 2
44 0 1 0 5 3 3 0 1 0 1 34.7866054687484 130.8482109375 46.8105507812522 2 3 3
43 0 1 0 9 11 9 0 1 0 0 29.5308652343737 31.3737929687495 29.1330664062506 3 2 2
64 0 0 0 4 5 4 0 1 0 0 10.5045419921875 10.881318359375 10.631388671875 2 2 2
40 0 1 0 6 5 6 1 0 0 1 23.2252812500001 34.4897812500006 18.0222011718751 3 3 2
40 0 0 0 6 5 6 1 0 0 0 17.4684277343749 19.82170703125 20.4745000000001 2 2 2
20 0 1 0 10 10 4 0 0 1 1 12.6967666015625 1.62144165039062 8.44454882812502 2 2 2
53 0 0 0 9 4 2 1 0 0 0 14.6654638671874 8.27457128906252 13.5265449218749 1 2 1
49 1 0 0 3 3 9 1 0 0 1 26.9522734374995 26.3787304687502 31.1701757812487 3 3 3
52 0 1 0 12 9 10 1 0 0 1 119.071421874998 109.571429687503 124.5 3 2 2
22 0 1 0 9 7 12 0 0 1 0 16.5803242187499 16.0439560546875 20.5028789062499 2 3 3
58 1 0 0 9 9 12 1 0 0 1 47.0357968750019 49.6378750000016 46.6335156250002 3 3 3
57 0 1 0 4 5 5 1 0 0 0 16.1043886718751 17.1431875 17.01158984375 3 3 2
26 0 0 0 12 12 2 0 0 1 0 33.6048554687489 7.84600341796873 6.26600000000002 2 2 3
55 1 0 0 5 4 5 1 0 0 1 11.8420322265626 4.49999999999999 5.00000000000001 3 3 3
26 1 0 0 2 6 7 1 0 0 0 6.62449316406248 2.79882104492187 2.01809765625001 3 3 3
46 0 0 0 4 4 3 1 0 0 0 9.74999999999997 10.745 4.00000000000001 3 3 2
26 1 0 0 5 3 2 0 0 1 1 21.19862109375 18.0164296875 16.8298515625 2 2 3
75 0 0 1 4 3 3 1 0 0 1 11.514453125 11.85926171875 12.3824335937499 2 2 2
37 0 1 0 6 1 7 1 0 0 1 24.2994726562507 23.6186074218757 24.6979375000003 2 3 2
19 0 0 0 7 6 5 0 0 1 0 8.01233203125001 11.5118955078124 12.82265625 3 2 3
34 1 0 0 12 1 1 0 0 1 1 5.25326074218749 20.11587890625 22.7515019531259 2 2 2
30 1 0 0 2 3 2 1 0 0 0 6.09567089843748 7.34524902343747 7.5230302734375 3 3 3
55 0 1 0 1 2 2 0 1 0 1 21.47297265625 22.0129335937501 22.6254042968748 2 2 2
26 0 1 0 8 12 8 0 0 1 1 7.88571435546876 16.897 14.093 2 2 2
55 0 0 0 3 7 4 1 0 0 0 23.2138574218752 25.386767578125 25.4475761718741 2 2 2
54 0 1 0 9 5 9 1 0 0 1 11.981232421875 11 11.005384765625 2 3 3
45 0 1 0 9 9 5 1 0 0 1 53.3262265625 56.8241523437488 61.042960937497 2 2 3
43 0 1 0 2 3 3 0 1 0 0 21.9313515625 24.4779765625004 25.9924492187512 3 3 2
59 0 0 0 4 5 3 1 0 0 1 11.2194775390625 14.7230771484376 13.5955654296876 3 3 3
53 0 0 1 7 1 2 1 0 0 0 5.56700585937498 5.59502490234377 5.98890722656248 3 3 3
26 0 0 0 12 12 12 0 1 0 1 22.3149531250002 27.1685898437499 24.585527343751 3 2 2
24 0 0 0 2 4 4 0 0 1 0 5.58130175781252 9.41282617187496 10.6206083984375 2 2 2
57 0 0 0 3 6 7 1 0 0 1 34.2599999999996 33.69 42.5054999999986 2 2 1
32 0 1 0 4 5 6 1 0 0 0 6.57868701171877 11.8397138671875 14.2518320312501 2 2 2
58 1 0 0 3 3 3 1 0 0 0 24.3192519531256 8.37043847656251 8.41770019531249 3 3 3
56 0 1 0 3 2 2 1 0 0 1 10.828693359375 9.24000000000001 9.09999999999999 3 2 2
26 1 0 0 7 11 12 0 0 1 0 32.7491914062499 33.8840664062488 32.0407246093745 2 2 3
81 0 0 1 2 2 2 0 0 0 0 6.38821191406253 6.29672705078123 5.90149414062502 2 2 1
44 0 0 0 1 2 2 1 0 0 1 25.9999999999995 24.9999999999991 12.7 3 3 2
24 0 1 0 12 12 11 0 0 1 1 21.3326171875 22.1924062499996 22.5570664062492 2 2 2
29 0 0 0 7 7 6 0 0 1 1 18.8304843750001 19.8328867187501 20.283603515625 2 3 2
45 0 0 0 3 5 3 0 1 0 1 30.3499999999986 27.9999999999989 24.9999999999991 3 3 3
17 0 0 0 5 6 8 0 0 1 1 2.33915087890625 5.98000000000002 9.43823828124996 2 2 3
54 0 0 0 6 6 3 1 0 0 0 6.03400000000003 7.20199999999999 8.19200000000001 2 2 2
50 1 0 0 6 6 8 1 0 0 1 39.3422656250005 40.6092382812502 38.3805859374982 3 2 2
36 1 0 0 2 4 3 1 0 0 1 39.3381992187483 41.9485976562484 41.1626367187492 3 3 2
36 1 0 0 4 6 1 1 0 0 0 33.3487695312494 33.47972265625 34.2403007812493 2 2 2
44 1 0 0 9 4 9 1 0 0 1 38.7494843749981 39.9734804687498 41.1733593750017 3 2 3
44 1 0 0 8 6 9 1 0 0 0 67.5254062500013 71.5219374999968 74.7465390624982 3 2 2
25 0 1 0 4 2 3 1 0 0 1 6.5559501953125 12.312990234375 17.09230078125 2 2 2
60 0 1 0 5 3 6 1 0 0 1 25.791056640625 13.9140000000001 19.4990078125 2 2 2
30 1 0 0 2 2 3 1 0 0 1 18.87509375 20.221595703125 15.7740830078125 3 2 2
28 0 1 0 4 4 5 0 0 1 1 10.778291015625 11.0432646484375 10.443087890625 2 2 2
24 0 0 0 3 4 6 1 0 0 0 13.0456826171875 15.25817578125 17.036517578125 2 3 2
69 0 1 0 2 4 3 1 0 0 1 26.7870273437489 42.1752226562516 34.7723515624992 3 3 3
36 0 1 0 3 1 12 1 0 0 1 20.4370546875 20.5443359375 23.5046152343748 2 3 2
33 0 1 0 7 9 9 0 1 0 0 26.8721503906242 24.005736328124 26.3694296874989 2 2 2
56 1 0 0 3 2 3 1 0 0 0 7.83200000000003 4.28735693359372 3.93925830078124 2 2 1
26 1 0 0 6 11 10 1 0 0 1 23.523349609374 23.8645937499996 26.0198613281249 2 3 3
24 0 1 0 5 5 3 0 0 1 0 19.3228984375001 21.3112832031249 13.7658916015625 2 2 3
60 0 1 0 3 4 5 1 0 0 1 15.7940000000001 15.5371533203125 16.0379999999999 3 3 3
46 0 0 0 1 2 2 1 0 0 1 10.965490234375 9.22860546875001 5.72860595703124 2 3 2
28 0 1 0 6 9 5 0 0 1 0 18.1016953125 26.4663867187507 31.5240195312507 3 3 2
39 1 0 0 3 4 4 1 0 0 0 39.8983867187508 39.6488984375002 43.7851874999996 3 3 2
69 0 0 0 4 3 4 1 0 0 1 3.21829272460938 7.68970019531252 9.96819140625004 3 3 3
70 0 0 0 1 2 1 0 0 0 0 7.12770703124999 8.17640283203127 8.443724609375 2 2 2
36 0 1 0 11 9 6 1 0 0 1 47.6166289062503 59.2384648437484 73.1534765625005 2 2 3
35 0 0 0 7 6 7 1 0 0 0 1.21978979492187 1.22394787597655 1.67366235351562 2 2 2
58 0 0 0 2 3 2 1 0 0 1 17.98 15.4 16.4 2 2 2
39 0 1 0 6 12 12 1 0 0 1 23.9944570312512 24.6689375000007 24.3157070312508 2 2 2
36 0 1 0 4 4 6 1 0 0 0 32.1244804687513 30.0830937500004 33.2254062499994 3 3 3
40 1 0 0 9 7 4 1 0 0 1 55.6951054687473 52.9360273437487 48.8841796875024 3 3 3
46 0 0 0 12 6 3 1 0 0 0 14.1771904296875 15.1737529296875 15.0789609375001 3 3 2
42 0 0 0 8 4 7 1 0 0 1 27.6858515624992 21.066216796875 21.082216796875 3 2 2
39 0 1 0 4 4 3 1 0 0 0 2.58385058593751 3.85896679687499 3.93712841796874 3 3 2
64 0 0 1 1 3 2 1 0 0 1 10.184818359375 12.195423828125 15.6620048828125 3 3 3
33 0 0 0 8 9 9 1 0 0 1 29.9000000000007 31.3714277343762 35.1000000000015 3 2 3
55 0 0 1 3 2 12 0 0 1 1 15.5 20.0000000000001 20.0000000000001 2 3 2
55 0 0 0 9 8 12 1 0 0 1 26.8732675781254 26.4642304687491 26.407318359374 3 2 3
54 0 1 0 2 3 9 1 0 0 0 9.06097753906251 11.1509677734375 14.883865234375 3 3 3
46 0 1 0 2 2 1 1 0 0 1 24.00480859375 21.5296230468751 27.9301621093738 2 2 2
21 0 0 0 3 5 4 0 0 1 1 17.6374140625 20.093302734375 20.7758437500001 2 1 1
71 0 1 0 3 3 3 1 0 0 1 23.4279511718754 22.0968574218743 24.3072714843752 3 2 3
68 0 0 1 2 3 2 1 0 0 0 2.811482421875 2.94441406249999 3.021201171875 3 3 3
61 0 1 0 3 4 3 0 0 0 0 8.82029296875001 8.80727148437495 9.31919140625003 3 3 3
25 1 0 0 12 10 12 0 0 1 0 20.945271484375 13.5276220703125 6.45472607421874 2 2 2
23 0 1 0 6 7 9 0 0 1 0 12.8442861328125 16.1773964843749 21.958892578125 2 3 3
49 0 1 0 9 12 11 1 0 0 0 20.6127421875 20.8686503906249 18.350064453125 2 2 3
80 1 0 0 3 2 2 1 0 0 1 8.22900097656253 15.780052734375 18.6311132812499 2 3 3
70 0 1 0 6 2 2 1 0 0 0 20.35934765625 17.690078125 17.5182207031249 2 3 2
47 0 1 0 12 12 12 0 1 0 0 22.9526660156254 26.8204843749989 27.5832167968759 2 3 2
79 0 1 0 8 1 2 0 0 1 1 14.7216494140625 17.3615 15.4754746093749 3 3 3
50 0 1 0 4 4 6 1 0 0 0 49.740187499999 50.9906484374976 52.2401874999976 3 3 3
59 1 0 0 4 2 2 1 0 0 1 13.5908017578126 12.800693359375 20.0622890625 3 2 2
57 0 1 0 3 2 2 1 0 0 0 9.93812207031252 9.33025390625001 8.376373046875 3 3 3
45 0 0 1 6 6 9 1 0 0 1 10.06 9.00000000000004 9.49999999999998 3 3 3
63 0 1 0 3 1 4 1 0 0 0 3.62939013671875 3.68662524414064 3.7842119140625 2 2 2
55 0 0 1 12 8 8 1 0 0 1 16.602 16.1676044921875 14.513267578125 3 2 2
78 0 1 0 2 3 1 0 0 1 0 21.647875 16.2711611328125 19.0462343749999 2 3 2
62 0 0 1 1 4 1 0 1 0 0 6.79277880859377 7.6783525390625 10.809583984375 2 3 2
38 1 0 0 6 9 1 1 0 0 0 35.0710234374988 28.0523183593764 31.8304179687498 3 3 3
16 0 0 0 1 1 1 0 0 1 0 3.07385986328125 8.72401367187503 5.13139843750001 2 2 2
47 0 1 0 4 5 8 1 0 0 1 18.85311328125 21.4396562499999 21.14 2 2 2
40 0 0 0 2 2 1 1 0 0 0 10.1509970703125 10.4961044921874 11.4160742187499 2 2 2
43 1 0 0 12 12 12 1 0 0 0 55.7606484375015 57.1189257812524 58.7836054687486 3 2 2
46 0 0 0 6 5 7 1 0 0 1 13.812 15.6 11.986 3 2 2
45 0 0 1 1 5 3 1 0 0 0 4.79075683593748 6.10715869140622 17.1334296875 3 3 3
46 0 0 0 3 3 6 1 0 0 1 36.5000000000006 29.6500000000009 20.0000000000001 2 3 2
44 1 0 0 2 1 3 1 0 0 0 9.15465429687497 16.0800390625001 23.8453359375002 3 3 2
65 0 0 1 5 7 9 1 0 0 1 10.397609375 11.902431640625 12.7076142578125 3 2 2
64 0 0 1 4 9 9 1 0 0 0 2.69322802734376 5.07146923828123 5.17385351562503 2 2 2
17 0 0 1 4 3 3 0 0 1 0 4.28999999999999 4.41999999999998 3.40566894531251 2 2 2
45 0 0 0 8 11 7 1 0 0 1 26.119861328124 24.7189374999996 25.3693417968746 2 3 2
43 0 1 0 3 6 2 0 1 0 0 17.62682421875 18.527896484375 20.10361328125 2 2 2
42 0 1 0 5 5 7 1 0 0 0 24.8901738281248 23.0592929687499 24.5804374999995 2 2 2
42 0 0 0 3 3 1 1 0 0 0 6.46642968749998 7.15330908203126 7.46331005859377 2 2 2
69 0 0 1 3 3 4 1 0 0 1 49.246226562499 32.6451972656235 26.0383183593745 3 3 3
47 0 1 0 10 10 12 1 0 0 1 21.76027734375 23.8098515625009 26.2456230468749 2 3 2
47 0 0 0 2 4 4 1 0 0 0 16.6085175781251 24.9370273437497 27.6045000000011 3 3 3
27 0 1 0 12 12 12 1 0 0 0 19.8152421874999 18.8304843750001 23.42309375 3 3 3
25 0 0 0 7 3 8 1 0 0 1 28.3545234375011 13.0900000000001 14.8753193359375 3 3 3
20 0 0 0 6 3 10 0 0 1 0 10.364150390625 11.966052734375 10.9552197265625 2 2 1
71 0 1 0 1 3 2 1 0 0 1 21.99462890625 12.8184638671875 14.82157421875 2 3 2
48 1 0 0 5 4 2 1 0 0 1 39.4833710937496 41.7833710937497 45.4180156250022 2 2 2
45 0 0 0 5 3 4 1 0 0 0 19.59485546875 20.6662929687501 21.66469140625 2 1 2
18 0 0 0 2 3 3 0 0 1 0 0.0999999999999999 0.0999999999999999 0.800000000000002 2 2 2
16 0 0 0 2 3 4 0 0 1 1 0.0700000000000001 0.150000000000001 0.800000000000002 2 2 2
63 0 0 0 3 1 2 1 0 0 0 3.00622412109376 6.222796875 1.30684216308594 3 3 3
53 0 1 0 4 8 5 1 0 0 1 16.9500000000001 17.44 16.9500000000001 3 2 3
48 0 0 0 4 1 4 1 0 0 0 11.9341572265625 12.514619140625 11.7150068359375 3 2 2
44 0 1 0 8 11 6 0 1 0 1 51.221593749999 22.5258828124989 31.9440000000014 2 2 2
44 0 1 0 4 5 3 0 1 0 0 18.959001953125 18.260806640625 17.885697265625 3 2 2
17 0 1 0 6 4 8 0 0 1 0 3.87033764648437 10.6453769531251 12.947861328125 3 3 3
34 0 1 0 10 6 4 1 0 0 1 19.6777109375001 23.5987285156239 22.6191757812495 2 2 2
48 0 0 0 4 4 4 1 0 0 1 13.149884765625 13.3221708984375 14.1986142578125 2 2 1
55 0 1 0 3 3 4 1 0 0 0 16.594861328125 15.40554296875 14.4448037109375 3 3 3
25 1 0 0 6 7 6 1 0 0 0 17.8357187500001 23.2099121093744 25.7175527343746 2 3 3
45 0 1 0 2 2 5 0 1 0 0 8.02993115234374 11.770951171875 10.7080830078125 3 2 2
27 0 0 0 8 3 1 1 0 0 1 10.392869140625 4.96567431640623 8.74146484375002 2 3 3
46 1 0 0 1 10 8 1 0 0 1 6.20223046874998 55.25 54.4803671874975 2 2 2
43 0 0 0 1 4 1 1 0 0 0 3.28497705078125 10.977478515625 11.7280556640625 1 1 2
20 0 1 0 12 5 9 0 0 1 1 15.4827939453125 16.7100976562499 7.73550146484374 2 2 2
49 0 0 0 12 12 12 1 0 0 1 15.7166367187499 15.7055312499999 18.47631640625 3 3 3
44 0 1 0 3 1 5 1 0 0 0 33.0033710937508 33.6338476562488 36.4019843749999 3 3 3
32 0 1 0 3 1 2 1 0 0 0 7.53804394531253 2.00332348632814 7.74362402343751 3 3 3
60 0 1 0 5 5 5 1 0 0 0 55.3106249999978 22.7362539062506 4.22609179687498 3 3 3
31 1 0 0 4 4 2 0 0 1 0 4.082 3.54296997070313 3.06235571289062 3 2 2
47 0 0 1 6 2 2 1 0 0 0 4.90577392578123 5.06189404296874 5.53025439453122 3 3 3
27 0 0 0 7 7 4 1 0 0 1 17.3585566406249 18.5335156250001 21.1993730468749 2 2 2
52 0 1 0 6 6 6 1 0 0 0 24.3601621093741 15.2149990234375 32.9892851562489 3 3 3
22 1 0 0 9 6 6 0 0 1 0 10.41473046875 3.45208203124999 2.41315014648437 2 2 2
20 0 0 0 9 8 10 0 0 1 0 5.81267871093753 1 4.66776660156251 2 2 3
59 0 0 0 12 12 12 0 0 0 1 15.4128310546875 21.778265625 21.687134765625 2 2 2
27 1 0 0 12 12 12 0 0 1 1 29.7223710937495 34.2263281249994 34.9754062499992 2 2 2
46 1 0 0 6 3 2 0 0 1 0 32.3528867187505 34.87459375 28.9172851562493 3 3 3
46 0 1 0 6 4 3 0 0 1 1 28.2217109375013 27.7852500000014 29.7447597656262 2 2 2
68 1 0 0 5 5 3 1 0 0 1 21.9304414062501 22.8653007812498 25.3593515624997 3 2 3
40 0 0 0 2 4 5 1 0 0 1 26.5620800781255 21.9999999999999 18 2 2 2
64 1 0 0 5 1 1 1 0 0 1 21.632 28.9896718749994 31.4117363281264 3 3 3
64 1 0 0 1 3 4 1 0 0 0 18.50125 20.3344414062499 17.7782832031251 3 3 3
35 1 0 0 1 3 2 1 0 0 1 45.6310625000003 48.1369531250002 50.7780039062521 2 2 2
41 0 0 0 4 8 6 1 0 0 1 25.9739999999991 24.8299999999997 26.1040000000011 2 2 2
40 0 1 0 7 5 4 1 0 0 0 32.1233769531257 32.5635136718756 32.3319726562496 3 3 2
20 0 1 0 9 4 11 1 0 0 1 23.9523378906243 18.1682109375 22.9060800781242 3 3 3
17 0 0 1 2 5 5 0 0 1 1 5.55637255859377 6.66844384765625 9.55259863281247 3 2 2
40 0 0 0 5 5 3 1 0 0 0 7.31630224609378 7.89925976562496 11.0633896484375 2 2 2
36 0 1 0 2 2 1 0 0 1 0 22.2877636718739 22.00698828125 23.3538769531249 2 2 2
39 0 1 0 1 8 4 1 0 0 1 32.9638164062516 34.6990898437495 38.4728671875009 2 3 2
55 0 1 0 1 2 3 1 0 0 0 9.54676660156252 9.44079296874997 9.78906152343752 2 2 2
53 1 0 0 6 6 9 1 0 0 1 43.7777148437498 30.9543261718755 24.1959999999999 2 2 2
20 0 0 0 4 3 3 0 0 1 0 1.04036950683594 1.49749999999999 14.08724609375 2 2 2
48 0 0 0 2 6 2 1 0 0 1 38.6476914062491 41.5918710937502 44.4900703125015 2 2 2
47 0 1 0 1 2 7 1 0 0 0 22.8981035156243 21.0272304687501 24.6748261718753 3 3 3
19 0 1 0 8 7 9 0 0 1 1 4.41844384765626 3.24882983398438 6.175912109375 3 3 3
16 0 0 0 2 4 8 0 0 1 1 4.17463964843748 3.172 0.3 2 3 3
60 0 0 0 1 1 4 1 0 0 1 32.4683613281237 38.9614999999992 43.3292812499988 3 2 2
58 0 0 0 3 1 5 1 0 0 0 5.59000000000003 6.318 5.73963037109374 3 3 3
47 1 0 0 2 3 2 1 0 0 1 40.2559960937507 44.6451406250016 52.9844492187522 2 2 2
61 0 0 1 1 1 2 1 0 0 0 12.0431767578125 11.9723974609375 11.776091796875 3 3 3
37 1 0 0 8 8 8 0 0 1 1 23.1957968749989 24.1023105468748 24.8108554687498 2 2 2
43 1 0 0 3 3 3 0 1 0 0 24.4988457031238 23.5861445312498 23.673402343751 3 2 3
49 0 0 1 6 8 6 1 0 0 0 13.6277138671876 2.49941552734375 12.57078515625 2 2 3
72 0 0 0 4 2 5 1 0 0 1 8.08671582031249 8.59188378906247 8.30687109374995 3 3 3
66 0 0 1 7 6 2 0 1 0 0 7.31567822265628 4.85003027343748 9.43472656250002 3 3 3
51 0 0 0 3 2 2 1 0 0 1 18.920224609375 24.3402832031258 32.8881406250009 2 3 3
42 0 1 0 3 6 1 1 0 0 0 13.3590585937499 9.42641406249998 30.8458320312492 2 2 1
52 0 0 0 5 4 2 1 0 0 0 12.26 12.88 13.4775 2 2 2
54 0 0 0 1 1 2 1 0 0 1 17.4133945312501 16.8129335937499 16.8129335937499 2 2 2
52 0 0 1 3 1 1 1 0 0 0 6.61817480468749 13.85462109375 15.01733203125 2 2 2
26 1 0 0 4 3 7 1 0 0 0 11.08326953125 15.4264677734375 23.9275000000009 2 3 3
20 0 1 0 9 8 4 0 0 1 0 4.07043872070313 5.78999999999999 5.06783105468749 2 2 2
37 0 0 0 10 7 7 0 1 0 1 37.1471132812517 41.08251171875 36.17133203125 3 3 3
19 0 1 0 11 4 7 0 0 1 1 9.99999999999997 8.30000000000001 6.76666650390621 3 3 3
34 0 0 0 5 6 7 1 0 0 1 27.3210156250011 36.2477148437504 47.8650117187485 2 3 3
43 0 0 0 9 10 6 1 0 0 1 15.25 12.9999999999999 16.75 3 3 3
41 0 1 0 10 9 9 1 0 0 0 3.41346582031249 6.99902099609377 7.58886132812503 2 3 3
64 0 0 0 7 8 6 0 0 1 1 11.7638349609374 11.2478154296875 15.1686806640625 3 3 3
75 0 0 0 1 2 1 0 1 0 0 6.23240722656249 6.29413085937499 6.44074072265627 2 2 2
78 0 0 0 1 2 4 0 0 1 0 12.9642109375 9.56939062500004 10.018125 3 3 3
68 0 1 0 7 8 9 1 0 0 1 43.0071250000011 44.2312109374986 44.5857539062492 3 2 3
56 0 0 0 9 7 5 1 0 0 0 10.262 10.636802734375 8.55679980468754 2 2 2
49 1 0 0 6 4 8 0 1 0 0 12.3457099609375 28.785771484374 30.1055761718759 2 2 2
60 1 0 0 9 6 9 1 0 0 1 2.20000000000001 2.59999999999999 2.20000000000001 3 2 3
59 0 1 0 9 3 8 1 0 0 0 27.6235488281264 11.9051123046875 19.22096484375 3 3 3
29 1 0 0 9 10 9 0 0 1 1 20.57182421875 21.201294921875 21.7967656250001 2 2 2
44 0 1 0 3 3 1 1 0 0 0 27.6440957031246 28.2604492187506 27.347207031249 2 2 2
56 0 0 0 8 3 3 1 0 0 0 12.4419492187499 7.41228857421875 6.55087499999998 2 2 1
51 0 1 0 2 4 2 1 0 0 1 24.5641972656249 26.7493300781239 29.2165996093757 2 2 2
85 0 0 0 2 4 4 0 0 0 0 19.0712226562501 18.0825546875 11.71053515625 2 2 2
20 0 1 0 3 1 2 1 0 0 0 6.75480029296878 5.45580029296877 3.13000000000001 3 2 2
30 0 0 0 8 6 8 1 0 0 1 24.9691679687507 25.5396308593754 36.9176093749995 3 3 3
46 1 0 0 3 2 6 1 0 0 0 21.8434921874999 23.6990800781249 22.7570937500004 2 2 3
46 1 0 0 3 3 5 1 0 0 1 42.4323320312521 44.133718749998 46.4355664062493 3 3 3
46 1 0 0 3 2 4 1 0 0 1 11.441873046875 14.69740234375 20.817650390625 2 2 2
44 1 0 0 7 3 5 0 1 0 0 33.2101640625014 31.5742382812488 31.5693515625015 2 2 2
39 0 0 0 3 1 5 1 0 0 1 37.7113437500009 31.5299999999998 39.3830781249993 2 2 2
31 0 0 0 8 8 5 1 0 0 1 14.4609941406251 13.669212890625 15.612009765625 2 3 3
72 0 0 0 2 2 4 1 0 0 1 10.346462890625 9.91843164062499 8.76666601562504 2 2 2
65 0 0 0 12 12 12 1 0 0 1 15.0785800781249 21.684685546875 19.5846855468751 3 3 3
57 0 1 0 5 6 8 1 0 0 0 29.1452343749992 31.274041015626 1.40659350585937 2 2 3
33 0 1 0 3 4 5 1 0 0 0 3.03696362304687 4.53989746093751 8.97706347656252 2 2 2
51 0 0 0 6 9 12 0 0 1 0 13.6203154296875 15.2475214843749 15.0444179687499 2 2 3
39 1 0 0 4 2 3 1 0 0 1 34.2168437499993 33.6719726562491 35.8567304687515 3 3 2
32 0 1 0 4 1 2 1 0 0 0 18.1961191406251 10.9419052734375 12.858736328125 3 2 2
34 0 0 0 3 1 5 1 0 0 0 14.7753652343749 16.3143818359375 16.0105302734374 2 3 2
65 0 1 0 3 9 1 1 0 0 1 13.938798828125 13.0792080078125 14.166158203125 3 3 3
50 1 0 0 2 4 4 1 0 0 0 26.1908710937511 13.025962890625 29.6506875000011 2 2 2
75 0 1 0 3 4 1 0 0 1 0 12.175880859375 11.985833984375 13.3404365234376 3 3 3
81 0 0 1 2 1 1 0 0 0 0 5.21964746093749 5.66795849609374 15.5440585937499 3 3 3
51 0 0 0 9 10 12 1 0 0 1 18.546 22.5276484375005 23.3756484374992 3 3 3
53 0 1 0 3 1 1 1 0 0 0 2.0086278076172 5.26374169921878 6.74087792968752 3 3 3
29 0 1 0 3 2 3 0 0 1 0 18.7642031250001 18.7644335937501 18.313857421875 2 3 3
27 0 0 0 12 12 12 1 0 0 0 35.8235546875012 32.8005703125002 39.174085937501 3 1 2
70 0 0 1 4 11 3 1 0 0 1 7.77809228515622 7.91525146484374 9.0569892578125 2 3 2
70 0 0 1 3 1 1 0 0 0 0 7.67497412109374 8.51844628906249 7.66467236328124 2 2 2
59 0 1 0 7 4 6 1 0 0 1 32.7669746093765 20.3923027343751 11.065822265625 2 2 3
55 0 1 0 3 2 3 1 0 0 0 7.59257373046871 14.0600000000001 7.67628466796876 2 2 2
25 1 0 0 11 8 8 1 0 0 0 29.3532460937497 30.8309902343753 21.74194140625 2 3 2
22 0 1 0 4 6 7 0 0 1 0 4.9128740234375 3.51130761718752 17.887759765625 2 2 2
20 0 0 0 12 10 12 0 0 1 1 10.496599609375 8.76670410156251 11.0269560546875 2 2 2
44 0 1 0 8 4 7 1 0 0 1 18.0738574218749 17.966630859375 19.8152421874999 2 2 2
35 0 0 0 2 1 1 1 0 0 0 5.04549999999998 2.50751123046876 8.5501123046875 3 3 3
34 0 0 0 2 1 4 1 0 0 0 4.85283886718749 2.92534399414062 4.67172753906249 2 2 2
51 0 1 0 12 12 12 1 0 0 1 21.598037109375 21.3758652343751 21.1341796875 3 3 3
50 0 0 0 12 1 4 1 0 0 0 0.0999999999999999 0.399999999999999 0.0500000000000002 2 3 3
28 0 1 0 1 11 12 0 0 1 0 4.75686816406251 12.209765625 13.34180078125 2 2 2
77 0 1 0 5 2 3 1 0 0 1 9.55174609375005 9.08066308593752 10.590443359375 3 3 3
69 0 1 0 1 1 1 1 0 0 0 2.36629736328126 2.59161791992187 2.10658544921876 3 3 3
49 1 0 0 5 7 5 1 0 0 1 62.1322812500009 63.3230742187485 5.57460205078126 3 3 3
47 0 1 0 3 4 2 1 0 0 0 14.0060048828124 6.11168652343751 4.03817724609374 3 3 3
21 0 1 0 12 12 10 0 0 1 1 3.2495693359375 13.7555830078125 12.00923828125 2 2 2
42 0 0 0 2 2 2 0 1 0 0 10.5755361328125 15.075830078125 12.2742919921875 2 2 2
50 0 0 0 7 4 5 0 0 0 1 23.6555214843758 29.1081757812489 29.0812792968744 3 3 2
76 0 1 0 2 2 1 1 0 0 1 14.5404873046876 13.9386455078125 17.4483007812501 3 3 3
62 0 0 1 2 2 2 1 0 0 0 2.2333642578125 2.55840332031251 2.5734033203125 3 3 2
61 0 0 1 4 4 3 1 0 0 1 16.1880000000001 16.65 17.4359999999999 3 3 3
27 0 0 0 3 8 5 0 0 1 0 13.673912109375 15.767884765625 18.434951171875 3 3 3
42 0 0 0 11 8 8 1 0 0 0 2.73241015625001 0.886768188476559 0.970278503417966 2 2 2
37 1 0 0 6 4 7 1 0 0 1 48.9432539062489 49.8379296875001 51.6024257812503 3 3 2
27 0 0 0 9 9 6 0 0 1 0 13.7725400390625 15.1594453125 16.46445703125 2 2 2
62 0 1 0 2 4 3 1 0 0 1 31.3286640624988 32.7138574218746 37.353859375 3 3 3
34 1 0 0 8 6 5 1 0 0 1 47.4064687500017 48.0583476562517 46.2999999999988 2 3 2
32 0 1 0 4 4 10 0 0 1 0 17.802599609375 20.6409160156249 69.5352343750026 2 3 3
28 0 0 0 5 6 6 1 0 0 0 14.6583486328126 0.784277282714841 11.60804296875 3 3 3
63 0 1 0 3 1 1 1 0 0 1 12.5 17.3 19.7898632812499 3 3 3
60 0 1 0 6 4 4 1 0 0 0 10.36711328125 19.5824238281251 18.8217109375 3 3 3
32 0 1 0 4 6 5 0 0 1 1 5.73840673828122 6.36443408203126 7.01893798828125 2 2 2
72 1 0 0 7 9 4 0 0 1 1 14.499783203125 7.00180322265625 7.30475634765625 3 3 3
50 0 1 0 1 4 6 1 0 0 1 17.927712890625 20.392 20.8999999999999 2 2 2
38 0 1 0 9 9 8 0 1 0 0 45.2838124999982 40.8062851562504 43.3956054687501 2 2 2
53 0 0 0 12 11 10 1 0 0 1 42.8327968749998 43.4332578124994 45.0722187499984 3 3 2
43 0 1 0 9 10 7 1 0 0 1 33.0940195312509 33.8835117187515 35.2843007812517 3 3 2
41 0 0 0 12 9 12 1 0 0 0 45.7666523437502 38.162574218749 56.4890664062515 2 2 2
41 0 0 0 4 2 6 1 0 0 0 2.83397290039063 3.83438525390625 6.40673535156249 3 3 3
41 1 0 0 9 6 6 1 0 0 1 40.1462460937482 44.9181132812516 46.9172812500014 3 3 3
63 0 0 1 4 2 4 1 0 0 0 4.8801953125 4.40807031250001 5.35565283203124 3 3 3
29 0 0 0 3 7 6 1 0 0 1 11.5 10.55 35.9999999999983 3 3 3
40 0 0 0 4 7 4 1 0 0 1 20.229451171875 10.8285 27.6999999999992 3 3 3
39 0 0 0 4 5 2 1 0 0 0 0.685850585937498 1.80621459960939 3.07722216796875 3 3 3
63 0 1 0 1 1 1 1 0 0 0 5.68983007812502 6.08571435546875 0.426339996337889 3 3 3
44 0 1 0 12 12 10 1 0 0 0 30.48746875 34.9643476562494 37.1072695312498 2 2 2
45 0 0 0 2 4 3 1 0 0 1 14.02465234375 15.0191093749999 19.608775390625 3 3 3
66 0 0 1 7 6 7 1 0 0 1 8.95884472656251 8.67085253906245 9.68532324218746 3 3 3
28 0 0 0 9 11 11 1 0 0 1 16.5006992187501 18.7535488281251 25.1307148437491 2 2 2
30 0 0 0 7 4 4 1 0 0 1 11.44 13.1883359375 14.3 3 3 3
72 0 1 0 2 2 3 1 0 0 1 14.955146484375 15.35998828125 18.40065625 3 3 2
52 0 0 0 2 2 2 0 0 1 0 16.1439560546875 17.7680566406249 10.0355166015625 3 2 3
80 0 0 1 2 1 2 0 0 0 0 5.66833154296873 5.70715039062499 6.22383740234378 3 3 3
51 0 0 0 7 2 5 1 0 0 0 1.32478320312499 3.51 0.792000000000004 3 3 3
50 0 1 0 6 8 7 1 0 0 1 38.4500000000004 39.3000000000019 40.300000000001 3 3 3
18 0 0 0 6 7 9 0 0 1 1 1.50299999999999 9.42198437500001 9.78338183593751 3 3 2
51 0 0 0 9 6 9 1 0 0 1 56.1931875000015 62.3937656249982 58.8108554687496 2 2 2
46 0 0 0 8 5 9 1 0 0 0 8.54732128906247 9.27207812499997 13.3349843749999 3 2 2
49 0 0 1 5 8 7 0 0 1 1 21.72 21.72 19.522 3 3 3
18 0 0 0 2 2 4 0 0 1 1 1.39222265625 3.86092382812499 1.62939721679688 3 3 3
60 0 0 0 2 2 3 1 0 0 0 9.32796484375003 7.37627197265621 8.73427539062497 3 2 2
50 0 1 0 12 7 7 0 0 0 1 34.2760742187495 9.00352343749999 41.0200078124988 2 3 3
23 1 0 0 4 3 8 0 0 1 1 4.32338574218748 12.68593359375 14.9005224609376 2 2 3
22 1 0 0 4 9 12 0 0 1 1 0.02 4.96438574218749 10.95430078125 3 3 2
51 0 1 0 2 1 2 1 0 0 1 26.7500000000013 27.3000000000013 17.4 3 3 2
49 1 0 0 2 2 6 1 0 0 0 8.03481933593753 9.98693359375002 10.186236328125 3 3 2
71 0 0 1 2 2 2 1 0 0 0 4.26960009765623 4.35131250000001 4.45369628906251 3 3 3
48 0 1 0 3 5 4 1 0 0 1 23.4180136718757 23.4180136718757 22.6141796874989 3 3 2
47 0 0 0 3 3 4 1 0 0 1 22.8175527343739 25.2194003906243 27.6212480468762 2 2 2
51 1 0 0 2 6 2 1 0 0 0 5.93460351562502 8.86504394531249 8.95474414062499 2 2 2
77 1 0 0 7 3 6 0 0 0 1 17.48484375 17.6209648437499 17.97198828125 3 3 2
46 1 0 0 2 2 5 1 0 0 1 28.248310546874 29.697470703125 21.6596914062499 3 2 3
16 0 0 1 2 3 2 0 0 1 0 0.943308044433597 0.0999999999999999 0.975693664550783 3 2 3
49 1 0 0 2 10 2 0 1 0 0 17.1349082031249 17.422595703125 13.0043095703125 2 2 2
51 0 1 0 7 10 9 0 1 0 1 43.0184765625017 44.0184765625008 62.152687499999 3 3 3
78 1 0 0 7 2 2 1 0 0 0 11.2984033203126 11.8733916015625 13.1922929687499 2 2 2
67 1 0 0 12 9 9 1 0 0 1 24.9255585937508 27.4746503906242 29.6228437500011 2 3 2
22 0 0 0 1 4 2 0 0 1 1 0.600000000000002 2.95998022460938 2 3 3 3
51 0 1 0 4 7 4 1 0 0 1 32.1638632812505 26.6949511718761 25.5600000000008 3 3 3
49 0 0 0 3 4 4 1 0 0 0 7.97463964843748 8.21099023437499 10.0099208984375 3 3 2
23 0 1 0 4 4 4 1 0 0 0 11.8899736328125 13.1861435546875 14.068822265625 1 3 2
16 0 0 0 1 2 1 0 0 1 0 2.111404296875 0.01 0.06 2 2 3
68 0 0 0 6 5 7 1 0 0 1 28.866687500001 34.175410156251 25.9545859375003 3 3 3
55 0 0 0 5 9 4 1 0 0 0 7.56577343749997 11.08288671875 0.341999999999998 2 2 2
34 0 1 0 3 3 4 1 0 0 0 11.9368388671875 15.284130859375 28.8782812499998 2 3 3
66 0 0 0 1 1 2 0 1 0 0 6.07811962890626 5.50150585937499 6.78480664062502 2 2 3
65 0 0 1 4 3 3 0 1 0 1 6.95233154296878 11.282802734375 13.0205634765625 3 2 2
76 0 0 0 1 2 1 0 0 0 0 13.2452080078125 23.3287539062493 14.8868242187501 3 3 3
40 0 0 1 3 5 9 0 1 0 0 12.61171484375 15.212396484375 16.2149375 2 2 2
40 0 0 0 3 3 3 1 0 0 0 17.8216328124999 18.91481640625 1.98095349121095 2 3 3
39 0 1 0 3 3 3 1 0 0 1 19.007275390625 22.5661308593747 27.4346308593739 2 2 2
60 0 1 0 1 6 1 1 0 0 1 27.4069648437488 27.6637832031254 27.5711855468746 2 2 2
25 0 1 0 5 4 5 1 0 0 0 17.75910546875 20.249201171875 22.7815253906257 3 2 2
50 0 0 0 5 6 3 1 0 0 1 29.7836757812493 33.6006718749988 36.0293710937487 2 2 3
41 0 0 0 2 2 2 1 0 0 0 7.11365625000002 6.79450292968751 10.327548828125 3 2 2
20 0 0 0 3 5 2 0 0 1 1 9.61999999999999 11.068787109375 19.087802734375 1 2 2
18 0 1 0 2 2 4 0 0 1 0 1.8498349609375 4.44 6.62055468749996 2 2 2
30 0 0 0 5 9 9 1 0 0 1 49.0750000000019 50.0697539062498 77.909929687503 3 3 3
26 0 1 0 4 4 9 1 0 0 1 16.545328125 27.341103515625 29.5226328125012 2 2 2
75 0 0 0 3 3 2 0 0 0 0 19.32191796875 27.6531875000014 16.4925449218751 3 2 2
36 0 0 0 4 4 3 1 0 0 0 1.31453076171875 1.92504431152345 1.972576171875 2 2 2
34 0 1 0 2 3 1 0 0 1 0 14.1801523437501 9.17676171875005 11.0801845703125 3 3 3
44 0 1 0 8 7 2 1 0 0 1 72.5499999999975 79.9999999999985 81.2817499999966 3 3 2
35 0 1 0 3 2 3 0 1 0 0 12.5389453125 21.1892382812499 14.5714755859376 2 2 2
16 0 0 1 4 11 12 0 0 1 1 0.261232696533202 1.45377770996094 6.01279248046878 1 1 2
38 0 0 0 6 5 2 1 0 0 1 0.301200012207031 18.560599609375 79.9999999999985 2 2 2
34 0 0 0 3 4 2 0 0 1 0 13.77764453125 13.52370703125 15.4119345703125 2 2 2
39 0 0 0 8 2 1 0 1 0 1 24.4723437500009 25.7728984375012 28.3988984375007 3 3 2
55 0 1 0 9 5 4 1 0 0 1 41.7020781250017 33.8241757812492 10.8 2 2 2
46 0 1 0 4 6 1 1 0 0 0 12.39045703125 15.29262890625 17.7757070312499 3 3 3
42 0 1 0 2 1 4 1 0 0 1 64.2073906250022 70.2423281250006 94.5822968749982 3 3 2
17 0 0 0 8 12 6 0 0 1 0 4.95300000000001 0.624036621093753 10.160287109375 2 3 3
18 0 0 0 9 1 2 0 0 1 0 2.25759887695312 0.832417541503905 6.95134863281249 3 3 3
53 0 1 0 4 3 5 1 0 0 1 3.6 3.6 7.20060009765626 3 3 2
22 0 0 0 6 4 8 0 0 1 0 13.570392578125 14.24291015625 15.5277138671875 2 2 2
22 0 0 0 9 6 9 0 0 1 1 10.0331005859375 10.6181699218749 14.28807421875 2 2 2
19 0 0 0 1 1 2 1 0 0 0 2.00566137695312 3.480892578125 2.59970678710939 2 2 2
39 1 0 0 10 12 8 1 0 0 1 46.3953828125014 49.4976914062496 54.5077382812506 2 3 3
69 0 0 0 1 1 1 0 0 0 0 13.5822441406249 14.0237041015625 15.6777363281249 3 3 3
37 0 1 0 2 3 1 1 0 0 1 13.304265625 14.183556640625 10.9249912109375 2 2 2
46 0 1 0 3 2 4 1 0 0 1 28.78614453125 27.8432695312506 0.653564392089844 3 2 2
45 0 1 0 3 4 1 1 0 0 0 8.94139648437497 9.0419541015625 4.19289062500002 3 2 2
75 0 1 0 4 6 5 0 0 0 1 83.7854453124992 27.8973964843742 34.0740976562517 3 2 3
73 0 1 0 7 3 3 1 0 0 0 3.88218017578126 5.31555468749997 3.15200683593748 3 2 1
71 0 0 0 3 1 3 1 0 0 1 5.15584570312501 10.48584375 5.9184501953125 1 1 1
33 0 0 0 9 3 7 0 0 1 0 8.58000000000002 9.24949999999997 12.3085 2 2 2
36 0 1 0 2 5 2 1 0 0 1 17.8817558593751 17.248556640625 11.1274345703126 3 2 2
41 0 0 0 9 8 5 1 0 0 1 31.1408769531252 31.7413398437511 29.4226328124992 3 3 3
42 0 1 0 5 4 5 1 0 0 0 0.710557189941403 7.42422167968751 1.5358310546875 3 3 3
36 0 1 0 2 1 1 1 0 0 1 36.12494140625 36.6979218749991 37.7419999999984 2 2 2
41 0 0 0 10 1 10 1 0 0 0 7.24955664062502 7.25310644531253 10.3555078125 3 3 3
41 0 1 0 1 5 2 1 0 0 1 30.1852207031243 34.606457031251 36.7842968750016 2 3 3
52 0 1 0 4 5 2 0 1 0 1 9.74999999999997 9.74999999999997 8.50000000000002 2 2 2
61 0 0 1 2 12 7 0 0 0 1 4.92209033203127 5.40074755859375 5.445298828125 3 3 3
34 0 1 0 6 5 4 1 0 0 0 14.497298828125 12.9669580078125 21.0696855468749 2 3 3
26 0 0 0 7 2 2 1 0 0 1 10.4 12.56707421875 12.833033203125 3 3 2
38 0 1 0 7 3 8 1 0 0 0 11.57466015625 11.8006611328125 17.76238671875 2 2 3
51 0 1 0 1 2 4 0 1 0 0 21.11444140625 22.1208789062496 24.955195312499 2 3 3
28 0 0 0 10 9 9 1 0 0 1 12.451830078125 18.4053808593751 33.8039960937495 2 2 2
26 0 0 0 7 9 9 1 0 0 1 30.0115468749992 33.5455820312487 32.1442714843748 2 3 2
82 0 1 0 1 1 2 0 0 0 0 15.99637109375 16.5318378906251 12.5901513671875 2 3 3
87 0 0 1 2 2 1 0 0 0 0 10.1395908203125 10.7713125000001 10.80412109375 2 2 2
54 0 1 0 1 1 2 1 0 0 0 3.13800000000001 1.89799999999999 2.36000000000001 2 2 2
52 0 0 0 3 2 1 1 0 0 1 13.497 15.5600595703125 14.7489599609375 2 2 2
27 0 1 0 9 9 9 0 0 1 1 10.0242099609375 11.961466796875 11.5541572265625 2 2 2
81 0 0 1 5 12 12 0 0 0 0 7.92897607421874 16.965615234375 7.86838330078128 3 3 3
42 0 0 0 7 9 9 1 0 0 1 62.0517304687493 61.8896093750025 62.2478749999997 3 2 2
41 0 1 0 5 1 2 1 0 0 0 8.13769775390628 8.327802734375 12.7958427734375 2 2 2
78 0 0 1 4 2 1 1 0 0 1 10.417126953125 9.94164550781251 9.55881738281249 2 2 2
74 0 1 0 2 2 1 0 0 0 0 9.6293359375 9.65436230468754 4.43400000000001 3 2 2
52 0 0 0 9 5 7 1 0 0 1 18.2999999999999 20.5 23.2 2 2 2
23 0 0 0 9 8 7 0 0 1 1 15.782 16.1300000000001 17.1800000000001 1 2 2
41 0 0 0 9 12 11 1 0 0 1 116.087765625004 117.478507812497 69.2730781250018 3 3 3
38 0 1 0 6 4 4 1 0 0 0 1.25792773437501 5.38076074218749 0.808043334960939 3 3 3
31 0 0 0 1 1 1 0 0 1 0 11.04973046875 12.8045146484375 17.8210937499999 2 2 2
90 1 0 0 2 3 4 1 0 0 1 12.6324335937501 10.2993935546875 8.93939355468752 3 3 2
69 0 1 0 4 2 6 1 0 0 1 6.69047265624997 5.91779296875003 7.33919140624997 3 3 3
59 0 0 0 4 3 3 0 0 1 0 6.58400000000002 10.3686171875 10.312080078125 3 2 3
51 0 1 0 8 8 8 1 0 0 1 61.4627031249986 55.9410312499993 52.2458789062503 2 3 3
23 0 0 0 12 5 12 0 0 1 1 17.50923828125 21.5124707031249 24.8189374999994 3 3 2
21 1 0 0 8 6 9 0 0 1 1 0.0352853851318359 0.323489746093749 5.02494091796877 3 2 2
18 0 0 0 8 7 4 0 0 1 1 4.19249999999998 14.2821494140625 15.245162109375 3 2 2
51 1 0 0 8 8 4 1 0 0 1 37.6705000000013 38.1599999999992 39.4579999999994 2 2 2
49 0 1 0 9 9 9 1 0 0 0 18.6962207031249 18.7656386718751 9.72001953125004 3 3 3
19 0 0 0 7 9 6 0 0 1 0 4.14651367187499 3.02661376953124 20.41 3 3 3
16 0 0 0 8 9 9 0 0 1 1 4.15281005859374 5.30549853515624 11.42726171875 2 2 2
57 0 1 0 1 1 4 1 0 0 1 25.745347656251 32.9177812500003 39.2286367187498 2 2 2
57 0 1 0 1 1 2 0 0 0 0 10.018185546875 11.0148066406251 12.0183583984374 2 2 2
51 0 1 0 9 10 10 1 0 0 1 40.1282148437486 39.7147812499999 41.9321015624979 3 2 2
26 0 1 0 2 11 12 1 0 0 0 14.2280722656249 12.6581708984374 16.2124716796875 3 3 3
24 0 0 0 11 5 9 0 0 1 1 16.868794921875 17.4133945312501 18.3140878906251 3 2 3
30 0 0 0 2 1 2 0 0 1 1 8.05999999999997 8.54337207031254 10.0912382812499 3 3 3
37 0 0 0 2 2 3 1 0 0 0 3.58357128906249 4.86119140625002 1.83567675781251 3 3 3
56 0 0 0 2 2 3 0 1 0 0 0.06 0.02 0.0500000000000002 2 2 2
32 0 1 0 6 5 5 1 0 0 1 37.5729492187496 37.1481796874986 44.2339492187484 2 2 2
50 0 1 0 6 6 7 1 0 0 1 30.1810624999998 31.3473437499984 29.330521484375 2 3 3
48 0 1 0 3 4 3 1 0 0 0 9.12671093749997 10.610109375 13.6964033203124 3 2 2
17 0 0 0 2 2 3 0 0 1 0 1.73199975585938 1.37893176269531 2.07860522460938 3 3 2
30 1 0 0 4 5 8 1 0 0 1 13.3037802734375 7.42475292968753 33.5204609374997 3 2 3
39 0 1 0 12 12 9 1 0 0 1 25.6330332031256 24.0002148437492 18.5086152343751 3 2 3
51 0 1 0 5 3 5 1 0 0 0 14.2369521484375 16.485158203125 17.2417421875 3 3 3
60 0 1 0 12 6 6 1 0 0 1 38.4880000000004 22.1560624999996 17.3773437499999 2 2 2
50 0 0 0 3 5 7 0 1 0 0 21.016166015625 22.3000898437498 25.1999882812489 3 2 2
36 0 0 0 2 1 3 0 0 1 0 13.8762333984375 19.8485859375 20.1676074218751 3 3 2
75 0 1 0 1 1 1 1 0 0 0 2.95185351562499 2.55959570312501 2.73317114257813 2 3 2
71 0 0 0 2 2 3 0 1 0 0 7.76842480468749 7.69435156250002 8.42292773437497 2 2 2
33 1 0 0 8 5 8 1 0 0 1 27.180845703124 25.5234355468754 27.5888437499987 2 2 2
16 0 0 0 1 4 3 0 0 1 1 2.67241162109376 3.24755859375 0.140754928588866 1 1 2
31 0 0 0 6 7 5 0 1 0 1 20.1374140625 22.8175527343739 24.0184765625001 3 3 3
46 0 0 0 3 3 5 1 0 0 0 13.98496484375 15.4318251953124 16.4103925781249 2 2 2
44 0 1 0 2 3 3 1 0 0 1 12.85705078125 14.4290996093751 17.4490429687501 3 3 3
42 0 1 0 8 4 4 1 0 0 1 15.4674619140626 27.6121093749999 25.6156757812493 2 3 2
38 0 1 0 7 4 3 1 0 0 0 14.076337890625 1.08427734375 29.2964179687501 2 2 2
61 0 0 1 3 3 3 0 0 0 1 9.11991210937505 9.12669726562502 10.29123046875 3 2 2
54 0 0 1 4 12 12 1 0 0 1 11.778 14.2683378906249 12.6649999999999 3 2 3
26 0 1 0 6 9 12 0 1 0 0 14.702326171875 22.1137460937496 26.3847929687496 2 2 2
63 0 0 0 8 10 12 1 0 0 1 18.772 21.375556640625 13.6563974609375 3 3 3
69 0 0 0 3 3 3 1 0 0 1 7.79698779296874 8.23180957031248 8.05791113281252 3 3 3
74 0 0 1 4 5 3 1 0 0 0 5.55044042968747 5.84255175781252 6.35248632812502 3 3 3
42 0 0 0 2 1 1 1 0 0 0 28.2748281249994 29.1840664062493 30.9166289062487 3 2 3
41 0 0 0 9 9 6 1 0 0 1 28.0682597656251 28.0436679687497 30.8945 2 3 2
16 0 0 0 2 3 6 0 0 1 1 0.06 0.02 2.20303564453126 3 3 3
54 0 0 0 8 3 6 1 0 0 0 20.9718007812499 17.0088906250001 19.2096992187499 2 3 2
30 1 0 0 3 1 8 1 0 0 0 20.361318359375 1.11039013671875 0.92611682128906 3 3 2
49 0 0 0 9 5 9 1 0 0 1 27.9999999999989 29.3000000000012 30.0247499999985 3 2 2
43 0 0 0 3 3 4 1 0 0 0 23.1828710937491 24.1980429687505 23.1796113281246 3 2 3
41 0 1 0 9 3 9 1 0 0 1 60.046187500002 60.3940156250023 60.2186601562527 2 2 3
38 0 0 0 5 5 8 1 0 0 0 8.34095703124998 8.52725390625004 9.70455957031249 3 2 2
25 0 1 0 4 3 5 0 0 1 0 9.20932812499999 10.1958427734375 11.0965361328125 3 3 2
21 0 0 0 2 1 2 1 0 0 0 7.40765185546874 7.16685888671873 10.5350068359375 2 2 2
55 1 0 0 6 6 3 1 0 0 1 5.617904296875 24.8233593750001 38.3279531250013 2 2 2
45 0 0 0 9 9 7 1 0 0 1 34.5265585937504 34.5265585937504 39.5284062500014 3 2 2
48 0 0 0 2 1 2 0 1 0 0 13.76158203125 14.26496484375 14.7793535156251 2 2 2
22 0 1 0 12 12 12 0 0 1 0 11.5680810546875 18.433974609375 19.351921875 2 3 3
18 0 0 0 9 9 5 0 0 1 0 6.87467041015626 9.70314453125003 13.3362587890625 3 3 3
31 0 1 0 2 2 3 1 0 0 0 6.79316943359375 7.45921386718747 11.821619140625 2 2 3
28 1 0 0 5 4 5 1 0 0 1 42.4625820312497 54.5443398437514 47.2998984375006 2 3 3
28 0 0 0 4 5 5 1 0 0 0 1.28196362304688 6.40316699218749 4.55297949218751 3 2 2
42 0 1 0 3 3 3 1 0 0 1 44.0999999999983 46.7000000000005 39.55 2 2 2
38 0 1 0 5 4 3 1 0 0 0 1.80474926757813 8.88359863281253 25.9716562499993 2 2 2
36 0 1 0 5 4 3 1 0 0 0 10.187357421875 9.54615039062499 7.28413769531253 3 3 3
43 0 0 0 4 3 2 0 1 0 1 8.89999999999999 4.56363623046872 5.26363623046876 3 3 2
28 0 1 0 8 9 9 1 0 0 1 34.9999999999982 31.3461542968765 27.8461542968753 3 3 3
40 0 0 0 3 4 4 1 0 0 0 11.7297529296875 11.919669921875 12.74469921875 3 2 2
40 0 0 0 4 6 3 1 0 0 1 25.2394003906255 27.6312480468754 26.7457343749996 2 2 2
75 0 0 0 3 1 3 1 0 0 1 11.6569765625 11.763232421875 12.4499189453125 3 3 3
66 0 0 1 4 2 2 1 0 0 0 2.66680004882814 2.96594140625001 3.27960546875001 3 3 2
32 0 0 0 9 5 8 0 1 0 0 20.1471132812501 17.84769140625 18.764705078125 3 2 3
52 0 1 0 3 3 5 1 0 0 1 24.2776464843752 24.805052734376 26.5404160156241 3 2 2
26 1 0 0 4 6 5 0 0 1 1 19.0794453125 19.3228183593751 19.362818359375 3 3 3
45 0 0 0 7 9 7 1 0 0 1 22.9683144531245 26.2381328125011 27.48313671875 2 2 2
42 0 0 0 5 5 6 1 0 0 0 7.72775292968753 6.29220312499998 6.15409716796874 2 2 2
17 0 0 0 4 3 9 0 0 1 1 1.04767407226563 5.21428564453124 3.65281005859376 2 3 3
60 0 1 0 12 4 3 0 1 0 1 17.80759765625 20.8877480468749 21.1839628906251 2 2 2
57 0 0 0 6 2 1 0 1 0 0 7.1704287109375 5.23022558593751 6.75831835937503 3 2 2
72 0 1 0 8 2 5 1 0 0 1 15.6290009765626 18.016806640625 16.0599687499999 3 3 3
68 0 1 0 5 4 2 1 0 0 0 9.43281445312501 5.28068066406251 12.2998867187499 2 3 3
39 1 0 0 5 6 9 1 0 0 0 35.6851367187512 34.6741835937497 34.9826796875001 3 3 3
32 1 0 0 9 6 5 1 0 0 1 43.1752382812513 44.5309570312521 25.9088515624987 3 3 3
31 0 0 0 9 4 7 1 0 0 0 13.6024736328125 12.3448476562501 15.5756533203125 3 2 3
33 1 0 0 4 7 7 1 0 0 0 30.4026367187491 27.9428300781246 6.41496679687502 2 2 2
31 1 0 0 7 12 8 1 0 0 1 40.8290976562482 90.2650624999988 72.1308828124991 2 3 3
60 0 1 0 5 3 2 1 0 0 1 12.4108623046875 12.5784248046876 12.8639374999999 2 2 2
30 0 0 0 3 3 1 1 0 0 0 1.36347509765625 1.7616534423828 1.66782299804688 2 3 3
61 0 0 0 3 3 4 1 0 0 1 7.67034912109379 9.83845605468753 12.2706259765625 2 2 2
64 0 0 1 3 3 5 1 0 0 0 22.6797558593744 5.63677197265625 12.21458984375 2 2 2
52 1 0 0 5 4 2 1 0 0 1 39.0490117187506 40.1681679687502 41.0379843749982 2 2 2
55 1 0 0 4 5 6 1 0 0 0 29.0836035156238 19.5079238281251 36.3124609375003 2 2 2
22 1 0 0 11 9 9 0 0 1 0 11.1885634765625 12.7891337890626 15.2970732421876 2 2 2
29 0 0 0 12 9 12 1 0 0 1 34.2000000000001 35.1000000000015 36.7299999999995 3 3 2
46 0 1 0 10 9 10 0 0 1 1 15.719052734375 15.4543876953125 12 2 1 1
61 0 1 0 3 5 5 1 0 0 1 61.4250000000012 24.6400000000011 40.9820000000009 2 2 2
62 0 0 1 2 3 3 1 0 0 0 3.22675488281251 1.5797978515625 3.06819165039063 2 3 2
61 0 0 1 3 3 2 0 0 0 0 12.0260224609375 11.0650986328125 2.45713745117187 2 3 2
61 0 0 1 1 2 2 1 0 0 1 13.909296875 12.926 13.622 3 3 2
32 0 1 0 1 2 2 1 0 0 0 9.70699218750003 17.6106210937501 17.9364882812499 3 3 3
33 0 1 0 5 3 3 1 0 0 0 31.3999511718748 34.6623906249993 4.59831396484375 3 3 3
56 0 1 0 4 3 3 1 0 0 1 22.0829999999997 10.56 3.54678369140625 3 3 3
27 1 0 0 8 6 6 0 0 1 0 24.6969746093748 24.7557753906243 10.74245703125 2 2 2
26 1 0 0 12 12 11 0 0 1 0 22.6073906250002 29.2342343750002 34.1734062499991 2 3 3
40 1 0 0 10 1 4 1 0 0 0 6.33151464843749 11.994146484375 15.6801494140625 2 3 2
69 0 0 0 6 1 4 0 1 0 0 7.58770507812497 15.255044921875 6.51856152343748 2 3 3
42 0 1 0 6 6 8 1 0 0 1 28.6689726562504 30.7512597656249 28.3658203125013 3 2 2
23 0 0 0 4 4 9 1 0 0 0 19.00597265625 19.54876953125 22.087923828124 2 2 2
64 0 0 1 2 2 3 1 0 0 0 2.46148242187499 2.12767626953124 2.35363598632812 3 2 3
41 0 1 0 6 4 4 1 0 0 1 27.9036757812502 26.5402597656244 27.503652343751 2 2 2
34 0 0 0 1 3 2 1 0 0 0 9.38236328125005 10.8768623046875 10.5775712890625 2 2 2
56 0 1 0 5 4 11 1 0 0 1 24.5766230468752 14.2600000000001 16.0155000000001 2 2 3
50 0 1 0 8 7 10 1 0 0 0 34.0295351562486 29.0159999999989 23.7639999999992 2 2 2
27 0 1 0 7 9 4 1 0 0 0 11.7578037109375 14.44553125 9.4298232421875 3 3 2
51 0 1 0 10 9 8 1 0 0 1 43.564000000001 47.6399999999983 49.1400000000014 2 3 2
43 1 0 0 4 4 6 1 0 0 0 54.0359140625015 32.31381640625 22.4726054687496 2 2 3
42 0 0 0 3 3 2 1 0 0 0 7.20147265624999 4.52589990234376 2.90804345703126 2 2 2
17 0 0 0 1 9 7 0 0 1 0 0.582857116699218 12.2142861328125 4.78514550781248 3 3 3
53 0 0 0 3 3 3 1 0 0 0 8.06616650390628 5.066 4.76181982421873 3 3 3
20 0 0 0 2 4 5 0 0 1 0 12.7539921874999 8.930044921875 3.32976708984375 3 2 3
52 0 0 0 3 3 2 0 1 0 0 14.11065234375 9.56761132812499 10.6850185546875 2 2 2
29 0 0 0 4 1 5 0 0 1 0 11.929091796875 12.4495380859375 13.0676679687501 2 2 3
75 0 0 1 9 3 3 0 0 0 1 12.333658203125 12.623958984375 13.2687265625 2 2 2
54 0 1 0 1 6 6 1 0 0 1 23.288076171876 24.29423046875 27.2880000000005 3 3 3
20 1 0 0 3 9 4 0 0 1 0 2.1329453125 11.85067578125 14.4110849609375 3 2 2
71 0 0 0 2 1 3 1 0 0 0 2.67431665039063 3.55121826171875 2.73161596679689 2 2 2
38 0 1 0 5 5 7 0 1 0 1 30.9821367187492 32.9054453125012 37.7065546875015 2 2 2
43 1 0 0 9 5 9 1 0 0 1 46.1161640625022 84.7259140625035 81.0000000000019 3 3 3
48 0 1 0 9 6 6 1 0 0 1 46.4543398437507 58.5999999999998 66.2 3 3 3
48 0 0 0 4 4 4 1 0 0 0 7.27450341796876 8.38351074218748 8.83851074218749 3 2 2
43 0 0 0 9 2 5 1 0 0 1 28.9088984375014 31.3191464843758 34.6271914062493 2 2 3
71 0 0 0 1 1 3 1 0 0 0 2.37120458984374 3.55121826171875 2.10984399414061 3 3 3
67 0 0 1 2 7 6 1 0 0 1 3.08019506835938 2.12767626953124 11.931248046875 3 2 3
54 0 0 1 1 2 2 1 0 0 0 7.61884179687504 7.69898046875003 4.44532226562498 2 3 3
29 0 0 0 7 7 7 1 0 0 0 21.364203125 20.102091796875 10.6656181640625 3 3 3
65 1 0 0 3 2 3 1 0 0 1 19.1028125 24.7702148437495 26.6690820312497 2 2 2
61 0 0 0 6 3 3 1 0 0 0 3.70747290039062 1.52383813476563 2.8084033203125 2 2 2
80 0 0 0 1 1 4 1 0 0 1 5.98712939453122 6.19904492187498 6.53590039062498 3 3 3
80 0 0 0 1 1 1 1 0 0 0 1.70277075195311 1.68694921875 1.59575732421874 3 3 3
54 1 0 0 12 9 12 0 1 0 1 78.7500000000016 76.0000000000024 73.499999999998 2 1 2
54 0 1 0 6 4 3 0 1 0 0 6.67807861328124 11.9809238281249 12.4288681640624 3 3 3
25 1 0 0 12 12 6 0 0 1 0 18.9982578125 21.4189609374999 22.9932265624991 2 2 2
19 0 0 0 12 12 12 0 0 1 0 3.48260205078125 25.2915664062502 1.600923828125 2 2 2
74 0 1 0 2 2 4 1 0 0 1 15.5095703125001 16.4969882812499 17.434658203125 2 2 3
72 0 1 0 5 6 7 1 0 0 1 20.9513066406251 19.3319882812499 22.9479492187492 3 3 2
70 0 0 1 3 2 3 1 0 0 0 2.36148242187501 2.24629638671876 2.50840332031249 3 3 3
71 0 0 0 10 8 5 1 0 0 1 7.46023779296873 11.09615625 11.9741513671875 3 3 3
38 0 1 0 1 2 3 1 0 0 0 6.10295019531249 6.03152148437499 5.74013378906249 3 3 3
61 0 0 0 2 2 3 1 0 0 0 4.77960205078127 3.01565307617187 3.23200756835939 3 3 2
49 0 0 1 12 9 12 1 0 0 1 32.345103515626 41.3551953125001 43.1842968749998 2 2 2
47 0 0 0 7 1 3 1 0 0 0 6.94725195312502 7.42748291015627 7.50554296875 3 3 2
22 0 1 0 9 9 9 0 0 1 0 7.89779980468751 10.9381787109376 14.64521875 3 3 2
45 0 0 0 6 12 8 1 0 0 1 40.7905312500005 42.6297929687494 43.5872968749993 3 2 2
52 0 0 0 4 2 3 1 0 0 0 0.128 0.117 0.135 2 3 3
19 0 0 0 7 7 9 0 0 1 0 0.0900000000000005 0.0799999999999999 1.61439453125 2 2 2
62 0 1 0 2 3 1 1 0 0 0 2.61313916015624 7.22266845703125 4.23799951171875 3 3 3
38 0 1 0 4 6 5 1 0 0 1 31.7606874999992 48.4762578124977 22.7448632812507 2 2 2
61 0 0 0 10 4 8 0 0 0 0 46.2034999999987 36.7753398437495 50.3320781250006 2 2 3
79 0 1 0 2 1 2 0 0 1 0 11.9600830078125 14.69823828125 11.9919990234375 2 2 2
32 0 1 0 4 2 4 1 0 0 0 13.56074609375 13.7768173828125 14.131 2 2 3
55 0 0 0 3 6 6 1 0 0 1 23.2959999999997 25.5340000000001 27.7699999999987 2 2 3
31 0 1 0 12 12 9 0 0 1 1 18.98 18.4599999999999 20.8 2 1 1
29 0 0 0 3 2 2 1 0 0 1 25.8198613281255 27.0207851562494 20.4783984375 2 2 2
42 0 0 0 6 6 6 1 0 0 0 33.0011875000012 12.97986328125 31.3761679687491 3 2 3
64 0 0 0 5 5 4 1 0 0 0 3.28709204101562 3.91411889648436 3.8830546875 3 2 2
84 0 1 0 2 1 1 1 0 0 0 2.58148242187499 2.45721166992186 2.85340332031249 3 3 3
51 0 0 0 5 5 6 1 0 0 1 27.1889140624989 27.1889140624989 23.7963046875005 2 2 2
56 0 0 0 8 5 2 1 0 0 1 41.8095859375009 34.806699218749 33.2180546875013 2 2 2
29 1 0 0 12 12 7 0 0 1 0 23.8263281249989 24.9040371093748 25.4204335937502 3 2 2
42 0 0 0 5 3 3 1 0 0 1 15.912 15.912 16.3064667968751 3 3 3
74 0 0 1 4 4 1 0 0 1 1 5.35331201171876 7.73305615234379 7.05349560546874 2 2 2
45 1 0 0 3 3 5 0 0 1 0 15.9120087890625 16.8367207031251 18.73983984375 2 3 2
70 0 1 0 10 6 9 1 0 0 1 8.84996191406248 9.05340917968754 9.23293457031247 3 3 3
67 0 0 1 8 4 4 1 0 0 0 7.60025683593747 7.24239746093747 7.01024511718751 2 3 2
53 0 0 0 7 5 4 1 0 0 0 12.042734375 10.0011708984375 7.02536474609371 2 3 2
28 0 1 0 1 5 2 1 0 0 0 2.94655712890624 4.25708105468751 7.48832421874996 2 2 3
26 0 0 0 11 9 4 0 0 1 1 13.288361328125 15.1147353515626 17.1270214843749 3 2 3
49 1 0 0 7 4 8 1 0 0 1 39.1669218750016 44.0498828124993 49.7903007812515 3 3 3
22 0 0 0 12 5 12 0 0 1 1 17.9045585937501 27.1862304687506 23.144845703125 3 3 3
17 0 0 0 12 6 12 0 0 1 0 6.82520361328122 7.58323339843749 7.69690087890625 3 3 3
36 0 0 0 9 4 6 1 0 0 0 12.10423046875 12.7758798828124 13.21825 3 3 3
68 0 1 0 2 2 5 1 0 0 1 15.461236328125 21.2857792968749 15.32845703125 3 3 3
35 0 1 0 7 3 9 1 0 0 0 4.86399999999999 70.0368984375012 10.90804296875 3 3 3
35 0 0 0 4 8 8 1 0 0 1 21.9211484374999 22.099999999999 21.610990234375 2 2 2
40 0 0 0 2 1 1 1 0 0 0 6.39023535156253 13.4678398437499 15.0988447265626 2 2 3
60 0 1 0 1 3 5 1 0 0 1 39.9393593749983 31.7000000000009 25.7420410156256 3 2 3
29 0 0 1 6 11 1 1 0 0 1 13.5980000000001 14.56 15.626 2 3 2
31 0 1 0 3 5 5 1 0 0 0 16.273818359375 19.8223437499999 17.76444140625 2 2 2
41 0 0 0 6 5 3 1 0 0 1 26.5780605468751 27.7738085937493 29.8590214843742 2 2 2
39 0 0 0 2 2 2 1 0 0 0 15.6507666015626 13.936533203125 13.070962890625 3 3 3
61 0 1 0 8 5 5 0 1 0 1 0.451200012207032 1.38118237304688 4.24449999999999 3 3 3
46 0 1 0 5 5 6 0 1 0 0 15.9120087890625 30.5180566406249 7.52740917968753 2 2 2
20 0 0 0 3 2 6 1 0 0 0 2.47198510742188 6.44004833984377 7.07200000000001 2 2 2
65 0 0 1 9 2 3 1 0 0 1 11.4944501953125 15.4448984375 15.9848681640625 3 3 3
62 0 0 1 3 1 1 1 0 0 0 2.46415600585939 2.50840332031249 2.58519165039062 3 3 3
69 0 0 1 2 5 3 0 0 0 0 11.8770732421875 12.195755859375 13.60291796875 3 3 2
53 0 0 0 1 1 3 1 0 0 0 5.49775146484376 6.39491943359375 7.07933056640623 2 2 2
30 0 0 0 2 2 3 1 0 0 0 14.50716015625 15.69607421875 1.26474536132813 2 3 3
19 0 0 0 7 3 3 0 0 1 0 1.49892297363282 2 3.27594116210938 3 3 3
62 0 0 1 1 1 1 0 0 0 0 8.14662207031248 8.19134863281246 7.52520996093748 3 3 3
40 0 0 0 1 2 1 1 0 0 1 19.9315781249999 19.31478125 21.1150546874999 2 3 2
68 0 0 0 4 6 4 1 0 0 1 18.7156484375 19.33498046875 19.9903417968751 3 3 3
68 0 0 0 4 3 5 1 0 0 0 5.77731640624999 4.76599951171876 5.26278710937503 2 2 2
59 0 1 0 4 3 1 1 0 0 0 8.66942285156251 8.67534375000004 10.9475888671875 2 2 2
34 0 0 0 1 2 2 1 0 0 1 5.61504785156253 23.7309140625011 16.890228515625 2 2 2
42 0 0 0 8 6 9 1 0 0 1 7.99999999999997 17.8461542968751 30.0000000000002 3 2 2
30 0 1 0 6 8 1 1 0 0 0 5.94758251953124 4.25708105468751 4.06155517578125 1 2 2
44 0 0 0 4 5 4 1 0 0 1 18.6143183593751 14.5773671875001 4.80369531250002 2 2 2
39 0 1 0 1 1 1 1 0 0 0 12.80753515625 24.6298769531257 18.1414824218749 2 2 2
45 1 0 0 2 2 3 1 0 0 0 8.57728906250001 14.2683251953125 18.2253203125 3 3 3
41 0 1 0 4 4 6 1 0 0 1 44.8853242187496 58.8693750000015 40.000000000001 3 3 3
21 0 0 0 6 3 9 0 1 0 0 17.4558515624999 15.9984248046876 18.746048828125 2 2 2
60 0 1 0 6 4 5 1 0 0 1 10.43219921875 10.792 11.05571875 3 3 3
44 0 1 0 2 2 4 0 1 0 0 12.8775390624999 14.7541054687499 15.1256796875 3 2 2
16 0 0 0 3 6 3 0 0 1 0 0.445885833740233 3.51 3.96000000000002 3 3 3
80 0 0 0 2 1 2 1 0 0 1 8.93906250000001 9.14698925781245 9.19498925781253 3 2 2
54 0 0 0 3 2 5 1 0 0 0 11.0097001953125 11.528291015625 12.0807158203126 3 3 3
52 0 1 0 8 8 9 1 0 0 1 29.0650410156254 34.607156249999 34.4755195312497 3 3 3
34 0 0 0 2 4 2 1 0 0 1 16.01 16.69 16.915 3 3 3
58 0 1 0 12 4 10 1 0 0 1 99.1924140624957 107.029445312498 150.017718750002 3 3 3
43 0 0 0 5 5 3 1 0 0 0 0.773704772949218 1.63331982421874 1.6834267578125 3 3 3
17 0 0 0 2 4 3 0 0 1 1 2.34247412109374 3.48210156250001 8.64518261718746 3 3 2
51 1 0 0 4 4 4 1 0 0 0 35.9913554687515 36.2196328125018 37.2824492187516 3 2 3
49 0 0 0 11 9 8 1 0 0 1 29.5153593750012 27.8012949218756 27.3808320312508 3 2 2
23 0 0 0 12 12 11 1 0 0 1 11.8110859375 0.803764587402344 17.9431328125 3 3 2
21 1 0 0 12 12 11 0 0 1 1 9.94360253906254 10.3389492187501 8.71273828125002 2 2 2
44 0 1 0 3 3 4 1 0 0 1 12.968 9.15129589843751 15.35153515625 2 1 3
49 1 0 0 2 2 4 1 0 0 0 11.71624609375 11.3507421875001 11.1128828125 2 2 2
44 1 0 0 3 3 3 1 0 0 1 16.554 17.31754296875 18.64 2 3 2
68 0 0 1 6 4 3 1 0 0 1 23.3829374999997 19.1803125000001 13.8126962890626 3 3 3
59 0 1 0 3 5 5 1 0 0 0 10.452 10.549109375 5.83304980468747 3 3 3
33 0 0 0 9 12 9 1 0 0 1 32.1288417968748 34.7967656250013 39.0000000000006 2 3 3
50 0 1 0 3 4 5 0 1 0 1 12.8654638671875 12.759478515625 16.3532929687501 2 2 3
46 0 1 0 4 6 6 0 1 0 0 16.2126474609375 21.19025390625 22.8233261718746 3 3 3
23 1 0 0 6 5 7 0 0 1 1 12.6959580078125 12.4933564453125 16.2570830078125 1 2 3
19 0 0 0 2 2 6 0 0 1 1 0.003 0.002 0.002 2 2 3
56 0 1 0 5 7 5 1 0 0 0 12.7515009765625 44.430000000002 17.1427460937501 3 3 3
56 0 1 0 8 10 8 1 0 0 1 53.6965078124978 39.639999999999 22.2999999999998 3 2 2
26 1 0 0 12 12 12 0 0 1 0 27.0069335937509 39.5724609374983 71.6311250000027 3 2 2
56 0 1 0 2 2 1 1 0 0 0 11.5468818359375 10.381986328125 10.808314453125 3 3 3
56 0 0 1 7 2 1 1 0 0 1 20.15 20.8950000000001 21.515 3 3 3
30 0 0 0 11 12 12 0 0 1 1 13.2599999999999 13.78 14.56 3 3 3
63 0 0 0 3 4 5 1 0 0 1 9.00984374999995 5.60767919921873 9.51700976562499 3 3 3
60 0 0 1 2 1 3 1 0 0 0 2.45286767578126 4.48787500000002 6.5084033203125 3 3 2
24 0 0 0 3 3 7 0 0 1 1 17.05508203125 17.7816406249999 19.445798828125 3 2 2
22 1 0 0 10 7 9 0 0 1 0 15.8356669921876 20.3909609375 21.784072265625 2 2 2
36 0 0 0 1 3 7 1 0 0 0 19.9111640625 20.0046777343749 14.062837890625 2 3 3
65 0 1 0 3 3 4 1 0 0 1 12.13601953125 7.39121093749997 17.3943632812501 3 3 2
64 0 0 0 3 3 4 1 0 0 0 4.29809472656249 13.167298828125 13.41302734375 3 3 3
35 1 0 0 7 8 4 1 0 0 0 35.6576093749999 41.3593046874982 45.3208359375004 3 3 3
64 0 0 1 6 8 9 0 0 0 0 9.68034570312499 11.06062109375 9.95131250000002 3 3 3
46 1 0 0 7 8 9 1 0 0 0 9.46025488281247 10.656904296875 13.4515849609375 3 3 3
31 1 0 0 2 4 3 0 0 1 0 21.0401855468751 23.5020781249991 27.6971289062506 3 3 3
62 0 1 0 7 5 9 1 0 0 1 10.3 8.46000000000001 7.99999999999997 3 3 3
61 0 0 0 3 2 9 1 0 0 0 9.90370800781246 12.0692861328125 11.33063671875 3 3 3
53 1 0 0 3 4 3 1 0 0 1 49.4829101562495 49.1658203125005 50.2075468750024 3 2 2
52 0 1 0 2 3 2 1 0 0 0 9.18452148437503 10.23571484375 11.9574375000001 2 2 2
19 0 1 0 4 2 7 0 0 1 0 0.644550048828123 13.04575 3.07269213867188 2 2 2
73 1 0 0 2 1 1 1 0 0 0 2.66148242187501 2.70363598632813 3.5084033203125 3 2 2
63 0 1 0 3 4 3 1 0 0 1 11.3428056640625 11.4268212890625 11.5847744140625 3 3 3
58 0 1 0 1 1 1 1 0 0 0 3.01403124999999 0.87 4.57150439453125 2 3 3
25 1 0 0 9 12 12 0 0 1 1 16.5758046874999 19.725802734375 19.1138574218751 3 3 3
45 1 0 0 9 11 9 1 0 0 1 81.0000000000019 87.4999999999995 91.0000000000013 3 3 3
44 1 0 0 5 3 4 1 0 0 0 1.25763708496094 0.94898016357422 0.984663330078122 2 2 2
51 0 1 0 5 3 5 1 0 0 1 21 22.4999999999997 23.5000000000012 3 2 2
49 0 0 0 12 5 5 1 0 0 1 37.6185664062511 39.2309375000016 39.9836054687496 2 2 2
48 0 0 0 6 3 3 1 0 0 0 16.0850830078125 16 16.9054999999999 2 2 2
17 0 0 0 3 5 4 0 0 1 1 3.91372485351563 9.26104394531247 12.724083984375 3 3 3
64 0 0 1 10 7 8 1 0 0 0 11.301234375 7.96250000000001 12.3789345703125 2 2 2
54 0 1 0 2 5 4 0 1 0 0 7.53142871093747 3.56300000000001 6.21009960937502 2 2 3
42 1 0 0 3 9 1 1 0 0 1 68.4999999999988 70.6923046874967 61.7055781249993 3 3 3
24 0 1 0 10 9 12 0 0 1 1 15.7728857421874 14.2500000000001 16.2463076171875 2 2 2
45 0 0 1 6 4 12 0 0 1 1 16.156466796875 16.2124707031251 18.85600390625 2 2 2
75 0 0 1 2 3 4 1 0 0 1 7.34147363281252 7.55121874999997 10.1544638671875 3 3 3
66 0 0 0 2 2 3 1 0 0 0 2.18180493164061 2.53399951171876 2.440876953125 3 2 2
35 1 0 0 12 11 11 0 0 1 1 30.0897148437504 29.9970000000012 51.4969999999998 3 3 2
73 0 0 0 3 4 1 1 0 0 1 6.30993701171877 5.95746386718751 6.56580664062504 2 2 2
49 0 1 0 6 6 6 1 0 0 0 24.4999999999996 25.4999999999995 26.7500000000013 2 2 2
48 0 1 0 6 6 10 1 0 0 1 26.2592382812513 26.2479160156257 25.6647011718742 3 2 2
26 0 1 0 3 3 6 1 0 0 0 4.95458105468749 10.639349609375 16.5366679687501 2 3 3
22 0 0 0 7 6 7 1 0 0 1 17 18.0069296875 20.0069296875 3 3 3
43 0 1 0 3 3 4 1 0 0 1 25.1154746093741 24.1819414062509 21.6406464843751 2 2 2
42 0 0 0 6 2 5 1 0 0 0 5.20179931640627 6.67906591796877 7.69665283203128 2 2 2
16 0 0 0 2 2 5 0 0 1 0 0.06 5.17778271484376 4.47944580078126 3 3 3
54 0 0 0 4 2 2 1 0 0 0 3.94415185546876 4.6556572265625 6.21293603515623 3 2 3
29 0 1 0 9 5 12 0 0 1 0 16.5612636718751 17.7736250000001 23.6031425781244 2 2 2
54 0 0 0 7 3 4 1 0 0 0 14.7103125 13.96873046875 12.971962890625 2 2 2
29 0 1 0 9 5 11 1 0 0 1 15.0000000000001 11.653845703125 21.3211328125 2 3 2
27 0 1 0 3 5 12 0 0 1 1 12.09590234375 16.3056064453124 18 2 2 2
45 0 1 0 9 6 9 1 0 0 1 52.5296953125005 62.9603906249984 57.8243906249992 3 3 3
38 0 0 0 2 2 2 1 0 0 0 5.06929785156252 6.2628623046875 11.2366142578125 3 3 3
65 0 0 0 3 1 1 1 0 0 0 20.9642734375001 18.2676953125 16.7640800781249 2 2 3
60 0 1 0 12 12 11 1 0 0 1 28.2025390625011 29.8910722656242 30.6496542968739 3 2 2
31 0 0 0 3 3 2 1 0 0 1 23.1934726562507 24.5558730468742 25.849884765626 2 3 2
29 1 0 0 5 6 6 1 0 0 0 17.4674355468749 17.8697460937501 21.0310996093751 3 2 2
17 0 0 1 4 2 3 0 0 1 1 1.14601892089844 4.57599999999998 10.1714472656251 1 1 1
58 0 0 0 4 1 5 0 1 0 0 9.66554296874996 3.27803173828126 1.11 2 2 2
52 0 1 0 6 4 3 1 0 0 1 35.7500000000016 34.7499999999987 3.75119995117188 3 3 3
48 0 0 0 6 7 7 1 0 0 0 23.5795624999992 26.2008378906243 31.8549941406241 3 3 2
27 0 0 0 12 12 12 0 0 1 1 21.3809140624999 21.9813749999999 20.34965234375 2 1 2
81 0 1 0 1 1 2 0 1 0 0 5.88499511718753 6.17661474609379 6.37908984375 3 3 2
56 0 1 0 9 12 12 1 0 0 1 46.2070000000007 48.7420000000004 44.171999999999 3 3 3
54 0 0 1 3 4 6 1 0 0 0 0.839927673339847 1.37637670898438 3.93871630859373 3 3 2
74 0 1 0 1 2 4 0 0 0 0 9.76499511718749 10.975958984375 9.96353417968747 3 3 3
44 0 1 0 7 2 6 1 0 0 0 6.83853125000003 4.69025390624998 10.2285732421875 3 2 2
17 0 0 0 1 12 5 0 0 1 0 4.16457617187502 9.58335156249999 13.7108369140625 2 2 1
50 0 0 0 2 1 1 1 0 0 1 26.2859140624992 22.6862851562507 19.315056640625 3 3 3
44 0 0 0 5 5 3 1 0 0 0 9.02367285156249 10.0669628906249 9.737962890625 3 3 3
46 0 0 0 4 3 5 1 0 0 0 9.025375 9.69893261718749 16.8491015625 2 3 2
46 0 1 0 5 5 4 1 0 0 1 35.9786093750006 33.0342851562508 40.0210078125006 2 3 2
20 0 1 0 7 8 7 0 0 1 0 6.20385644531247 4.23802539062501 1.06285705566406 3 3 3
16 0 0 0 2 4 5 0 0 1 0 1.33714282226563 3.26724731445313 2.29891137695312 3 3 2
46 0 1 0 8 6 8 1 0 0 1 16.8996640625001 16.7570039062499 19.03109765625 2 2 2
21 0 0 0 11 12 9 0 0 1 1 2.390923828125 7.57983007812496 15.6685849609375 3 3 3
18 0 1 0 10 8 8 0 0 1 0 3.24614428710937 5.24048779296875 10.481693359375 3 3 3
36 0 1 0 5 4 12 1 0 0 0 8.91592968750001 19.7342734375 14.6643847656251 3 2 2
59 0 0 0 5 2 1 1 0 0 1 28.6652421875009 22.05769140625 9.65907714843754 3 3 3
57 0 0 0 3 2 1 1 0 0 0 6.99000000000003 7.44399999999999 7.19200000000003 3 3 3
32 1 0 0 7 4 4 1 0 0 1 19.21478125 26.4203242187494 24.6189374999989 3 2 2
35 1 0 0 5 6 3 0 0 1 1 10.938076171875 11.3501455078125 6.87115380859376 2 3 3
17 0 0 1 9 9 5 0 0 1 0 4.24326416015627 9.25599999999998 6.16414453124997 2 2 2
58 0 1 0 2 1 2 1 0 0 1 11.068 12.2320849609374 14.5255029296875 2 2 3
57 0 1 0 1 3 2 1 0 0 0 12.40946875 13.10184765625 8.38042480468749 2 3 3
35 0 1 0 9 6 7 1 0 0 1 1.61571423339844 17.299345703125 23.8110859374999 3 3 3
35 1 0 0 9 6 9 1 0 0 0 22.1410449218748 44.2877343749982 16.2972773437499 3 3 3
42 1 0 0 3 5 4 1 0 0 0 14.4732685546874 16.738234375 17.096328125 3 2 2
74 1 0 0 6 5 4 1 0 0 1 18.82748828125 19.53196875 27.8111308593752 3 3 3
39 0 0 0 1 3 3 1 0 0 0 5.96773535156251 12.350671875 8.23624804687501 2 2 3
56 0 0 0 3 2 2 1 0 0 1 7.05815771484378 7.49999999999999 7.49999999999999 3 3 3
58 0 1 0 5 3 5 1 0 0 1 5.29999999999999 4.79999999999999 5.89834277343751 3 3 3
26 1 0 0 12 10 10 0 0 1 1 30.4565898437491 33.5534609374985 33.4995429687495 2 2 3
47 0 1 0 10 7 8 0 0 1 0 22.6474140624999 18.748826171875 3.39752587890624 1 2 2
68 0 0 1 3 9 6 1 0 0 1 21.1602480468751 16.9970624999999 16.8297070312499 2 2 2
87 0 1 0 1 1 2 0 0 1 0 11.809599609375 12.3313125 12.386748046875 2 2 2
46 0 1 0 5 4 2 1 0 0 1 43.2531953124986 55.2866445312506 43.0294765625006 3 2 2
18 0 1 0 5 5 5 0 0 1 1 2.70207861328126 7.00531152343748 6.0608447265625 3 2 2
17 0 0 0 6 3 5 0 0 1 0 0.369557830810547 2.70069189453125 8.93487304687499 3 3 3
75 0 1 0 1 3 2 0 0 0 0 16.126775390625 14.038634765625 18.6224453125 3 3 3
58 0 0 0 6 1 4 1 0 0 1 5.5496494140625 5.60478857421875 5.64478857421876 2 2 2
54 1 0 0 3 2 3 1 0 0 0 15.6420322265625 3.75824169921875 5.64239746093751 3 2 2
57 0 0 0 3 9 10 1 0 0 1 43.5769062499998 41.664085937499 44.7499999999999 3 3 3
51 0 1 0 5 4 6 1 0 0 0 12.1092382812501 11.4687763671875 7.84878955078122 3 3 3
77 0 0 1 4 2 1 0 0 0 0 10.1055908203125 10.997736328125 11.0113125 3 2 3
46 0 0 0 3 5 7 1 0 0 1 14.6502763671874 14.7517763671874 12.4166201171875 3 3 3
40 0 0 0 3 3 4 1 0 0 0 11.38157421875 8.26740039062496 13.6268173828125 3 3 3
26 0 1 0 9 9 12 1 0 0 1 14.2783212890624 17.20554296875 1.4022041015625 3 2 3
52 0 0 1 3 3 6 1 0 0 0 9.48824121093754 10.5530888671875 9.49905957031253 3 3 3
56 0 0 0 4 5 3 1 0 0 1 21.982650390625 15.6350380859375 21.727908203125 3 3 3
33 0 1 0 2 3 3 1 0 0 0 3.48106445312498 4.09095874023439 3.98841235351564 2 3 2
62 0 0 0 9 6 5 1 0 0 1 20.806830078125 0.862691101074215 5.99999999999999 3 2 3
59 0 1 0 2 2 2 1 0 0 0 6.16800000000003 6.88479003906248 7.77179785156246 3 2 2
33 0 0 0 12 12 9 0 0 1 0 13.1491093750001 13.701146484375 14.806845703125 3 3 3
72 0 0 1 2 3 8 0 0 0 0 9.91653906250002 10.1350966796875 10.0561875 1 3 3
66 0 0 1 2 1 3 1 0 0 0 6.97781396484375 9.17375781249999 5.3399560546875 3 3 3
72 0 0 1 1 1 4 1 0 0 1 5.28766796875001 5.42634228515625 6.2699189453125 3 3 3
54 0 0 1 1 1 1 1 0 0 0 9.41524218749998 9.67344140624994 10.087759765625 2 2 2
57 0 0 1 4 4 3 1 0 0 1 8.5325634765625 10.844341796875 12.4355654296875 3 3 3
36 0 0 0 7 7 5 1 0 0 1 18.924 19.0840000000001 19.422 3 3 2
37 0 0 0 3 2 3 1 0 0 1 14.0699999999999 14.2520000000001 17.5760000000001 3 3 3
45 1 0 0 12 11 12 1 0 0 1 11.2335166015625 27.3637949218755 15.3499999999999 3 3 2
40 0 1 0 8 9 9 1 0 0 0 8.30571484374997 16.0311640625 0.00120000004768372 3 2 2
52 1 0 0 4 4 2 1 0 0 1 22.2170898437495 28.8221718750014 22.4748593750005 2 2 2
45 1 0 0 6 4 3 1 0 0 0 12.3547763671875 17.984427734375 29.0093398437513 3 3 2
50 0 1 0 6 5 3 1 0 0 1 45.0946406250003 46.1938515624989 50.4870859375005 3 3 2
49 0 0 1 6 8 6 1 0 0 0 0.807637084960937 9.34898046874997 0.974706787109376 2 3 3
43 1 0 0 4 6 4 1 0 0 1 23.2477675781249 30.6677734375004 30.7789140625012 2 3 2
40 1 0 0 3 2 2 1 0 0 0 5.98321875000002 7.09479882812502 7.31213134765627 3 3 2
65 0 0 0 1 1 1 1 0 0 1 22.688966796875 16.2093828125001 14.9792919921875 3 3 2
61 0 1 0 2 2 3 1 0 0 0 2.86529272460939 5.46036474609373 4.41684619140627 3 3 3
27 0 1 0 3 3 2 1 0 0 0 21.0715957031249 21.18147265625 23.6487636718754 2 2 3
62 0 0 0 5 6 5 1 0 0 1 2.54399999999999 8.89200000000002 8.94 3 3 3
61 0 0 0 3 3 4 1 0 0 0 4.74491210937497 6.97979785156251 1.31819165039062 3 3 2
52 0 1 0 12 10 8 0 1 0 1 71.0544999999981 72.2554296874973 79.2609687499974 3 3 3
53 0 0 0 3 2 2 1 0 0 0 10.244 10.862 11.362 3 3 2
62 0 0 1 6 7 2 1 0 0 1 4.72113964843749 11.5105234375 18.0299999999999 2 3 3
26 0 1 0 2 2 6 1 0 0 0 1.33237634277344 8.09521484374997 9.30533398437502 1 2 2
86 0 1 0 4 2 4 1 0 0 1 13.320216796875 11.7718515625 11.453130859375 3 3 3
76 0 0 1 4 3 5 0 0 0 0 10.3712041015625 10.1799580078125 13.108291015625 2 2 2
47 0 0 0 7 12 12 0 1 0 1 9.21206933593746 9.53999999999997 0.419999999999998 2 2 1
44 0 1 0 1 5 5 1 0 0 0 8.53901269531248 7.98608691406252 31.0386933593763 3 3 3
18 0 0 0 6 6 7 0 0 1 0 4.89921044921874 10.5912509765625 5.49424511718753 3 2 2
51 1 0 0 4 8 10 0 1 0 1 22.8575527343755 22.8295527343758 27.9835449218762 3 2 2
27 1 0 0 10 6 2 0 0 1 0 15.9241562499999 17.759583984375 11.704912109375 2 2 2
25 0 0 0 1 1 5 1 0 0 0 18.4175859375 18.92620703125 17.50891015625 3 2 2
23 1 0 0 1 2 2 1 0 0 0 4.96234765625001 2.93689624023437 4.44553808593751 3 2 3
49 0 1 0 6 7 5 1 0 0 1 18.359552734375 19.8006835937499 16.0442958984375 2 3 2
26 0 0 0 8 6 5 0 0 1 1 12.00923828125 10.5607392578125 12.272 3 3 3
19 0 0 0 1 3 3 0 0 1 0 4.09821435546873 11.23918359375 14.819353515625 2 2 2
65 0 1 0 4 2 5 1 0 0 1 7.04216210937503 10.963533203125 5.91834326171875 3 3 3
61 0 0 1 2 3 3 1 0 0 0 4.57288476562498 7.79086621093751 7.70268847656253 2 3 3
21 0 0 0 9 4 2 0 0 1 0 4.40200000000002 6.80821240234374 6.48091894531252 2 3 3
41 0 1 0 1 3 4 0 0 1 1 15.25 9.8382001953125 4.98789257812497 2 2 2
64 0 0 1 1 3 4 1 0 0 0 7.43678857421878 8.44540917968748 8.81839355468754 3 3 3
59 0 1 0 4 9 2 1 0 0 1 11.136060546875 12.9276679687501 15.674919921875 3 3 2
30 0 0 0 2 3 5 1 0 0 0 7.61920458984378 6.19856640624999 3.344466796875 2 2 2
52 0 0 1 1 2 2 0 0 1 1 12.506 13.126 13.412 2 3 3
79 0 1 0 2 3 7 0 0 1 0 22.5169160156249 21.7998085937499 18.6593515625 2 3 2
49 0 1 0 6 3 4 0 1 0 1 40.5950351562495 38.3211210937503 38.9986171874996 2 2 2
38 0 1 0 2 2 4 1 0 0 1 40.1767890625016 40.5996406250015 40.5535117187516 2 3 2
38 0 1 0 3 1 1 1 0 0 1 25.6930019531242 25.0032343749997 27.4853554687511 2 2 2
25 0 0 1 7 3 7 0 0 1 1 16.8480000000001 16.432 16.146 3 2 3
77 0 0 1 4 1 3 0 0 0 0 6.92696972656252 8.09648388671874 8.51163476562501 2 2 2
46 0 0 1 1 3 3 0 0 1 0 10.14 10.9482216796875 10.3762216796875 2 2 2
48 0 0 0 1 2 3 1 0 0 0 16.6140000000001 17.196 22.5750703125006 3 3 2
28 0 0 0 4 4 5 1 0 0 0 0.710557189941403 1.90753674316406 1.31863195800781 3 3 3
35 0 1 0 1 3 3 1 0 0 0 6.87333789062502 7.69898828125 8.82619335937502 3 3 3
35 0 0 0 4 2 8 1 0 0 1 14.9283271484375 16.4181015625 17.3413398437499 3 3 3
59 0 0 0 5 4 5 1 0 0 1 17.5000000000001 19.0000000000001 22.4999999999997 2 3 2
58 0 0 1 3 2 2 1 0 0 0 3.25506689453126 3.56915478515626 3.23441113281251 3 3 3
32 0 0 0 1 1 1 1 0 0 0 6.451177734375 6.6889384765625 7.50995898437497 2 3 3
31 0 0 0 9 9 3 1 0 0 1 21.1976015625 21.184294921875 22.3081894531242 3 3 2
68 0 1 0 2 1 1 0 0 0 0 9.18909472656251 9.93693066406249 7.13270751953127 3 3 2
41 0 0 0 4 5 6 1 0 0 1 20.3189999999999 33.4249218749984 32.9269218749984 3 2 2
32 0 0 0 9 8 8 1 0 0 1 13.210162109375 14.4110849609375 10.878109375 2 2 2
30 0 1 0 4 12 5 0 0 1 1 9.00000000000004 11.25 8.65880371093752 2 3 2
70 0 0 1 5 6 3 1 0 0 1 12.206892578125 12.609263671875 12.8072089843751 3 2 2
22 0 0 0 4 8 5 0 0 1 1 8.84 11.7228798828125 14.6114980468751 2 2 2
36 0 0 0 10 10 12 1 0 0 0 13.158 14.2594052734375 12.9867294921875 3 2 2
39 0 1 0 3 2 6 1 0 0 1 15.0928642578125 18.6033046875 19.45408203125 2 2 2
59 0 1 0 5 7 8 1 0 0 0 18.0770507812501 14.0617714843751 22.8099628906252 3 3 3
27 0 1 0 9 7 12 0 0 1 1 11.20741796875 11.20741796875 11.7 2 2 3
18 0 0 0 12 10 8 0 0 1 0 3.90771850585939 11.3067412109375 8.2386171875 2 2 2
87 0 0 1 3 2 2 0 0 0 0 5.00025292968749 4.49773681640627 4.49773681640627 3 3 3
37 0 1 0 2 4 4 1 0 0 1 23.4060058593742 21.9563789062501 21.5696875000001 3 3 2
35 0 1 0 3 3 3 1 0 0 0 4.3399609375 4.50746337890627 1.43784191894531 2 2 1
26 0 0 0 1 1 1 1 0 0 0 7.56416455078125 6.79493115234378 2.36419287109376 2 2 2
80 0 0 0 2 3 3 1 0 0 1 11.1522822265625 10.637271484375 10.907271484375 3 2 2
29 0 0 0 9 8 7 0 0 1 0 18.305033203125 21.3528007812499 23.5940000000003 2 3 2
50 0 1 0 2 3 3 1 0 0 0 7.83160693359377 5.13927050781249 5.61168017578123 2 2 3
26 0 0 0 3 3 1 1 0 0 0 11.223125 10.7176640625 12.0858105468751 1 2 2
52 0 1 0 2 2 3 1 0 0 0 13.1428574218749 15.4055263671876 11.8127265625 3 2 3
51 0 1 0 8 4 9 1 0 0 1 20.17100390625 20.2470957031251 20.8461464843751 3 3 3
45 0 1 0 7 9 5 1 0 0 1 24.7563281250002 20.0053281249999 21.64 2 3 3
44 0 1 0 2 1 7 1 0 0 0 7.09870117187498 7.11547363281252 9.4652421875 3 3 3
59 0 1 0 8 11 12 1 0 0 1 17.9240449218749 16.7678183593749 17.7442832031249 3 3 2
58 0 1 0 8 6 2 1 0 0 0 7.95600439453128 8.43523046875002 9.31898046875 3 2 3
28 0 1 0 8 5 4 1 0 0 0 10.96 11.253 10.8202685546875 3 3 3
24 0 1 0 5 7 11 0 0 1 1 10.494939453125 13.6583554687499 15.4942685546876 2 2 2
48 0 1 0 12 10 10 0 1 0 1 14.603900390625 9.05858398437498 17.98612890625 2 2 2
46 0 1 0 3 8 1 1 0 0 1 6.38147900390622 8.72637402343748 11.3188330078125 3 2 3
34 0 1 0 3 3 1 0 1 0 0 9.77537597656251 16.3050859375 17.0768867187501 3 2 3
65 0 1 0 8 5 5 0 0 1 0 9.39361914062504 9.60965527343749 10.734423828125 3 3 2
52 0 0 0 2 3 3 1 0 0 0 0.02 0.0500000000000002 0.0500000000000002 2 2 2
52 0 1 0 7 8 8 1 0 0 1 17.880513671875 15.9910625 14.6188935546875 2 2 2
27 0 1 0 3 4 3 1 0 0 0 4.23663720703125 8.69823925781246 4.7953642578125 2 2 2
25 0 0 0 6 3 3 1 0 0 0 13.67584375 17.1725234375 10.9734931640625 3 3 3
46 0 1 0 12 12 12 0 0 1 1 17.939435546875 18.2142285156251 20.9123222656251 2 2 2
82 0 0 0 2 1 1 1 0 0 1 9.21405957031251 8.08715039062497 10.296638671875 2 2 2
69 0 0 1 1 1 2 0 1 0 0 6.85126367187501 6.66109130859376 6.90790185546875 2 2 3
55 0 0 0 4 3 2 0 1 0 0 14.6185 15.1515 14.7625937499999 2 2 3
33 0 1 0 7 6 6 0 0 1 0 27.6302773437513 28.9499999999988 30.0000000000002 3 2 2
43 0 1 0 5 3 2 1 0 0 0 10.3402080078125 9.63238574218755 7.60200439453127 2 2 2
23 0 0 0 1 2 1 1 0 0 0 10.8278193359375 8.73036425781251 6.84823925781252 2 3 1
20 0 0 0 4 5 8 1 0 0 0 11.7382724609375 12.0390302734375 13.012779296875 3 2 2
75 0 0 1 5 2 5 0 0 0 0 12.2896396484375 14.254466796875 13.273892578125 3 3 3
47 1 0 0 3 1 3 1 0 0 1 1.89285717773437 20.5582734375 6.91156835937497 3 3 2
43 0 0 0 1 1 1 1 0 0 0 5.97375781249999 4.23734570312502 7.90126025390624 3 3 3
79 0 0 1 1 3 2 1 0 0 1 6.67884521484375 6.75515039062503 6.9599189453125 3 3 3
35 0 0 0 1 4 3 0 1 0 0 26.4519609374993 14.253966796875 15.4951708984375 3 3 2
49 0 0 1 11 9 10 0 0 1 1 17.3233710937499 15.4378749999999 15.3117783203124 2 2 2
45 0 1 0 3 5 4 1 0 0 0 19.767044921875 19.8064062499999 13.211203125 3 3 2
57 0 0 0 3 4 5 1 0 0 1 9.11838476562497 8.77500000000003 1.53328417968751 2 2 2
43 0 1 0 2 2 6 1 0 0 0 10.887357421875 14.8827812499999 14.1315859375001 2 2 2
19 0 0 0 5 12 12 0 0 1 0 6.61110351562498 6.19670166015626 10.189701171875 2 2 2
35 0 1 0 5 12 9 1 0 0 1 12.19544140625 15.292791015625 14.9475087890625 3 3 2
47 0 1 0 3 3 3 1 0 0 0 9.74320703125004 9.67665234374994 20.3441328125 3 2 3
41 0 1 0 8 5 9 1 0 0 1 34.8795585937486 37.0556796874985 43.0049882812517 2 3 2
62 0 0 1 6 6 7 1 0 0 1 13.1860791015625 14.2092597656249 10.9535986328125 3 3 3
46 0 0 1 3 1 4 1 0 0 1 16.12600390625 15.912240234375 17.5133945312499 2 2 2
41 0 0 0 7 7 5 1 0 0 0 10.09580859375 11.7 12.9999999999999 2 2 2
20 0 0 0 2 1 3 0 0 1 0 7.32533789062496 5.58078417968753 4.83227978515623 2 1 2
69 0 0 1 3 4 2 0 0 0 0 8.89836035156246 11.23587890625 9.66264550781252 3 2 2
47 0 0 0 8 2 5 0 1 0 1 22.8175507812508 21.408775390625 22.0092382812501 3 3 3
54 0 0 1 8 3 8 1 0 0 0 16.361916015625 4.64438623046877 9.14216699218751 1 1 1
56 0 1 0 9 12 10 1 0 0 1 14.798333984375 10.104294921875 18.4020781249999 1 3 3
48 0 1 0 11 7 11 1 0 0 0 37.408222656251 43.3120898437521 45.3905312500014 2 2 2
45 0 0 1 2 2 2 1 0 0 1 28.3935000000004 29.3969999999992 23.461302734374 2 2 2
40 0 0 0 2 9 9 1 0 0 0 17.7201679687499 18.577443359375 19.364111328125 3 3 3
21 0 0 0 2 3 8 0 0 1 1 13.80554296875 14.6110859375 13.52817578125 2 2 2
46 0 0 0 4 10 5 1 0 0 1 28.4138574218744 30.9297929687486 34.5373476562499 3 2 2
44 0 0 0 3 4 2 1 0 0 0 8.06404296875004 14.2168535156251 14.4688925781251 2 2 2
18 0 0 0 8 8 11 1 0 0 0 6.20192382812499 14.663234375 18.6985292968751 3 2 3
59 0 0 1 6 5 6 0 0 0 1 23.8641210937488 25.6817539062489 22.1810624999999 3 3 1
37 0 1 0 4 4 9 1 0 0 1 36.436027343749 37.3487304687496 38.1733281250007 3 3 3
56 0 0 1 6 5 5 1 0 0 0 12.107857421875 8.95743945312503 5.00000000000001 3 3 2
59 0 0 1 7 8 7 1 0 0 1 8.84538476562503 7.20000000000002 6.99461669921876 2 2 2
32 0 0 0 6 9 10 0 0 1 0 21.3200859375001 14.7175712890625 17.9450585937501 2 2 2
51 0 1 0 2 3 3 1 0 0 1 18.356515625 18.5503730468751 19.192373046875 3 2 2
46 0 0 1 9 5 6 1 0 0 0 12.482154296875 13.862173828125 19.2493593750001 3 3 3
64 0 0 0 10 1 2 1 0 0 1 9.88799999999998 12.988724609375 13.5876875000001 3 3 3
44 0 0 0 6 1 4 0 0 1 0 5.47052246093751 5.65066113281247 3.7411201171875 2 2 2
36 0 0 0 7 1 3 1 0 0 0 12.9166728515624 11.412240234375 11.459619140625 3 3 3
57 0 1 0 6 3 3 1 0 0 0 0.0612000007629394 3.30060009765625 6.8312275390625 3 3 3
34 0 0 0 8 9 7 1 0 0 1 5.59999999999999 12.8674580078125 23.5726679687494 3 2 2
51 0 0 1 2 4 2 1 0 0 0 5.63000000000002 4.05714282226561 6.39499999999999 2 2 2
25 0 0 0 2 5 2 1 0 0 1 20.8270000000001 21.4529257812501 20.3765078125001 2 2 2
33 0 1 0 12 12 12 1 0 0 1 27.9654414062487 28.2760644531246 29.4078183593754 2 2 2
44 0 0 0 5 6 5 0 0 1 1 16.286375 16.9168593750001 18.6600468750001 2 3 2
87 0 1 0 6 6 9 1 0 0 1 18.53108203125 18.97364453125 19.1950507812499 3 3 3
22 1 0 0 8 10 5 0 0 1 0 0.846365295410155 11.3987900390625 12.745298828125 3 3 3
71 0 0 1 1 2 1 0 1 0 1 15.58386328125 17.79108984375 17.545990234375 2 2 2
38 0 0 0 1 1 3 1 0 0 0 4.20181201171877 7.37221874999997 5.32995410156248 2 2 2
71 0 0 1 1 2 2 1 0 0 0 4.54744140625 4.48189843749998 4.62801074218749 3 3 3
55 1 0 0 1 3 2 1 0 0 0 9.15745507812498 5.98546875000003 6.01662841796873 2 3 2
46 0 1 0 2 5 3 1 0 0 1 22.4900000000009 28.2701601562503 29.7632988281242 2 2 2
30 0 1 0 1 3 2 1 0 0 0 8.29045312500004 5.23579736328125 10.3919999999999 3 2 3
18 0 0 0 1 12 12 0 0 1 1 9.79949804687503 2.12714306640624 2.12623632812501 2 3 3
54 0 1 0 3 1 1 1 0 0 1 21.0819863281249 22.2116816406242 23.2741953125008 2 2 2
51 0 0 1 6 7 2 1 0 0 0 8.77099999999999 8.33900000000004 9.78099999999998 2 3 2
28 1 0 0 2 4 5 1 0 0 0 0.397408660888674 10.5681103515625 8.13422363281251 3 3 3
24 0 1 0 3 3 3 1 0 0 0 15.611703125 5.57528173828124 9.53128906250001 3 3 2
61 0 1 0 5 4 7 1 0 0 1 13.74612109375 14.9214775390624 15.4138564453125 2 2 2
57 0 1 0 2 3 2 1 0 0 0 18.199595703125 18.9452578125 18.460162109375 2 2 2
41 0 1 0 8 4 2 1 0 0 1 17.3180000000001 17.803439453125 14.0991845703125 2 2 2
38 0 1 0 5 8 5 1 0 0 1 17.8100000000001 19.318193359375 19.825193359375 2 1 2
35 0 1 0 8 6 6 1 0 0 1 21.786744140625 22.6238691406241 23.8678300781246 3 3 2
67 0 0 0 1 4 2 1 0 0 1 7.43490087890627 10.129408203125 7.26140478515625 2 3 3
69 0 0 1 1 1 2 1 0 0 0 2.36148242187501 2.35482763671875 5.24290234375 3 3 3
26 0 0 0 1 1 2 1 0 0 0 13.4050810546875 11.971099609375 8.66407714843749 3 3 2
86 0 1 0 7 12 4 0 0 0 1 32.9420429687486 28.0257167968747 45.6632304687484 3 3 3
56 0 0 0 1 1 1 0 0 1 0 9.86224023437498 9.83221679687501 11.2553115234375 3 3 2
64 1 0 0 2 4 4 1 0 0 1 23.6999999999995 28.9920253906247 28.4403652343745 3 3 3
62 0 0 0 3 3 3 1 0 0 0 4.37847216796874 5.27806054687499 4.51125341796877 3 3 3
38 0 0 1 3 7 2 1 0 0 0 4.29652099609376 4.48269335937499 3.04770678710938 2 2 2
18 0 0 0 4 7 3 0 0 1 0 5.55428564453126 2.94396020507814 7.46891113281249 2 2 2
43 0 0 0 3 5 4 1 0 0 1 4.15384619140625 5.82692285156252 7.25 2 2 2
39 1 0 0 9 5 3 1 0 0 0 17.6595859375 19.7067402343749 19.516013671875 3 3 2
84 0 1 0 2 7 5 0 0 0 0 25.025289062501 14.5951738281251 17.822330078125 2 2 2
55 0 0 0 2 2 8 0 0 1 0 11.7390302734375 12.0993076171875 13.4623095703124 3 3 3
63 0 0 0 1 1 3 0 0 0 0 10.2133828125 10.9526806640624 10.5266552734375 3 3 3
31 0 1 0 4 4 4 1 0 0 1 23.6295390624991 28.5399999999992 28.4045332031263 2 2 2
29 0 0 0 5 2 1 1 0 0 0 9.42725195312497 9.77944628906247 6.39050439453122 3 3 2
57 0 0 1 3 3 2 1 0 0 1 3.75000000000001 2.5 9.99999999999997 2 2 2
57 0 0 0 2 1 2 1 0 0 0 4.506 4.79999999999999 7.38400000000002 2 2 2
77 0 0 0 1 2 1 1 0 0 0 7.97631250000002 9.9576552734375 8.83259277343751 2 2 2
37 0 0 0 10 3 2 1 0 0 0 11.7090078125 12.369515625 13.012009765625 2 2 2
71 0 0 1 5 6 8 0 0 1 1 7.92650488281252 8.54405761718751 9.74882421874999 3 3 3
48 1 0 0 10 8 6 1 0 0 1 86.5000000000025 105.000000000004 105.000000000004 2 2 3
45 1 0 0 6 8 7 1 0 0 0 31.6985703125013 33.1715625000012 34.6662070312514 3 3 2
29 0 1 0 3 2 4 1 0 0 0 8.47127539062501 3.44953857421875 14.6442275390626 1 3 3
57 0 0 1 1 6 11 1 0 0 1 26.0852109375003 30.5648222656248 33.2071054687497 3 3 2
54 0 0 0 2 4 4 1 0 0 0 4.29728417968753 3.60173461914063 4.11626708984376 3 3 2
29 0 1 0 12 12 12 0 0 1 1 28.6219414062487 33.6258671874996 29.7226328125 3 2 2
27 0 0 0 5 4 6 1 0 0 0 9.2931611328125 2.73950439453125 2.89386474609376 3 3 2
46 0 1 0 10 9 10 0 0 1 1 2.658 0.0999999999999999 6.70508105468749 2 2 2
27 0 1 0 3 3 2 1 0 0 0 1.94347509765625 2.86906933593751 7.77212500000002 3 3 3
49 0 0 0 6 3 3 1 0 0 0 8.64660546875002 7.77196289062504 8.04988476562502 2 3 2
27 0 1 0 3 2 2 1 0 0 0 15.021546875 16.2805078125 18.6833613281249 2 3 3
24 0 1 0 3 5 2 1 0 0 1 21.17580859375 27.4379999999997 24.8180000000009 3 3 3
76 0 0 0 1 2 1 0 0 0 0 17.5897207031251 15.8822578125001 17.48320703125 2 3 2
70 0 1 0 6 3 8 1 0 0 0 2.35934863281249 1.73792395019531 4.44529296875001 3 3 2
61 0 1 0 2 2 3 1 0 0 1 32.6 31.7499999999988 41.5000000000004 2 2 2
59 0 1 0 1 1 1 1 0 0 0 0.734242431640628 2.82918164062499 6.80730566406251 3 3 3
21 0 0 0 11 12 5 0 0 1 1 23.8920097656253 16.3318525390624 20.4157050781249 3 2 2
62 0 0 1 2 2 2 1 0 0 0 6.81456982421878 7.71546484374999 7.37517724609376 3 3 3
64 0 0 1 4 5 3 1 0 0 0 2.64 2.48280761718749 2.55959570312501 3 3 3
37 0 0 0 10 3 7 0 0 1 1 25.3020390624997 22.7760000000006 28.7128105468755 3 3 3
55 1 0 0 3 2 3 1 0 0 0 6.10109912109372 4.30358154296873 3.40468188476562 2 2 2
54 0 0 0 8 12 8 1 0 0 1 46.2138593749978 59.977714843751 54.0638593750006 3 3 2
37 0 1 0 4 5 7 0 1 0 1 13.048892578125 12.879529296875 13.4108232421876 2 2 2
32 0 1 0 7 3 3 1 0 0 0 15.07892578125 16.7586601562501 18.1577382812501 2 2 2
25 1 0 0 4 9 12 1 0 0 0 27.9499999999987 31.0269238281257 41.393589843748 2 2 2
56 0 1 0 7 7 6 1 0 0 1 28.9479999999995 22.5040000000002 28.6320000000011 3 3 3
25 0 1 0 2 9 5 0 0 1 0 4.93137207031248 13.81658203125 14.0384619140625 2 2 2
63 0 0 0 6 7 6 1 0 0 1 27.3204843750008 32.2042617187505 35.7469492187492 3 2 2
65 0 0 1 2 6 3 1 0 0 0 5.06410742187502 2.28521435546875 3.02208056640624 3 3 2
36 0 1 0 3 4 3 1 0 0 1 16.3889882812501 16.61673828125 16.0162763671875 2 2 2
70 0 0 0 5 4 6 1 0 0 1 16.526263671875 17.065666015625 24.0356249999998 2 2 2
20 0 0 0 6 2 5 1 0 0 0 6.02111523437501 13.0946298828125 11.9190537109375 3 3 2
67 0 1 0 10 3 2 1 0 0 1 25.2779531249987 25.5783242187495 25.1383828124988 3 3 3
62 0 0 0 2 4 3 1 0 0 0 2.71281933593749 2.95959570312501 3.36078735351564 3 3 3
67 0 0 1 4 3 3 1 0 0 0 3.11148242187499 3.20721166992187 3.45721166992188 2 3 2
67 0 1 0 8 8 9 1 0 0 1 22.729277343749 23.5064746093742 24.3748378906248 2 2 2
68 0 1 0 9 6 5 1 0 0 1 15.95727734375 16.4608789062499 16.9237304687501 2 2 2
67 0 1 0 2 1 2 1 0 0 0 2.57966333007812 2.89798974609375 2.71317114257814 3 2 2
42 0 1 0 4 6 4 0 0 1 1 16.62155859375 15.8425820312499 1.6120458984375 2 2 2
67 0 1 0 3 2 3 1 0 0 0 4.74188818359373 4.63111914062498 5.60578955078124 2 2 2
65 0 0 1 3 2 6 1 0 0 1 18.318291015625 18.70850390625 20.3131289062501 3 3 2
35 0 1 0 1 1 1 1 0 0 0 5.70008203124998 4.82341748046873 1.78223791503906 3 2 2
31 0 1 0 3 4 4 0 1 0 0 16.775888671875 17.07971875 19.23611328125 2 2 2
38 0 0 0 9 5 4 1 0 0 1 26.6422656249999 27.7191699218758 29.0963046874988 3 3 3
63 0 0 0 8 12 6 1 0 0 1 11.2000000000001 11.716 16.196080078125 3 3 3
65 0 0 1 2 1 2 1 0 0 0 6.06148242187498 4.95721191406249 4.4572119140625 3 3 3
37 0 0 0 1 1 2 1 0 0 0 4.44737109374999 1.35406567382813 1.34633349609374 3 3 3
44 0 0 0 7 6 4 1 0 0 0 17.818 19.4499999999999 19.6 2 2 2
75 0 1 0 6 9 12 1 0 0 1 18.3285019531249 21.1371308593749 20.747171875 3 2 2
73 0 0 0 3 4 2 1 0 0 0 8.93373828125002 12.28725 10.1996337890624 2 2 2
58 0 1 0 5 4 4 1 0 0 0 0.3 0.399999999999999 0.634999999999999 2 2 2
58 0 1 0 4 5 4 1 0 0 1 33.5678867187508 30.6034765625006 24.6187070312488 2 2 2
32 0 1 0 6 4 2 1 0 0 1 30.6594687500014 32.1845273437489 33.812277343749 3 2 3
65 0 1 0 6 7 9 1 0 0 1 73.9589453125029 80.4406250000009 79.2271093749989 3 2 2
57 0 1 0 4 8 4 0 1 0 0 4.70105859375001 4.6456337890625 1.07987841796876 3 3 3
16 0 0 0 2 2 11 0 0 1 0 1.56953833007813 3.43097973632811 2.34634277343751 3 3 2
47 0 0 0 7 9 8 1 0 0 0 6.13599999999998 6.81200000000001 6.52600000000003 2 3 2
20 0 1 0 9 10 12 0 0 1 1 13.1072275390626 17 25.5010000000006 3 2 2
37 0 0 0 12 12 10 1 0 0 1 16.1629755859376 18.408703125 21.4639140625 3 2 3
54 0 0 1 4 5 9 1 0 0 1 27.0207851562494 31.1907558593735 31.9258789062486 3 3 3
24 0 1 0 8 4 8 1 0 0 1 17.1541914062501 19.5421738281249 22.5853593749996 2 3 2
41 1 0 0 4 9 9 1 0 0 0 35.2892968749987 37.7853554687517 38.7029062500013 3 2 2
42 0 1 0 9 9 9 1 0 0 0 12.8739033203126 13.5733984375001 14.4481494140624 3 3 3
20 0 1 0 1 1 3 0 0 1 0 11.234595703125 11.1925634765625 11.4687763671875 2 2 2
18 0 1 0 3 3 2 0 0 1 0 0.54857141113281 0.06 0.3 3 3 2
52 0 0 0 2 4 5 0 1 0 1 17.0531171875001 17.1732109375 17.1131171875 3 3 2
56 0 1 0 4 3 3 1 0 0 1 24.4805566406258 25.3332128906244 25.8378769531238 3 3 2
50 0 1 0 2 3 1 1 0 0 0 16.7468828125 12.0329667968749 1.26923083496094 2 2 2
28 0 0 0 2 2 1 0 0 1 0 10.4416337890625 10.4024697265625 11.9620234375 2 2 2
26 0 0 0 12 12 12 0 0 1 0 16.2605078125 19.6591230468749 21.4364902343751 3 3 2
47 0 0 0 2 2 3 1 0 0 0 5.92654638671873 11.2353876953125 12.3084208984375 2 2 2
25 0 0 0 5 6 4 0 0 1 1 13.5624091796875 6.74558300781248 12.2728818359375 2 3 2
17 0 0 1 10 2 6 0 0 1 1 1.87915979003906 4.19428564453126 2.56189208984375 3 3 3
36 0 1 0 1 5 2 1 0 0 0 10.3969736328124 10.936583984375 16.53889453125 3 3 3
42 0 1 0 4 4 2 1 0 0 1 18.2584296875001 18.1751660156249 21.72448046875 2 2 3
79 0 1 0 2 2 3 0 0 0 0 10.9886005859375 14.4427216796875 15.267232421875 3 3 3
44 1 0 0 1 2 3 0 1 0 0 25.8964160156238 26.6674296874998 29.868818359376 2 2 2
45 0 0 0 7 5 5 1 0 0 1 29.7987070312496 31.3746523437499 26.2080000000001 2 2 2
35 0 0 0 2 3 2 1 0 0 0 7.91501562499996 13.6781103515625 7.35083740234376 2 2 2
57 0 0 1 1 2 2 1 0 0 0 3.90000000000001 0.699999999999997 1 2 3 3
33 0 0 0 2 1 1 1 0 0 1 16.346154296875 14.1647421875001 25.6944902343761 2 2 3
31 0 1 0 12 9 9 0 0 1 1 16 17.1 17 2 2 3
46 0 0 0 5 2 5 1 0 0 1 16.9806464843751 17.9296015625001 18.8302929687499 2 2 2
45 0 0 0 3 4 5 1 0 0 0 20.956466796875 17.5891445312501 17.889376953125 2 3 3
22 0 0 0 2 6 6 1 0 0 0 14.2479013671875 10.1595576171875 13.430564453125 2 2 2
54 0 1 0 2 3 4 0 0 1 1 11.3 8.45000000000001 5.21739160156251 2 3 2
65 0 0 1 10 12 7 1 0 0 1 4.31227294921874 11.95266015625 9.31279003906246 3 3 3
63 0 1 0 4 2 3 1 0 0 0 6.2655390625 4.55006054687498 22.4060195312499 3 3 3
55 0 0 0 7 3 5 1 0 0 1 11.206 12.0087197265625 17.3073789062501 3 3 3
25 0 0 0 4 6 5 1 0 0 1 23.5505820312495 35.0082226562493 32.5776757812509 3 3 2
20 0 0 0 5 5 2 0 0 1 1 21.772572265625 24.2178847656244 12.541185546875 1 2 2
38 0 1 0 4 3 3 1 0 0 1 13.188234375 17.6129648437501 3.00244946289064 2 3 3
68 0 0 1 1 1 1 0 1 0 0 5.65533154296875 14.53201171875 6.97239648437498 3 3 3
30 0 1 0 12 12 10 1 0 0 1 36.2499999999993 36.4499999999998 39.0000000000006 3 3 3
56 0 0 0 9 4 5 0 1 0 0 8.18999999999995 13.7415712890625 13.3255703125 2 2 2
32 0 0 0 3 7 8 1 0 0 0 27.7115468750002 28.3215468749988 27.3187773437487 3 3 3
35 0 0 0 2 5 12 1 0 0 1 30.7270175781243 55.1199999999978 43.2347578125005 2 2 2
44 1 0 0 7 3 8 1 0 0 1 20.518216796875 21.2563515625 23.1478066406254 2 2 2
38 0 0 0 5 8 1 1 0 0 0 35.0079882812507 25.5862949218737 40.7865820312508 2 2 2
76 0 0 1 3 1 1 1 0 0 0 2.67431665039063 2.49322167968749 2.6084033203125 3 3 3
40 0 0 0 2 7 7 1 0 0 0 15.0813603515625 14.4555429687501 14.8097265624999 3 3 3
20 0 0 0 9 5 6 0 0 1 1 12.35 12.8543876953124 12.623185546875 2 2 1
17 0 1 0 1 4 5 0 0 1 0 3.64799999999999 7.62600000000001 11.1801494140625 3 3 2
61 0 1 0 3 3 2 1 0 0 1 15.66766796875 15.3619228515625 12.899521484375 3 3 2
61 1 0 0 3 2 2 1 0 0 0 21.6367734375 18.5918046874999 20.91681640625 2 2 2
43 0 1 0 1 3 2 1 0 0 0 7.4595009765625 8.08762402343749 8.16112011718747 3 3 3
49 0 0 0 6 6 6 1 0 0 1 15.3334980468751 15.527498046875 15.04 2 2 2
84 0 0 0 1 5 1 1 0 0 1 5.54296484374997 5.59203906250002 5.84561523437498 3 3 3
69 0 1 0 4 2 2 1 0 0 1 10.9248681640625 12.17922265625 11.2683095703125 2 2 2
68 0 0 1 1 1 1 1 0 0 0 2.46148242187499 2.40601953124999 2.5094033203125 3 3 3
48 0 1 0 12 10 11 1 0 0 1 48.0137031250003 84.5134531249995 36.5334609374992 3 2 2
21 1 0 0 3 3 4 0 0 1 0 22.7561269531258 19.0714296874999 21.2314374999999 2 2 2
74 0 0 0 1 1 1 1 0 0 0 2.15346289062499 2.55721166992188 2.65959570312499 3 3 2
56 0 1 0 3 1 3 1 0 0 1 23.4745253906244 28.2799999999997 30.8199999999998 3 3 3
53 0 0 0 3 2 5 1 0 0 0 6.02170898437502 3.16292773437501 3.50587866210936 3 2 3
22 1 0 0 9 9 9 0 0 1 1 10.506 11.81 15.0929941406249 3 3 3
61 0 1 0 9 2 1 1 0 0 1 1.01 9.58516015625 11.653068359375 2 1 2
26 0 0 0 5 12 12 0 0 1 1 39.8110859375015 25.568679687499 29.4504765625003 2 2 2
72 0 0 1 1 2 1 0 0 0 0 5.23633154296875 5.42634228515625 5.35292919921873 2 3 2
43 0 0 0 10 12 8 1 0 0 1 19.1879999999999 21.32 21.5540000000001 2 2 2
41 0 0 0 2 2 2 1 0 0 0 15.1241503906251 12.5763955078125 13.7685917968749 2 2 2
51 0 1 0 6 3 6 1 0 0 1 30.4133261718757 30.2391699218758 30.2191699218757 2 3 2
48 0 0 1 1 2 2 1 0 0 0 7.3271025390625 6.28021582031252 6.28021582031252 2 2 2
46 0 0 0 7 7 5 1 0 0 0 70.275648437498 466.797218750009 470.258562500003 2 2 2
45 1 0 0 2 1 1 1 0 0 0 8.53604296875001 10.9417666015625 17.0750468749999 3 3 3
52 0 1 0 6 8 3 1 0 0 1 32.3826796874999 33.7337187500007 35.1667421875003 3 3 3
16 0 0 0 2 2 3 0 0 1 1 0.0999999999999999 0.926195983886721 1.47 3 2 3
53 0 1 0 12 12 12 1 0 0 1 27.7834140625007 23.8959023437509 27.1832460937502 3 3 3
66 0 0 1 1 1 1 1 0 0 0 2.46148242187499 0.601504882812499 2.50840332031249 3 3 3
34 0 0 0 2 4 2 1 0 0 0 6.23827148437499 7.31277197265628 8.45052246093752 3 2 2
36 0 1 0 3 2 4 1 0 0 1 21.207390625 21.17 21.8500000000001 2 2 2
56 0 1 0 4 6 8 1 0 0 1 19.897515625 22.0538691406255 22.6092382812503 3 3 2
49 0 0 0 9 4 12 1 0 0 0 12.5774833984375 13.3231523437501 13.7344111328125 2 3 3
45 1 0 0 2 1 2 0 1 0 0 12.884943359375 8.28090234374996 6.57797558593748 3 2 3
26 0 0 0 2 3 2 0 0 1 1 11.4767275390625 14.1753867187501 15.0085 2 2 2
18 0 0 0 1 9 6 0 0 1 1 0.689575317382815 7.16422070312497 12.688 2 2 2
35 0 1 0 6 3 1 1 0 0 1 15.413857421875 16.6267910156251 18.5476308593751 3 3 2
31 0 1 0 3 2 1 1 0 0 0 4.92319433593749 5.74749658203124 12.1269462890624 2 2 2
53 0 1 0 2 1 1 1 0 0 1 30.3933085937499 30.9205546874988 31.5196308593752 2 2 2
23 1 0 0 12 6 7 0 0 1 0 6.41219921875001 19.3499101562499 21.173318359375 3 2 3
50 0 0 1 2 4 3 0 1 0 1 7.79625976562502 15.87302734375 8.87660937499997 2 2 2
24 0 1 0 6 9 6 0 0 1 1 15.642857421875 16.8313183593751 0.270624999999999 2 2 2
46 0 0 1 4 7 4 0 1 0 1 7.79999999999998 5.99999999999999 10.25 3 3 3
24 0 1 0 12 12 12 0 0 1 1 7.8222216796875 11.18 10.58134765625 3 2 3
55 0 0 0 3 9 4 1 0 0 1 3.7411201171875 3.7411201171875 3.7411201171875 3 3 3
72 0 0 1 2 3 5 0 1 0 1 9.93053222656247 13.1800966796876 9.94662792968751 2 2 3
55 0 0 1 1 1 1 0 1 0 0 5.68337304687499 5.30654003906249 6.28250634765626 3 3 2
30 0 0 0 10 10 9 0 0 1 1 13.0051201171876 13.2391191406249 13.562501953125 1 2 2
65 0 1 0 3 1 2 1 0 0 1 5.31500732421877 11.326595703125 10.94177734375 3 3 3
33 0 1 0 3 4 3 1 0 0 1 19.3908300781249 9.39184082031245 12.504 3 3 3
71 0 0 0 1 1 1 0 0 1 0 9.41761914062502 9.84327148437496 10.0120390625 3 3 3
74 0 0 1 1 3 2 1 0 0 1 7.00275341796878 7.51144580078124 7.49661621093752 3 3 3
72 0 0 0 1 2 2 1 0 0 0 2.5878095703125 3.05370410156249 3.18750097656249 2 3 2
45 0 0 0 3 3 4 1 0 0 1 11.544 12.09 12.562390625 3 2 3
45 0 1 0 2 5 5 1 0 0 0 11.5413583984374 14.0132968750001 14.3153515625 2 2 2
19 0 0 0 10 12 12 0 0 1 0 7.67492578124999 9.05705957031248 10.875015625 3 2 2
48 0 0 0 1 8 8 1 0 0 0 1 27.500000000001 24.7499999999991 3 3 3
43 0 1 0 6 9 3 1 0 0 1 20.5501601562501 19.9233261718749 21.1558906249999 2 2 3
56 0 0 1 4 3 3 1 0 0 0 10.650642578125 10.168705078125 9.91096289062498 2 2 2
59 0 0 0 1 3 1 0 0 0 0 13.8710576171875 10.414607421875 10.084685546875 3 3 3
41 0 1 0 3 2 3 1 0 0 0 4.37142871093752 9.44599999999997 2.043 3 3 3
47 0 1 0 2 4 4 1 0 0 1 25.1092382812496 25.0592382812496 26.4553007812495 2 2 2
42 0 0 1 7 7 2 1 0 0 1 8.28199999999998 10.282 18 3 3 3
19 0 0 1 12 12 8 0 0 1 1 3.41977343750002 9.61999999999999 13.2599999999999 3 2 2
67 0 0 1 2 6 5 1 0 0 1 9.46867089843751 9.90517089843747 10.58274609375 2 2 2
62 0 0 0 9 3 1 1 0 0 0 8.23903515625003 8.61764550781255 9.07334277343752 3 3 2
56 0 0 0 1 2 2 1 0 0 0 9.617796875 10.036 6.52156054687502 2 2 2
26 0 0 0 2 8 2 0 0 1 0 9.33695214843752 7.39777880859378 11.989029296875 2 2 2
75 0 0 1 3 1 2 0 1 0 0 6.79262988281253 13.97064453125 8.3721943359375 3 3 2
38 0 1 0 11 6 4 1 0 0 0 32.3130195312504 33.2899921875014 38.7786718750015 2 2 3
59 0 0 0 9 9 4 1 0 0 1 14.2013857421875 15.210162109375 13.3269228515625 3 3 3
57 0 1 0 1 2 4 1 0 0 0 22.7270996093749 27.2849882812497 29.4107519531246 3 2 2
33 0 1 0 12 10 12 1 0 0 0 11.0684990234375 10.3292041015625 13.3902998046875 2 2 2
30 1 0 0 10 9 5 1 0 0 1 21.507390625 17.7410742187501 19.766974609375 3 3 3
63 1 0 0 3 4 5 0 1 0 1 46.667316406251 28.4419999999988 12.2987802734375 3 3 2
49 0 0 0 7 12 9 1 0 0 1 21.0996562500001 21.13965625 22.6199999999997 3 3 3
66 0 1 0 2 3 2 0 0 0 0 18.0086093749999 18.225486328125 20.041884765625 3 3 3
35 0 1 0 8 4 8 1 0 0 0 10.634 10.634 11.96 3 3 3
56 1 0 0 4 4 5 1 0 0 1 20.1152421875001 21.61662890625 23.7276289062497 3 2 2
57 1 0 0 3 2 3 1 0 0 0 19.98337109375 22.7959277343761 25.3758359374994 2 2 2
24 0 1 0 9 4 7 0 0 1 1 15.6919160156249 15.5919160156249 17.21293359375 3 3 3
47 1 0 0 7 4 3 1 0 0 1 42.9448789062507 58.8912265624973 60.8137656250008 3 2 2
45 1 0 0 9 12 12 1 0 0 0 19.83505078125 23.8333789062497 20.0863789062499 3 2 2
46 0 1 0 6 5 5 1 0 0 0 16.58200390625 23.467779296876 21.099998046875 3 3 2
36 0 1 0 6 3 6 1 0 0 0 7.03633593749998 8.27829101562502 9.53172265624994 3 3 3
57 0 1 0 3 4 6 1 0 0 1 21.84 24.1800000000004 27.2998007812496 3 2 2
52 1 0 0 6 6 8 1 0 0 0 13.9960742187501 14.8073906250001 15.317783203125 3 3 3
29 0 1 0 6 6 6 0 0 1 1 18.774365234375 19.304341796875 17.8631542968749 3 3 2
33 1 0 0 4 12 9 1 0 0 1 32.6213632812499 36.6258671875013 38.3692851562503 3 3 3
34 1 0 0 3 5 7 1 0 0 1 23.5361718749996 28.2739355468758 26.0417695312502 2 2 2
29 0 0 0 1 3 1 0 0 1 0 3.05596166992187 7.99033251953127 11.569466796875 2 2 2
56 0 1 0 1 4 3 1 0 0 1 25.5177832031243 17.50386328125 16.2090087890625 3 2 3
26 1 0 0 12 12 12 1 0 0 1 21.6499394531249 20.06235546875 20.7502734375 2 3 3
60 0 1 0 3 6 5 1 0 0 1 30.6733261718762 33.0617812499993 34.7713632812497 3 3 3
58 0 0 0 2 2 4 1 0 0 0 11.4938798828125 9.4532333984375 8.94063769531247 3 3 3
25 0 1 0 8 7 10 1 0 0 0 10.5612343749999 1.92470898437501 14.9031142578124 3 3 2
82 0 1 0 1 1 3 1 0 0 1 7.86601708984375 4.13939355468751 4.76152197265624 3 2 3
61 1 0 0 3 5 5 1 0 0 1 13.359119140625 13.9876494140625 13.512490234375 2 2 2
36 0 1 0 4 5 5 1 0 0 1 13.76603125 24.1977499999999 24.3645332031261 3 2 2
58 1 0 0 5 6 4 1 0 0 1 40.9569296875013 42.0501171875004 29.6751992187493 3 3 3
57 0 0 0 4 4 4 1 0 0 0 8.0381064453125 8.5304853515625 9.004849609375 2 3 2
30 1 0 0 5 3 3 0 0 1 0 22.944333984375 25.0298886718757 29.6424316406254 2 2 2
61 0 0 1 2 1 3 1 0 0 0 7.287357421875 7.33211035156248 7.73780126953124 3 2 2
43 1 0 0 12 10 3 1 0 0 1 139.999999999994 74.9999999999965 155.641687500006 3 3 3
42 0 1 0 6 4 3 1 0 0 0 1.67170117187501 3.77889843749999 1.24316674804688 3 2 3
51 0 1 0 5 12 11 0 1 0 1 29.58498046875 30.9476484375 31.2173984375004 2 1 2
45 1 0 0 3 4 3 0 1 0 0 18.083857421875 20.9948378906249 19.9438984374999 2 2 2
16 0 0 1 3 1 5 0 0 1 0 0.0999999999999999 2.21976928710937 1.29919982910156 2 3 3
43 0 0 0 4 4 5 1 0 0 0 10.6154482421875 9.22542382812496 10.5009912109375 3 3 3
35 1 0 0 3 7 5 1 0 0 1 23.1838339843739 21.6489843750001 24.6633027343738 1 1 2
19 0 1 0 12 12 12 0 0 1 0 9.86204492187502 9.27541210937501 0.06 3 3 3
74 0 1 0 2 1 2 0 0 0 0 11.501638671875 17.458423828125 17.0479999999999 3 3 3
62 0 0 0 5 5 6 1 0 0 0 4.66178808593749 5.72998828125003 5.91111035156249 2 2 2
49 0 1 0 4 3 1 1 0 0 0 32.1529980468752 33.1962578124988 34.1828593750007 2 2 2
22 1 0 0 2 1 5 0 0 1 1 0.186190002441407 12.919236328125 24.8441171874991 2 1 2
17 0 0 0 7 5 5 0 0 1 0 1.79833520507813 7.37951904296873 7.52756738281246 2 2 2
26 0 1 0 1 2 4 0 0 1 1 10.75461328125 7.82288574218751 10.7875849609375 1 2 2
31 0 0 0 10 6 9 1 0 0 0 27.4891464843749 29.0796699218756 15.7336748046875 3 3 3
32 0 0 0 5 9 11 1 0 0 1 13.6 19.8500000000001 14.2 2 3 3
60 0 1 0 5 4 7 1 0 0 1 16.60411328125 18.5939062500001 19.085125 2 2 2
17 0 0 1 9 1 4 0 0 1 0 5.26000000000002 5.26000000000002 5.20000000000001 3 3 3
40 0 1 0 7 8 12 1 0 0 1 36.7764999999998 37.5500000000007 38.4488398437486 3 2 3
49 0 1 0 6 5 1 0 0 0 1 0.499999999999999 7.95807763671873 14.2225283203125 2 2 2
56 0 0 0 5 8 6 1 0 0 1 10.1 16.525 21 3 2 2
52 0 1 0 4 2 2 1 0 0 0 28.856121093749 30.8106816406254 33.6094687500005 2 2 2
26 1 0 0 4 3 6 1 0 0 1 15.458791015625 3.01648364257813 21 2 3 2
24 1 0 0 8 5 9 0 0 1 0 18.878318359375 21.016166015625 23.5180136718743 2 3 3
50 1 0 0 7 4 8 1 0 0 0 33.3872343750007 34.3129335937511 36.6547343749998 2 2 2
73 1 0 0 2 2 3 0 0 1 1 11.53577734375 11.515099609375 12.42628125 2 1 2
78 0 0 1 3 2 2 1 0 0 0 2.40264355468749 2.59441406250001 2.69099951171875 3 2 3
70 0 0 0 3 1 5 1 0 0 1 8.41362304687499 8.62723046875004 8.87675292968752 2 2 2
38 0 1 0 4 6 4 1 0 0 0 2.27231713867187 3.64925244140626 1.9236004638672 3 3 3
62 0 1 0 4 4 4 0 0 1 0 22.2275703124999 24.23765625 25.4112109374989 2 3 2
31 0 0 0 2 2 3 1 0 0 0 3.50824853515625 7.82090917968749 3.98763427734375 3 3 3
60 0 0 0 7 7 12 1 0 0 1 18.876 20.02 22.7239999999996 2 2 3
51 0 0 0 4 4 5 1 0 0 0 35.829562500001 35.0400585937503 34.1513750000009 3 3 3
28 1 0 0 12 3 5 1 0 0 1 15.6186787109376 19.895 16.4104140625001 3 2 2
53 0 0 0 2 3 2 1 0 0 0 7.15737890625001 6.29445751953123 8.64050000000003 2 2 2
52 0 0 0 8 5 4 1 0 0 1 17.813625 17.3129335937501 18.944318359375 3 2 3
81 0 0 1 2 1 3 0 0 0 0 9.44614453125 10.6117841796875 11.2894013671875 3 3 3
50 1 0 0 3 2 1 1 0 0 0 31.55860546875 31.1577363281243 32.7389160156252 3 3 3
18 0 0 0 2 5 9 0 0 1 1 0.0799999999999999 1.05842956542969 0.250000000000001 3 3 3
61 0 0 0 5 8 7 1 0 0 1 15.0000000000001 19.1999999999999 18 3 2 2
57 0 0 0 4 3 3 1 0 0 0 6.22679003906248 6.10669775390627 6.37240234374997 2 3 2
74 0 0 0 4 1 2 0 0 0 0 5.57162890625002 6.04191162109377 5.99042333984375 2 3 3
56 0 0 0 5 6 2 1 0 0 0 5.56409570312498 12.1551962890625 8.18521923828124 2 2 2
55 0 1 0 5 1 6 1 0 0 1 7.01417187500003 10.982388671875 16.466 3 2 3
24 0 0 0 1 4 3 0 0 1 1 9.98269238281253 11.4912255859374 1.547130859375 2 2 2
37 0 0 0 10 12 9 1 0 0 1 76.3332421874973 131.181000000007 93.6810000000011 3 3 3
48 0 1 0 12 3 10 1 0 0 1 22.5473437499996 23.6200937500008 29.3212480468754 2 2 2
61 0 1 0 12 11 8 1 0 0 1 12.2011201171875 12.37101953125 13.2372001953125 2 1 2
44 0 1 0 7 4 5 1 0 0 0 26.2441113281248 29.2623554687503 31.5615937499998 3 2 2
45 0 1 0 12 11 3 1 0 0 1 22.7101621093753 19.3755 23.4309179687507 2 2 2
44 0 1 0 4 6 5 1 0 0 0 15.1173789062499 17.7690175781249 19.1233496093749 3 2 2
64 0 1 0 3 2 1 1 0 0 1 12.6872001953124 12.7636455078125 18.6849257812499 3 3 3
31 0 1 0 5 3 8 1 0 0 1 17.8294999999999 11.8063007812499 15.1579999999999 3 3 2
50 0 0 0 7 6 8 1 0 0 1 26.2787499999991 28.3265625000003 31.2905625000001 2 2 3
26 0 0 0 8 8 2 1 0 0 1 16.12 14.04 15.3400000000001 2 2 3
24 0 0 0 3 3 6 1 0 0 1 14.222 16.132595703125 16.64 3 3 3
40 0 0 0 2 5 2 1 0 0 1 21.32 22.4900000000009 24.5699999999994 2 2 2
54 0 1 0 2 3 4 1 0 0 1 19.5752265625 22.7273144531244 23.0408789062498 3 3 3
26 0 0 0 3 9 5 1 0 0 0 9.04800000000003 17.0447519531251 20.9300000000001 3 2 2
63 0 0 1 3 1 1 0 0 0 0 6.26191308593749 6.61261669921873 7.10053125000003 3 1 2
51 0 1 0 3 5 1 1 0 0 1 13.010693359375 13.8550585937499 14.7077421875 3 3 3
73 0 0 0 2 4 3 1 0 0 1 6.77642919921873 7.59156591796876 8.15085839843749 3 2 2
70 0 0 0 1 1 2 1 0 0 0 2.39015087890626 3.53231518554688 5.74399804687502 2 2 3
66 0 1 0 2 2 6 0 0 0 0 23.7590039062511 23.1139589843754 22.9751503906243 3 3 3
59 0 1 0 1 1 1 0 0 0 0 6.08368359375001 6.10924414062499 4.87212499999999 2 2 2
28 0 1 0 12 12 12 1 0 0 1 26.9869843749996 29.5978320312497 23.1939628906259 2 2 2
51 0 1 0 3 3 3 1 0 0 0 2.89900000000001 3.42693994140625 3.05493994140627 3 3 3
51 0 0 1 12 11 11 1 0 0 1 13.5 10.2 1.00120001220703 2 3 2
24 0 0 0 1 7 3 1 0 0 1 15.271078125 7.29999999999998 13.2 3 3 2
38 0 0 0 2 7 4 1 0 0 1 23.9879472656255 22.099999999999 21.84 3 3 3
33 0 1 0 2 3 3 1 0 0 0 3.43996362304689 5.43502490234375 4.306998046875 3 2 3
52 0 0 1 3 4 7 1 0 0 1 14.2 8.67693945312497 3.75000000000001 3 2 2
24 1 0 0 6 7 5 0 0 1 0 18.0138574218751 22.5230937500006 15.6548994140625 2 2 2
21 0 0 0 9 12 5 0 0 1 1 12.9099306640626 14.4110859375 14.4110859375 3 2 2
60 0 1 0 4 5 2 1 0 0 1 14.4 14.4 18.8 3 3 2
59 0 1 0 1 1 5 1 0 0 0 5.34999999999999 6.49052636718753 8.56378222656253 3 3 3
58 0 1 0 3 3 3 1 0 0 0 22.4390312500002 21.30415625 18.907390625 3 2 3
56 1 0 0 6 5 8 1 0 0 1 39.9466679687508 44.0323320312489 12.905716796875 3 2 3
27 1 0 0 9 8 4 1 0 0 1 12.30946875 13.46235546875 11.907505859375 2 2 2
25 1 0 0 12 12 9 0 0 1 1 7.52351855468748 19.0500000000001 21.174595703125 3 3 3
25 1 0 0 8 12 12 1 0 0 1 20.5 22.7500000000001 32.8414804687513 2 2 3
19 0 0 0 12 9 8 0 0 1 1 0.120000000000001 0.099923080444336 6.43200390625002 3 3 2
58 0 1 0 1 3 3 0 1 0 1 23.7634257812501 25.392244140625 36.6298749999991 2 2 2
56 0 0 0 2 1 2 1 0 0 0 9.30000000000002 7.27499999999997 0.35 2 2 2
29 0 0 0 4 5 4 1 0 0 0 14.4534560546875 13.2667607421875 11.904 2 2 3
42 0 0 0 12 7 6 1 0 0 1 17 10.94 13.84 2 2 2
41 0 0 0 3 2 1 1 0 0 0 1.11530822753906 8.29325390625004 0.874706787109379 2 3 3
16 0 0 0 2 6 12 0 0 1 1 1.1151435546875 5.20000000000001 5.98000000000002 2 3 3
41 0 1 0 2 3 3 1 0 0 0 16.263 16.653 17.4322539062499 2 3 3
33 0 1 0 4 3 6 0 0 1 1 15.794396484375 17.9059257812499 18.4557890624999 2 2 2
42 0 1 0 2 1 3 1 0 0 0 27.4217285156244 26.179636718751 24.3014980468744 2 2 2
28 0 0 0 3 7 5 1 0 0 1 30.9272695312508 27.3172695312506 32.7080000000011 3 3 3
32 0 0 0 4 2 8 0 1 0 1 25.6927187499997 26.7941953125008 27.8417656250005 2 2 2
27 0 0 0 6 4 4 1 0 0 1 8.62852441406248 9.60739062499998 10.3036953125 2 2 2
57 0 1 0 4 3 3 0 0 0 1 42.2370312500005 43 18.8700000000001 2 2 2
34 0 1 0 3 3 5 1 0 0 1 34.209500000001 38.0636054687517 39.7587851562483 3 2 3
57 0 0 1 1 5 3 0 1 0 0 10.4695859375 10.1570390625 9.87552148437496 2 2 2
26 1 0 0 5 3 8 1 0 0 0 9.25514355468749 12.133326171875 12.5690537109374 2 2 3
59 0 0 0 1 2 4 1 0 0 1 0.750000000000003 0.743999999999999 2 2 3 2
48 0 0 0 3 4 4 1 0 0 0 9.51600000000002 9.56799999999997 9.87999999999997 2 2 2
49 0 1 0 1 2 11 1 0 0 0 11.22045703125 11.1975263671875 12.02898046875 3 2 2
58 1 0 0 9 2 1 1 0 0 1 39.2823945312492 35.3390703125017 21.0844550781251 3 3 3
48 0 1 0 6 5 5 1 0 0 0 11.4435400390625 5.97599999999998 7.96430371093749 3 3 2
42 0 1 0 4 6 6 1 0 0 1 15.6228046874999 20.4891191406251 24.801966796875 2 3 2
41 0 1 0 5 7 5 1 0 0 0 13.472310546875 13.6136845703125 14.721716796875 2 2 2
16 0 0 0 2 2 3 0 0 1 0 0.772450622558593 0.001 3.08281103515626 3 3 3
70 0 0 1 1 1 1 1 0 0 0 5.34274511718751 5.56914355468752 6.33643310546873 3 3 2
43 0 0 0 3 3 2 1 0 0 0 16.3181357421876 19.76 20.956 2 2 3
44 0 1 0 9 12 12 1 0 0 1 41.3172382812492 22.00565234375 22.00565234375 3 3 2
43 0 1 0 4 3 7 1 0 0 0 7.29418212890625 17.9565410156251 20.52244921875 2 3 2
16 0 0 0 2 7 2 0 0 1 1 0.3 0.06 9.13435253906251 3 3 3
59 0 0 1 3 2 3 1 0 0 1 20.50974609375 21.268314453125 22.5252890625007 2 2 2
61 0 0 0 2 5 2 1 0 0 0 3.69348242187501 3.77159570312499 3.87397924804687 2 2 2
39 0 0 0 9 6 3 0 1 0 1 14.024 11.415 12.023 2 2 2
46 1 0 0 5 9 8 1 0 0 1 37.5941171874987 39.2019999999992 41.5403750000007 2 2 2
43 0 1 0 1 2 2 1 0 0 0 6.85830175781252 7.16011279296877 5.84150097656252 2 3 2
17 0 0 0 9 7 6 0 0 1 1 2.89236035156251 0.421038116455078 3.81714282226563 2 3 2
51 0 0 1 6 3 8 1 0 0 0 7.41343066406248 8.13283496093752 8.47958007812495 2 3 3
23 1 0 0 3 6 3 1 0 0 0 13.2323603515625 10.923876953125 18.6952792968749 3 3 2
72 0 0 1 4 7 4 1 0 0 1 8.21834570312501 8.35087597656248 8.82928808593751 1 1 1
88 0 0 1 4 3 6 0 0 0 1 8.66619531249999 5.87430371093752 9.98737597656244 3 3 3
60 0 1 0 8 6 4 1 0 0 1 20.652 17.607525390625 19.216330078125 3 2 2
56 0 0 0 4 3 2 1 0 0 0 5.01800000000002 5.71199999999999 5.98000000000002 3 2 2
33 0 1 0 2 2 2 1 0 0 0 2.09251684570313 3.30822338867186 4.14199365234376 3 3 3
32 0 1 0 12 7 2 0 0 1 1 17.7236015625001 18.6322871093751 21.536591796875 2 2 2
16 0 0 0 1 6 4 0 0 1 1 0.237142852783203 0.102033325195312 4.39394824218751 3 3 3
68 0 0 0 5 3 3 1 0 0 0 3.38679785156248 4.99358642578127 5.71427392578124 2 3 3
32 0 1 0 7 4 9 1 0 0 1 22.535335937501 21.97090234375 20.9878300781249 2 2 2
54 0 1 0 7 2 6 1 0 0 1 21.3653281249999 21.925328125 22.4039999999995 3 3 2
52 0 1 0 2 5 4 0 1 0 0 72.6270000000028 18.0764433593749 75.6407187499973 2 2 2
82 0 0 1 1 4 5 1 0 0 1 6.85147998046878 4.17444628906249 4.74735107421875 3 3 3
62 0 0 0 12 12 10 1 0 0 1 23.92248828125 22.1993398437499 19.198697265625 3 2 2
27 0 0 0 9 12 7 0 0 1 1 12.369728515625 21.1182460937499 22.3491914062506 3 3 3
47 0 1 0 2 2 1 1 0 0 1 27.0084101562501 19.1485898437501 0.694285705566405 2 1 3
42 0 0 0 1 1 2 1 0 0 0 7.97688085937504 7.397171875 14.7807509765625 3 2 3
41 1 0 0 6 5 9 1 0 0 1 31.1630781250008 33.2992343750007 33.9445859375 2 3 2
38 0 0 0 3 3 2 1 0 0 0 13.1729453125 14.8310029296875 16.4497617187501 3 3 2
53 0 0 0 1 4 3 1 0 0 1 17.56293359375 13.9106240234374 31.324019531249 2 2 2
45 0 0 0 3 4 6 1 0 0 0 6.99692333984372 8.09376904296876 14.6901591796875 2 3 2
20 0 0 0 7 9 8 0 0 1 1 11.8723710937499 0.139999999999999 1.27944006347656 3 2 2
46 0 0 0 5 8 5 1 0 0 1 29.8349609374992 30.5369609374992 30.0300000000007 3 3 3
54 0 0 0 3 9 2 1 0 0 1 24.4999999999996 24.0000000000004 25.1000000000006 3 3 3
67 0 0 1 5 7 3 1 0 0 0 3.55088720703124 3.22509057617188 3.37866650390625 3 3 3
29 0 0 0 5 6 9 0 0 1 1 10.1958427734375 10.808314453125 11.4087763671875 3 3 2
49 0 0 1 12 12 12 1 0 0 1 20.8011992187499 0.50120001220703 40.0011992187493 2 2 2
37 0 0 0 10 11 12 1 0 0 0 1.07684936523437 1.39338354492187 1.12906677246094 2 3 3
34 0 1 0 1 5 3 1 0 0 0 12.484791015625 8.88695996093753 8.15073486328127 1 2 2
49 0 0 1 2 1 1 1 0 0 1 7.11567578124999 7.42105078125001 8.96808300781248 2 1 2
30 0 0 1 1 1 1 1 0 0 1 3.04439990234376 4.82040087890623 2.20830004882812 1 1 1
79 0 1 0 1 2 3 0 0 0 1 23.3888046875002 23.9272109375005 26.0691914062495 3 3 3
37 0 1 0 6 5 2 0 1 0 0 10.72045703125 10.5131044921875 10.3118515625 3 3 3
18 0 0 0 3 1 1 0 0 1 0 8.29437207031253 9.33507226562502 4.85760986328124 2 2 2
54 0 0 0 3 5 3 0 0 0 0 9.37948437500006 9.397333984375 9.50596777343754 1 2 2
30 1 0 0 6 9 8 1 0 0 1 26.3897617187494 35.6614335937501 37.4628164062501 2 3 3
39 0 0 1 3 5 7 1 0 0 1 24.9600000000009 22.8799999999992 22.698910156251 3 3 3
38 0 0 0 3 5 4 1 0 0 0 5.09530566406252 4.98158154296876 3.77058642578125 2 2 2
50 0 0 0 5 3 2 1 0 0 0 5.60831396484377 5.4041572265625 5.54848144531249 3 3 2
52 0 0 0 4 4 7 1 0 0 1 15.6289394531251 11.723943359375 15.1501201171875 2 2 2
28 0 0 0 3 5 5 0 1 0 0 12.5153583984375 13.138857421875 14.1946611328125 3 2 3
63 0 1 0 1 1 3 1 0 0 1 20.0419999999999 19.6860000000001 19.077837890625 3 2 2
53 0 0 1 5 2 12 1 0 0 0 6.76 7.61800000000001 6.08399999999998 2 3 3
33 0 0 0 7 8 12 1 0 0 0 17.77735546875 28.7461210937495 25.0649296874999 3 3 3
39 0 1 0 1 1 1 1 0 0 1 32.2692324218749 27.2692304687488 31.7499999999988 2 2 2
38 1 0 0 3 4 2 1 0 0 0 1.87512182617188 18.20802734375 20.2383789062501 3 3 3
50 0 0 0 3 3 4 0 0 0 0 5.64343994140627 7.02168115234373 9.22934374999996 2 3 3
29 0 0 0 7 8 7 0 0 1 0 14.2205546875 15.451888671875 15.9018486328125 2 3 2
24 0 1 0 4 12 4 0 0 1 1 14.12065625 17.73054296875 21.3683144531251 2 2 2
41 0 0 0 9 2 2 1 0 0 1 25.0392617187502 24.0184765625001 24.6189374999989 2 2 2
40 0 0 0 6 4 1 1 0 0 1 12 8.50000000000002 3.00000000000001 2 2 1
39 0 0 1 8 3 3 1 0 0 0 20.5655703125 31.8486210937501 24.1767871093745 2 2 2
50 0 1 0 6 6 5 1 0 0 1 20.9325742187501 23.0438203125003 25.9089414062505 2 2 2
40 0 1 0 8 7 8 1 0 0 0 10.5191943359375 11.4126591796874 10.72300390625 3 3 3
17 0 0 0 4 6 9 0 0 1 1 0.824273742675781 0.02 8.42499999999998 3 3 3
41 0 1 0 9 12 9 1 0 0 1 22.0614531249997 25.1853046875011 41.3196640624985 3 3 3
40 0 0 0 5 4 3 1 0 0 1 22.3204374999994 15.1400361328125 16.342 3 3 3
38 0 0 0 4 3 3 1 0 0 0 5.91428710937502 9.95244335937504 8.26566406250001 3 3 3
16 0 0 0 8 10 12 0 0 1 1 4.17463964843748 6.14178662109378 1.46255358886719 3 3 3
59 0 1 0 5 7 3 1 0 0 1 11.3 10.97 11.4 3 2 2
56 1 0 0 6 6 2 1 0 0 0 31.4061855468758 32.3242499999986 33.5549687500001 2 3 3
30 0 0 1 6 1 12 1 0 0 1 8.08600000000003 8.866 9.61999999999999 3 2 2
42 0 0 1 6 4 3 1 0 0 0 12.43047265625 13.2524863281251 13.6318701171875 3 2 3
31 1 0 0 8 7 6 1 0 0 0 22.8679843749993 27.4164550781241 26.1973808593748 3 3 3
30 0 1 0 2 4 12 1 0 0 1 3.08729003906251 4.67639990234375 4.93620068359375 2 2 2
25 0 1 0 12 12 8 0 0 1 1 10.4285712890625 0.18853973388672 13.237119140625 2 2 2
22 0 0 1 1 4 2 1 0 0 0 1.07684936523437 9.43595117187495 11.256291015625 2 2 2
23 0 1 0 6 6 9 0 0 1 1 23.5660000000003 25.1959999999995 24.9219999999997 2 2 2
18 0 0 0 2 2 2 0 0 1 0 0.629036621093748 9.03167285156247 9.15288085937503 1 2 2
33 1 0 0 6 6 9 1 0 0 1 30.4032343750013 32.3264628906238 36.8482695312507 3 3 3
33 1 0 0 12 12 9 1 0 0 1 21.0501171875 21.2840156250001 30.2230937499999 3 3 3
73 0 0 1 2 1 1 0 0 0 0 7.97162890625001 7.70884765624999 8.85455859374998 3 3 2
47 0 0 1 6 6 7 1 0 0 1 7.07200000000001 8.73472070312498 9.48892773437506 2 2 2
28 0 0 0 6 4 9 1 0 0 1 15.023556640625 16.4594218750001 17.3939218749999 3 2 2
76 0 0 1 6 7 8 0 0 1 1 6.99760009765623 11.816927734375 8.92678125000003 3 3 3
42 0 0 1 7 6 1 0 1 0 0 11.9186376953125 10.912724609375 8.85435644531249 3 3 2
21 0 0 0 1 12 12 0 0 1 1 3.11345922851563 6.12146630859375 10.3892998046875 3 3 3
19 0 0 0 12 9 9 0 0 1 1 0.442857116699218 4.51969335937498 8.91821875000004 2 2 2
38 0 1 0 11 7 7 1 0 0 0 2.15884716796875 5.61518359375002 0.06 2 3 2
31 1 0 0 9 9 9 1 0 0 0 28.9071406249999 35.0614960937485 36.8734960937489 3 3 3
31 1 0 0 3 7 3 1 0 0 0 21.9954101562501 25.8201660156244 17.47508984375 2 2 2
20 0 0 0 12 12 12 0 0 1 1 11.3036953125 7.87972021484373 8.45945800781249 3 3 3
18 0 0 0 8 6 6 1 0 0 0 5.80696923828124 9.27912695312504 13.39382421875 3 3 3
72 0 0 1 2 1 6 0 0 0 0 6.95900439453125 9.11120996093754 9.13082031250001 3 2 3
56 0 0 1 1 2 1 1 0 0 1 19.238806640625 13.4587070312501 13.5654404296874 3 3 2
51 0 0 1 1 3 1 1 0 0 0 1.92294543457031 7.22919628906252 7.48646289062499 3 3 3
57 0 0 0 3 3 2 1 0 0 1 14.4110859375 15.1496542968751 15.5879912109375 3 3 3
30 0 1 0 8 7 7 1 0 0 1 29.3800000000009 19.8460351562499 23.6340000000009 2 2 2
27 0 0 0 5 6 4 1 0 0 1 15.08878515625 15.3400000000001 16.21243359375 2 2 3
85 0 0 1 2 1 3 0 0 0 0 4.10975976562499 9.01164648437503 3.71293164062501 3 2 3
44 0 0 0 1 2 2 1 0 0 1 30.6235566406241 32.5249414062488 37.2286367187507 2 2 2
46 0 1 0 4 2 4 1 0 0 1 13.3539999999999 18.374134765625 17.33140625 3 3 3
37 0 1 0 1 4 4 1 0 0 0 17.5960625000001 18.9854999999999 19.51808984375 3 3 1
29 0 0 0 5 3 8 0 0 1 1 6.35774804687499 6.14428027343748 8.49891113281255 2 3 2
51 0 0 0 9 9 10 1 0 0 1 21.383326171875 21.56235546875 25.4955390625009 3 2 2
51 0 0 0 6 3 8 1 0 0 0 15.091546875 15.0715468749999 15.9132216796875 2 2 2
24 1 0 0 11 9 5 0 0 1 0 19.0685917968751 22.2170898437495 22.4632792968739 3 2 3
44 0 0 1 8 9 5 1 0 0 1 20.78194140625 21.55034765625 22.1649882812489 3 2 2
20 0 1 0 6 7 8 0 0 1 0 11.1839345703125 7.19716357421872 10.127642578125 2 2 2
45 0 0 0 6 5 2 1 0 0 1 31.3097988281242 34.8318515625003 30.9232421874991 3 3 2
21 0 0 0 3 12 8 1 0 0 1 10.8373076171875 10.2290810546875 13.23200390625 2 3 2
79 0 1 0 1 1 1 0 0 0 0 8.04703124999997 7.15315234375004 13.466609375 2 2 2
55 0 1 0 2 2 3 1 0 0 1 28.5479257812499 30.1745039062503 31.1471054687492 3 2 3
55 0 1 0 3 5 5 1 0 0 0 6.70659374999999 0.3 0.3 3 3 3
46 0 1 0 2 12 12 1 0 0 1 15.2756572265625 18.199953125 18.98660546875 2 2 2
62 0 0 1 2 5 3 1 0 0 0 19.2073906250001 20.950625 20.400951171875 2 1 2
37 0 0 0 1 3 5 0 1 0 0 13.4479658203125 15.8171523437501 13.83813671875 3 3 3
38 0 0 0 9 9 5 0 0 1 1 11.013021484375 5.81649609375001 6.80848095703123 3 3 3
35 0 0 1 2 2 4 0 1 0 0 6.6586640625 11.504822265625 12.2488525390626 3 3 2
41 1 0 0 6 7 5 0 0 1 1 30.9324492187494 27.046400390625 34.3735546875002 2 2 2
34 0 0 0 6 6 6 0 0 1 0 11.27916796875 18.616 17.836 3 3 2
74 0 1 0 6 5 3 1 0 0 1 29.6069257812501 27.0419492187492 25.0691914062495 3 3 3
69 0 1 0 2 2 2 1 0 0 0 6.9168291015625 7.64757519531249 11.6395957031249 3 3 3
44 0 1 0 4 3 4 1 0 0 1 12.4208330078125 12.4595839843749 13.5163974609374 2 2 2
43 0 0 1 6 5 6 0 1 0 0 9.15729101562498 6.81983935546874 7.72910400390627 2 2 3
74 0 0 1 2 5 3 0 1 0 0 7.56499023437499 8.31468457031247 6.60993945312498 3 2 3
36 0 0 0 9 4 12 0 0 1 1 20.4614316406249 21.2680839843751 21.562318359375 2 2 2
34 0 1 0 5 3 1 0 0 1 0 13.3240185546875 14.8798974609375 17.8729335937501 2 2 2
42 0 0 0 3 10 5 0 1 0 1 7.530736328125 7.62317675781251 8.14107226562501 2 2 2
52 0 1 0 3 3 4 1 0 0 0 16.5704980468751 17.2610292968751 17.8334882812501 2 2 3
25 0 1 0 9 8 10 0 0 1 1 16.8427265625 15.5016865234375 20.8672539062499 2 2 2
23 1 0 0 9 10 5 0 0 1 1 10.376263671875 7.88005468749996 18.8569453125 3 2 3
32 0 1 0 6 7 7 1 0 0 0 17.443646484375 20.30762109375 20.92009375 3 3 3
39 0 0 0 2 2 1 1 0 0 0 8.73456445312499 9.24538671875001 8.95675195312503 2 2 2
34 0 0 0 7 3 5 1 0 0 1 21.344 23.6134824218743 23.2637187500007 2 2 2
31 0 0 0 7 2 4 1 0 0 0 5.57066943359375 5.49810791015624 5.77247460937499 3 3 3
51 0 1 0 1 2 7 0 1 0 1 10.9629296875 13.4277578125 13.5093652343749 1 1 1
47 0 1 0 5 4 5 0 1 0 0 26.3462460937509 27.361447265625 24.6324570312491 3 2 3
62 0 0 1 3 9 10 1 0 0 1 8.44779882812499 8.30390039062501 9.88586718750003 2 2 2
43 0 1 0 7 4 3 0 0 1 1 14.3805087890626 16.21819921875 19.5662089843749 2 2 2
92 0 0 1 4 2 2 0 0 0 1 10.62326171875 9.13098437499997 7.95078662109376 3 3 3
61 0 0 0 10 5 2 1 0 0 1 7.02327880859375 6.87093701171877 6.79911474609378 3 2 1
60 0 0 0 3 5 2 1 0 0 0 6.49755810546875 5.01545800781251 4.36107324218749 3 2 2
32 0 0 0 5 4 5 1 0 0 1 23.8810683593753 21.755037109375 24.6318554687491 2 2 2
38 0 1 0 8 5 7 1 0 0 1 18.28323046875 14.7380000000001 20.62819921875 3 3 1
33 0 0 1 4 4 12 1 0 0 0 11.33903125 12.36698046875 13.19284375 2 2 2
63 0 0 0 7 3 8 1 0 0 1 32.3748203125004 33.7258671874985 43.5355703125004 3 2 3
16 0 0 1 4 12 12 0 0 1 0 1.04279992675781 10.6004111328125 7.98386572265622 3 2 3
39 0 0 0 7 8 6 1 0 0 1 31.3224433593738 34.1250000000013 36.5157656250018 2 2 2
40 0 1 0 5 9 9 1 0 0 1 35.1039882812492 35.9968476562488 33.9813749999987 2 2 2
39 0 1 0 12 7 11 1 0 0 1 22.8387910156255 19.7317910156251 13.522068359375 3 2 3
42 0 0 0 5 5 5 0 1 0 0 6.34693212890626 6.352779296875 11.8948964843749 3 3 2
68 0 1 0 4 4 6 1 0 0 1 20.572228515625 19.364431640625 21.7191914062499 3 3 3
64 0 1 0 2 1 5 1 0 0 0 2.8668291015625 2.58519165039062 2.58519165039062 2 2 3
47 0 0 0 10 12 12 1 0 0 1 52.2199765624985 54.0956132812516 54.1450351562473 3 2 3
42 0 0 0 1 3 2 1 0 0 0 6.77388134765627 10.389966796875 13.9586005859375 2 3 2
71 1 0 0 7 3 3 1 0 0 1 27.9853164062502 21.7912109375 28.2191914062503 3 3 2
70 0 0 0 3 3 2 1 0 0 0 2.609044921875 2.68373291015625 2.55368432617186 3 3 3
25 0 1 0 9 3 2 0 0 1 1 12.22 12.9999999999999 13.91 3 2 3
21 0 1 0 3 10 11 0 0 1 1 8.40215234375003 11.014095703125 9.94752539062504 3 2 1
71 0 0 0 1 3 2 1 0 0 0 4.65730517578125 4.90582812500002 5.49741308593752 2 3 3
54 0 1 0 11 6 6 1 0 0 0 8.11498925781252 7.64956103515625 8.54133886718749 3 2 2
30 1 0 0 4 5 5 1 0 0 1 20.90146875 23.9087753906244 27.73371875 2 2 2
46 1 0 0 3 4 3 0 1 0 0 25.9957050781256 25.1492656250008 25.8597714843757 2 2 3
33 0 0 1 5 6 7 0 0 1 1 2.76436352539063 5.67881884765627 3.00000000000001 3 3 3
48 0 1 0 5 12 4 1 0 0 1 30.0000000000002 27.5300000000013 28.5299999999987 3 3 3
42 0 1 0 12 9 9 1 0 0 0 19.692982421875 41.6997304687513 29.4045175781245 2 2 2
46 1 0 0 5 4 7 1 0 0 1 42.056937499999 41.1388242187493 36.8638593749992 2 2 2
40 0 1 0 12 8 9 1 0 0 0 15.7639638671874 21.826333984375 22.7074589843752 2 2 2
55 1 0 0 5 5 4 1 0 0 1 34.4157031249991 34.4157031249991 30.212470703124 3 3 3
41 0 1 0 6 6 5 0 1 0 0 34.2506484374998 35.1365625000012 36.1400937499986 2 2 2
63 0 0 0 4 2 3 1 0 0 0 6.41495898437501 7.97961035156247 7.78611669921877 3 3 3
62 0 1 0 4 2 2 1 0 0 1 18.5950292968749 18.5150292968749 16.26 2 2 2
60 0 0 1 2 3 4 1 0 0 0 13.714591796875 16.49640234375 20.9305078125001 2 2 2
79 0 0 1 3 2 3 0 0 0 0 7.186681640625 7.33549707031251 7.72940136718747 2 2 2
29 0 0 0 6 6 5 1 0 0 0 17.883390625 17.5249277343749 12.9581640625 3 3 3
26 0 0 0 8 4 5 1 0 0 0 3.22485986328125 6.06329687500004 4.469978515625 3 2 3
63 0 0 1 12 11 12 0 1 0 1 25.3999999999993 41.6997304687513 12.3227656249999 3 3 3
86 0 0 1 1 1 1 1 0 0 0 2.78481933593751 2.84121166992187 2.90440332031249 3 3 3
43 0 0 0 4 1 11 1 0 0 1 15.192 15.328 18.0224999999999 3 3 3
39 0 0 0 3 2 7 1 0 0 0 12.526 12.968 14.408 2 2 3
38 0 1 0 2 5 8 1 0 0 1 28.2500000000003 26.75923828125 26.0716250000009 2 3 3
31 0 0 0 1 4 3 1 0 0 0 7.51013476562498 7.52473046874999 9.48986523437497 2 2 2
71 0 0 1 5 8 5 1 0 0 1 8.206572265625 9.24949707031251 9.642443359375 3 2 2
64 0 1 0 3 4 3 1 0 0 0 9.14309374999998 6.14407031249999 6.55399951171876 2 2 2
34 0 0 0 2 2 1 1 0 0 0 2.83390673828125 3.69765893554688 6.54158056640622 3 3 2
44 0 0 1 7 6 3 1 0 0 1 33.7269921875009 29.1228515624992 11.21980078125 2 3 3
41 0 0 0 5 9 4 1 0 0 0 20.3860195312499 20.074490234375 21.46287109375 3 2 2
16 0 0 1 3 5 3 0 0 1 1 0.468000000000001 0.377954803466796 1.69 3 3 2
24 0 0 1 3 2 3 1 0 0 0 9.16345410156249 12.2969765625 15.494064453125 2 2 2
49 1 0 0 3 2 4 0 0 1 1 9.20612011718746 8.66104003906249 3.94518408203124 2 2 2
66 0 0 1 5 4 4 1 0 0 0 7.08550000000004 4.09045361328126 2.74441406249999 3 3 3
58 0 0 0 2 4 2 1 0 0 1 16.8912480468751 16.390146484375 6.69014599609375 3 2 2
38 0 1 0 6 3 3 1 0 0 0 5.27202441406252 16.7895390625 16.3498554687499 2 3 3
49 0 1 0 8 6 5 1 0 0 1 24.772927734374 26.9230390625008 26.6325078124998 2 2 3
48 0 0 0 4 7 5 1 0 0 0 10.6486796875 13.10862890625 12.6968115234375 2 2 2
39 0 1 0 1 10 4 1 0 0 1 20.8199785156249 21.5504667968749 23.2676757812502 3 3 2
37 0 1 0 9 8 3 1 0 0 0 12.134142578125 12.597876953125 13.1845058593751 3 3 3
57 0 1 0 5 5 3 1 0 0 0 10.5560000000001 10.6600000000001 11.414 3 3 3
56 0 1 0 10 6 9 1 0 0 1 18.532 14.3100000000001 15.3400000000001 3 3 2
45 0 0 0 6 5 4 1 0 0 1 21.84 27.5079999999993 27.5079999999993 3 3 3
42 0 1 0 4 3 5 1 0 0 0 11.5039833984375 14.9774052734375 10.096966796875 2 3 1
17 0 0 0 6 8 5 0 0 1 1 6.13324999999999 5.42100000000001 5.07167333984376 3 3 3
72 0 1 0 12 11 12 1 0 0 0 5.97681933593753 6.12921191406251 6.45959570312498 3 3 3
57 0 1 0 4 7 5 1 0 0 0 0.01 0.06 0.025 3 2 2
62 0 1 0 4 1 2 1 0 0 1 11.89 13.21 13.2 3 3 3
68 0 1 0 5 1 3 1 0 0 1 9.55240917968746 9.77549707031247 11.337904296875 3 3 2
67 0 0 1 4 2 1 1 0 0 0 2.36148242187501 2.44728076171876 2.67368432617187 3 3 3
58 0 0 1 4 3 6 1 0 0 0 8.45774804687497 8.88903125 3.93992382812501 3 3 2
33 0 0 0 4 4 7 1 0 0 1 0.00120000004768372 49.5006015624993 27.9999999999989 3 3 3
60 0 1 0 3 2 3 1 0 0 1 7.33999999999999 7.76668798828126 7.86941015624997 2 3 2
41 0 0 0 6 7 7 1 0 0 1 33.025406250001 71.3854062499987 43.9955742187503 2 3 2
40 0 1 0 7 9 8 1 0 0 0 4.848451171875 5.56020117187498 4.17610888671873 2 2 3
17 0 0 0 10 12 9 0 0 1 0 2.60714282226564 9.86054199218753 1.69548608398438 2 2 2
40 0 1 0 3 6 7 0 1 0 1 16.7154296875001 16.1233886718749 17.274474609375 2 2 2
52 0 1 0 3 3 1 1 0 0 1 18.5516289062501 20.3237265625001 21.3011738281251 2 2 2
62 1 0 0 3 4 3 0 0 1 1 9.99999999999997 9.99000000000001 9.53999999999997 3 3 3
45 1 0 0 11 5 5 1 0 0 1 20.3968984374999 62.9900000000016 40.000000000001 3 3 2
39 1 0 0 10 9 6 0 0 1 0 35.6043554687487 37.5107148437513 38.0451250000005 2 3 2
83 0 0 1 1 1 4 0 0 0 0 6.51359082031252 7.24254443359374 7.82494287109373 2 2 2
49 1 0 0 12 12 12 0 0 1 1 111.083140624996 126.092374999997 157.113156249993 2 2 2
38 1 0 0 10 9 5 1 0 0 1 42.0723320312505 42.3727460937493 51.7757968749977 3 2 2
38 1 0 0 9 9 9 1 0 0 0 42.5453749999981 43.6317109375015 45.9530703124978 3 2 2
51 0 0 1 6 4 8 0 0 1 1 1.63544506835938 2.31540039062499 0.3 2 2 2
33 0 1 0 6 6 5 1 0 0 0 26.9661523437493 28.3069179687504 27.3231582031243 3 3 2
66 0 0 1 1 1 1 0 0 0 0 9.09387109375002 13.8706630859375 13.1458662109375 2 2 2
58 0 1 0 2 2 1 1 0 0 0 28.704359375 20.0934609375001 18.322701171875 1 1 2
34 0 1 0 10 9 12 0 0 1 1 23.829587890625 41.4148359375 37.2648124999996 2 2 2
37 0 0 0 6 4 7 0 0 1 1 18.254634765625 19.5164433593749 22.0098007812501 2 2 2
36 0 0 0 3 8 1 0 1 0 0 12.0326689453125 13.2958583984375 10.466248046875 2 1 1
46 0 0 0 2 3 3 1 0 0 1 13.9 14.95 15.05 3 2 2
22 0 0 0 6 7 7 0 0 1 0 2.89442944335937 4.44444921875001 5.02230957031251 3 2 2
18 0 0 1 6 4 3 0 0 1 1 2.03921301269532 4.6175517578125 11.0460927734375 2 3 2
63 0 0 1 3 2 3 0 1 0 0 8.001697265625 9.33396386718753 9.07513476562501 3 3 3
26 0 0 0 6 7 11 1 0 0 1 11.480615234375 8.3317578125 11.745986328125 3 3 2
56 0 0 0 2 2 3 1 0 0 1 27.04 28.3919999999991 28.0020000000008 3 3 3
30 1 0 0 9 11 9 1 0 0 1 23.5926171874993 39.9781289062508 49.0000000000017 2 2 2
84 0 0 1 2 4 5 0 1 0 0 10.3541943359375 8.37687890624996 5.72491894531252 2 2 3
52 0 0 1 8 5 8 0 0 1 1 5.59999999999999 7.39999999999999 17.09890234375 3 2 2
57 0 0 0 3 8 7 0 0 1 1 16.956 17.516 19.138 3 3 3
19 0 0 0 3 4 4 1 0 0 1 5.00000000000001 9.09800000000001 10.397 2 2 2
56 0 0 1 2 1 1 0 0 0 0 11.4399033203124 12.2258203125 12.7646845703125 2 2 2
34 0 0 0 2 2 3 1 0 0 0 1.80831909179688 3.46487255859374 7.09511132812498 3 2 3
29 0 1 0 4 3 3 1 0 0 1 23.6769843749988 22.7580000000011 26.4456757812507 2 2 2
69 0 0 1 1 2 3 1 0 0 1 8.97545019531249 7.4589482421875 7.54590673828127 2 2 2
36 0 1 0 2 2 8 1 0 0 0 14.4110859375 6.02111523437501 13.9473408203125 3 2 2
79 0 0 1 3 9 8 1 0 0 1 6.29790136718748 10.4336230468751 7.58319140625003 3 3 3
72 0 0 0 1 3 1 1 0 0 0 9.18060449218755 10.6188984374999 6.17634472656249 2 3 2
71 0 0 1 2 3 4 1 0 0 1 9.27165820312498 10.6167666015625 9.82572656250002 3 3 3
69 0 1 0 2 2 3 1 0 0 0 5.89081933593748 6.19321191406252 6.21259570312501 2 2 2
66 0 0 1 8 5 5 0 0 1 1 6.19225292968749 6.8304033203125 6.77931249999998 3 2 3
80 0 1 0 3 1 4 1 0 0 1 9.03895800781246 8.66847070312498 8.91427148437505 3 3 3
43 1 0 0 2 4 7 1 0 0 1 29.2914355468744 76.1509140624992 96.6493984374966 2 2 3
41 1 0 0 2 2 4 1 0 0 0 31.9007050781246 21.21145703125 25.9645566406239 3 3 3
40 1 0 0 6 5 6 1 0 0 0 11.88609765625 15.1931562500001 20.0069296875 3 3 3
69 0 0 1 1 2 3 1 0 0 0 2.43431665039062 8.78414453124999 10.1332607421875 3 3 3
65 0 1 0 2 6 4 1 0 0 1 15.6843203125 6.34165722656251 6.53081884765628 2 3 3
37 0 0 0 3 1 12 0 1 0 1 16.8727949218751 16.7163984375 16.8 2 2 2
63 0 0 0 2 5 2 1 0 0 1 14.2586328125001 14.24801171875 12.82738671875 2 3 2
61 0 0 1 2 2 2 1 0 0 0 7.60908886718748 7.02482568359374 6.50261816406252 3 3 3
32 0 0 1 3 2 3 1 0 0 1 4.837009765625 6.03425732421876 14.5000000000001 2 2 2
29 0 1 0 1 1 1 1 0 0 0 12.21453125 11.021572265625 10.325466796875 3 2 3
58 0 0 0 1 1 2 1 0 0 1 9.11625390625004 8.93711816406254 9.79319726562498 2 2 2
55 0 0 1 1 1 2 1 0 0 0 0.440000000000001 2.68555541992187 2.73308764648437 1 1 1
26 0 0 0 1 4 5 1 0 0 1 15.0562099609375 17.71865234375 16.48 2 2 2
66 0 0 0 1 1 1 1 0 0 1 9.75313085937503 9.97320996093753 10.3131708984376 3 3 2
63 0 0 0 5 2 2 1 0 0 0 4.84394580078124 4.84408056640626 4.95846386718752 3 2 2
78 0 0 1 1 1 1 0 0 0 0 7.64098486328128 7.60951367187504 8.32269921875005 3 3 3
36 0 1 0 5 7 7 1 0 0 1 18.895673828125 10.78 14.417365234375 2 2 2
35 0 0 0 7 4 9 1 0 0 0 6.67114453125003 10.9715458984375 5.96898974609376 2 2 2
55 0 1 0 1 2 2 0 0 0 0 9.79904882812495 8.79143945312502 4.83748046875002 2 2 2
60 0 0 1 2 1 1 1 0 0 0 4.3916708984375 3.46825146484374 8.076591796875 3 3 3
40 1 0 0 5 3 1 0 0 1 0 23.7689726562496 24.8977968749989 27.2446328124987 1 2 2
32 0 0 0 6 7 3 1 0 0 0 11.42126953125 1.30712878417969 13.3066748046876 2 2 2
26 0 1 0 3 4 4 0 0 1 0 14.3132255859375 15.4678984375001 9.15209472656249 3 3 3
41 0 0 0 5 9 5 1 0 0 1 20.447861328125 23.2943203124989 23.2949199218747 3 3 3
21 0 1 0 7 1 8 1 0 0 0 8.151732421875 7.72364111328124 4.75974853515625 3 2 2
16 0 0 0 5 8 11 0 0 1 0 0.560130859375001 2.66914990234374 1.49907128906249 3 2 3
63 0 1 0 3 6 3 1 0 0 1 3.564 5.50183740234375 3.75070996093749 2 2 2
58 0 0 0 6 3 12 1 0 0 0 3.00000000000001 3.00000000000001 3.00452734374999 3 2 2
49 1 0 0 4 3 4 0 1 0 1 20.444341796875 21.344341796875 25.1894765624992 2 2 3
20 0 0 0 5 4 4 0 0 1 0 4.17320703125001 1.05447045898437 12.6225996093751 2 3 2
43 1 0 0 10 9 5 1 0 0 1 51.4822109374984 50.8705546874993 45.2556601562501 3 3 3
36 0 1 0 6 9 3 1 0 0 1 28.611884765626 30.4851972656249 31.7372890625 3 3 1
44 0 1 0 5 2 2 1 0 0 0 13.8971513671875 14.644095703125 15.017791015625 2 3 2
43 0 1 0 5 6 6 1 0 0 1 30.4475214843736 34.8107382812493 37.4527695312517 3 2 2
41 0 1 0 6 5 3 1 0 0 1 31.537999999999 32.460917968751 33.5060000000008 3 3 3
45 0 1 0 9 11 10 1 0 0 1 21.7240000000001 13.25337890625 11.8593916015625 3 2 3
50 0 1 0 12 12 12 1 0 0 1 103.000000000003 113.000000000003 91.4999999999989 3 3 3
50 0 1 0 4 2 4 1 0 0 0 6.05000000000001 3.06991918945313 3.64597802734374 2 2 2
23 1 0 0 7 10 12 0 0 1 1 3.4750224609375 10.3925390625 12.8949892578125 2 2 2
31 0 0 0 2 3 2 1 0 0 0 20.931994140625 17.086671875 18.899470703125 3 3 3
25 0 1 0 7 7 4 0 0 1 0 23.0000000000003 16.5 11 3 2 2
46 0 1 0 3 3 2 1 0 0 0 3.0407431640625 9.86432812499999 3.20480126953125 2 3 2
73 0 0 1 2 5 8 1 0 0 1 8.44769921875004 9.69637890625001 9.83215332031245 3 3 3
77 0 0 0 1 1 1 0 0 0 0 9.26595312500003 9.81454394531246 10.6002939453125 2 3 2
49 0 0 1 3 9 2 0 0 0 0 11.53275390625 12.316181640625 11.164 2 2 2
26 0 1 0 8 9 12 1 0 0 0 19.0069101562501 23.8202324218757 22.1612558593756 2 3 3
56 0 0 0 12 10 12 1 0 0 1 28.9488105468739 7.08060009765629 7.70000000000003 3 2 3
30 0 1 0 12 12 5 0 1 0 1 20.1612929687499 20.14815234375 19.8152421874999 2 2 2
26 0 0 0 8 9 7 0 0 1 1 18.204736328125 21.2356660156249 26.2681933593739 2 3 3
75 0 0 1 3 2 1 0 0 0 1 5.12160009765627 6.52861962890625 8.22179101562499 3 3 2
33 1 0 0 6 6 8 1 0 0 0 3.96664697265625 10.508767578125 20.922029296875 2 3 2
65 0 0 0 4 1 4 0 1 0 0 6.41388964843752 7.53901367187497 8.360388671875 3 3 1
36 0 1 0 3 5 3 1 0 0 1 28.4487499999993 26.3120000000002 24.3619999999999 2 3 3
40 0 1 0 4 7 6 0 0 1 1 12.0735712890625 10.0084501953125 13.5200000000001 2 2 2
33 0 0 0 3 5 4 0 0 1 1 37.5368593750004 40.9711328124999 42.4945742187498 3 3 3
32 0 0 0 10 6 9 1 0 0 0 16.0546464843751 17.588328125 19.4395839843751 2 2 1
43 1 0 0 12 12 12 0 1 0 1 14.5406728515625 18.434103515625 19.3961035156249 3 2 2
39 0 0 0 3 4 1 0 1 0 0 15.452818359375 16.51605078125 19.64543359375 2 2 2
56 0 1 0 8 2 3 1 0 0 1 20.3423066406251 12.51 11.94 2 2 2
26 1 0 0 6 9 7 1 0 0 1 17.6289296875 17.7556582031249 25.0249492187504 2 3 3
43 0 0 0 2 12 10 1 0 0 1 30.4034316406246 30.6235585937487 34.826789062501 2 1 3
20 0 1 0 3 5 3 0 0 1 1 0.312386596679688 15.6548994140625 15.6479384765625 2 2 2
44 1 0 0 5 2 3 1 0 0 1 19.991234375 7.85096435546874 12.9041572265625 3 3 3
38 1 0 0 4 2 4 1 0 0 0 3.70327636718749 2.79964086914062 2.61012890625 3 2 2
38 0 1 0 4 9 6 1 0 0 0 35.9015937500001 245.117718749992 46.1904179687506 3 2 2
40 0 0 0 1 1 4 1 0 0 0 4.10532177734376 4.66635546875001 4.3633115234375 3 2 2
16 0 0 0 3 11 2 0 0 1 1 1.23559252929688 7.24757519531247 8.84480371093753 3 2 3
50 0 1 0 1 4 1 0 1 0 1 29.5567128906238 29.9024062499988 24.446585937499 3 2 1
77 1 0 0 5 3 1 0 0 0 0 11.66531640625 12.01919140625 5.438109375 3 3 2
62 0 1 0 1 3 3 1 0 0 0 4.13821484375002 3.30959570312501 4.65027099609375 3 3 3
61 0 1 0 2 2 3 1 0 0 1 26.9260390625007 16.71404296875 17.102541015625 3 3 3
54 0 0 1 7 11 7 1 0 0 1 19.0319999999999 21.84 21.892 2 2 2
36 0 1 0 6 5 7 0 0 1 0 21.894828125 232.803656249994 25.1427382812495 3 2 2
50 0 1 0 6 9 10 1 0 0 0 2.24237158203124 10.610162109375 10.92240234375 3 3 3
50 0 0 1 6 5 6 1 0 0 1 15.862185546875 15.9722861328125 16.2564892578125 3 2 2
19 0 1 0 2 4 5 0 0 1 1 4.15422851562501 8.57922558593747 10.7804824218751 2 2 3
70 0 1 0 7 5 6 1 0 0 1 16.6841308593749 16.4644238281251 16.224787109375 3 3 3
59 0 1 0 2 3 8 1 0 0 0 25.755652343751 29.4722988281247 29.0719101562494 3 3 3
42 0 1 0 4 10 6 1 0 0 1 26.5229062499988 28.0817929687487 32.2761777343739 2 3 3
40 0 1 0 4 8 7 1 0 0 0 17.527412109375 17.357595703125 19.6661132812499 2 2 2
62 0 0 0 3 7 3 1 0 0 1 15.8422900390625 16.2122402343749 17.7133945312501 2 3 2
61 0 1 0 1 1 1 1 0 0 0 0.153834152221679 0.011813515663147 0.0592229843139649 2 3 3
34 0 0 0 7 7 7 1 0 0 1 13.114087890625 14.3570439453124 14.2429570312501 2 3 3
39 0 1 0 4 1 1 1 0 0 0 11.6209453125 9.68012890625001 8.85740722656251 2 2 2
44 1 0 0 4 4 4 1 0 0 1 64.5010390624979 62.4163632812491 71.7884218750034 3 3 3
44 1 0 0 3 7 6 1 0 0 0 5.29872216796876 6.09664794921876 6.75540234375002 3 3 3
38 1 0 0 7 6 8 1 0 0 0 12.7403466796875 11.5652802734375 13.916583984375 2 3 3
64 0 0 1 4 3 5 0 1 0 1 7.98822705078122 9.33217773437504 18.3105625 3 3 3
83 0 1 0 7 2 1 0 0 0 1 41.6880781250006 8.3967666015625 11.525150390625 2 2 2
67 0 0 0 2 1 1 1 0 0 0 7.56871386718753 8.64008203125 8.95959570312496 3 3 3
47 0 0 0 2 2 5 1 0 0 0 15.59575 18.419013671875 18.121498046875 3 3 3
44 0 1 0 9 6 9 1 0 0 1 41.2833906250003 44.5208789062487 34.7904804687484 2 2 2
22 0 0 0 7 4 4 0 0 1 1 11.7189443359375 12.7598154296875 11.62670703125 3 2 3
18 0 0 0 7 8 8 0 0 1 0 1.40894091796875 2.978732421875 11.01 3 2 2
70 0 1 0 2 1 2 1 0 0 1 11.9003125 12.900685546875 12.6095546875 3 2 2
69 0 0 0 2 2 1 1 0 0 0 2.37431665039061 2.83161596679687 3.00840332031251 3 3 3
30 0 1 0 4 1 8 1 0 0 1 23.9526464843754 26.9772968750007 30.9010234374987 3 2 2
27 0 0 0 4 10 3 0 0 1 1 13.7625869140626 14.5131640625 16.3325644531251 3 3 3
64 0 0 0 5 2 6 1 0 0 0 21.367546875 10.974111328125 9.42967578125003 2 2 2
60 0 0 1 9 6 9 1 0 0 1 33.622972656249 30.2621249999997 21.7774726562501 3 3 3
16 0 0 1 6 2 1 0 0 1 0 0.72 3.11760034179688 3.05006665039062 2 2 1
40 0 0 0 5 4 6 1 0 0 0 13.11771484375 7.60012548828125 16.008544921875 2 2 2
23 0 0 0 12 11 12 0 0 1 1 13.2835439453125 14.2411464843751 15.969150390625 2 3 2
22 1 0 0 4 4 11 1 0 0 0 13.00949609375 14.076923828125 17.9101328124999 2 3 3
46 1 0 0 4 3 4 1 0 0 0 8.96631640624999 9.92162109374998 5.57506445312502 3 2 2
38 1 0 0 5 3 7 0 0 1 1 22.511316406249 23.00969921875 25.0492910156245 3 2 2
20 0 0 0 2 3 1 1 0 0 0 4.40121191406251 2.93884619140625 0.600000000000002 3 2 2
31 0 1 0 2 5 5 0 1 0 0 35.2180742187512 13.32224609375 19.9798437500001 3 3 3
46 0 0 1 4 6 6 1 0 0 1 12.37134765625 12.189376953125 12.5745166015625 2 2 2
46 0 0 1 2 1 3 1 0 0 0 8.16540673828122 10.98898046875 12.776693359375 2 2 2
19 0 0 0 5 4 6 0 0 1 0 4.89771289062501 9.109 7.13997607421875 2 2 2
75 0 0 1 1 4 5 1 0 0 1 6.46209863281249 6.74253417968751 6.92123144531247 3 3 3
57 0 0 0 2 2 3 1 0 0 0 7.20554296874999 8.10623583984372 9.50346386718747 2 3 2
56 0 1 0 8 8 7 1 0 0 1 23.044408203124 20.41596875 26.7528535156263 3 3 2
22 0 0 0 12 12 10 0 0 1 0 13.62972265625 16.828021484375 23.0762617187509 1 2 2
85 0 0 1 1 4 2 1 0 0 1 9.94167773437504 5.82991894531248 6.48349414062498 3 3 3
45 0 1 0 3 3 4 1 0 0 1 14.816677734375 14.5665 15.759908203125 2 3 3
43 0 0 0 3 1 2 1 0 0 0 3.87158276367186 9.81241015624999 9.58548046874999 3 3 3
18 0 0 0 10 10 11 0 0 1 1 6.277048828125 8.83804882812501 12.08054296875 3 3 2
36 0 1 0 3 4 3 1 0 0 1 39.2030000000007 39.8289609374995 38.1403828124981 2 2 3
36 0 1 0 3 2 2 1 0 0 0 11.1202851562501 19.8079863281249 15.041974609375 2 2 2
54 1 0 0 6 4 6 1 0 0 0 36.0941679687487 36.1277148437502 37.6363398437505 2 3 3
48 0 0 0 3 6 4 1 0 0 1 24.7000000000008 18.775140625 30.3608671875006 2 3 3
19 0 0 0 3 5 5 0 0 1 1 10.8721279296875 11.89 12.28 3 2 3
45 0 0 0 4 1 4 0 0 1 0 14.7092373046874 13.3865029296875 9.09958593750003 3 2 2
46 0 0 1 4 5 4 0 0 1 1 12.922 12.168 11.144525390625 3 3 2
50 0 0 0 3 2 1 0 0 1 0 10.7285712890625 0.614828979492188 0.3 2 2 2
56 0 0 0 3 5 3 1 0 0 1 14.5709345703125 7.26799999999998 8.74600000000004 3 3 2
54 1 0 0 4 6 6 1 0 0 0 39.3989023437515 3.10000000000001 14.71901171875 3 3 3
28 1 0 0 2 3 3 1 0 0 1 14.720453125 9.42721191406247 9.16625292968751 2 3 3
33 0 0 1 6 2 3 1 0 0 0 5.59353906250001 9.54992675781248 6.66627783203128 3 3 3
62 0 0 0 1 2 1 1 0 0 1 8.29400000000003 8.90968066406249 10.5332001953125 3 3 3
38 0 1 0 3 3 2 1 0 0 0 13.472150390625 14.1707294921874 14.5349326171875 2 2 2
30 0 0 0 12 4 1 0 0 1 1 15.6959228515626 17.21293359375 18.0738574218749 3 3 2
49 0 0 1 1 4 4 1 0 0 1 15.6 15.86 17.368 3 3 2
23 0 0 0 8 8 8 0 0 1 1 22.1862031249992 22.2496367187499 30.8096992187504 2 3 2
56 0 1 0 12 8 8 1 0 0 1 37.3429999999987 40.5984999999999 41.8404999999997 3 2 3
55 0 0 0 2 3 3 1 0 0 0 15.69607421875 14.3567412109375 15.870373046875 3 3 2
65 0 1 0 2 4 3 1 0 0 1 23.1719296874993 23.044681640626 28.289644531251 3 3 2
64 0 0 1 4 4 2 1 0 0 0 2.4128193359375 2.40601953124999 2.25244409179688 2 3 2
36 0 0 1 3 1 6 1 0 0 1 14.4110859375 15.0836035156251 15.684064453125 2 2 1
33 0 0 0 12 10 12 1 0 0 1 16.38 11.8403232421876 8.60105371093751 2 2 2
31 0 0 0 3 6 4 1 0 0 0 13.0023955078124 11.6302763671875 15.246076171875 2 3 3
60 0 0 0 2 4 2 1 0 0 1 24.0684765624988 24.4562402343762 24.6787539062506 3 3 3
57 0 1 0 2 2 4 1 0 0 0 6.77354003906249 6.41078076171875 6.56435644531246 3 3 3
28 0 1 0 6 3 2 1 0 0 0 3.09819653320313 0.964750183105469 30.0828652343756 3 3 3
29 0 1 0 7 4 8 1 0 0 1 7.95853027343751 16.7917578124999 23.2745468749996 2 3 3
48 0 1 0 6 7 9 1 0 0 1 36.4877617187497 37.9928007812495 44.5884531249981 3 3 3
47 0 1 0 1 3 2 1 0 0 0 16.2566103515626 16.9375 19.1499999999999 2 3 3
34 0 1 0 3 6 5 1 0 0 0 13.8589082031251 17.153318359375 29.8732148437512 3 3 3
46 0 0 0 8 3 7 1 0 0 1 31.3094101562515 17.2966015625 34.0905156249998 3 3 3
31 0 1 0 7 11 9 1 0 0 1 20.31758203125 19.1617753906249 19.3817753906251 3 3 2
35 1 0 0 5 5 7 1 0 0 0 38.1548867187502 24.9662988281262 42.4766093750007 3 2 3
76 0 0 0 1 1 1 0 0 0 0 5.02896142578125 8.52038281249997 9.38252636718754 2 2 2
32 0 0 1 3 3 3 1 0 0 1 12.1945751953125 15.1972109375001 15.3347158203125 2 2 1
56 0 1 0 3 3 3 1 0 0 0 9.49752148437498 7.84304052734373 6.93031201171876 2 2 2
59 0 0 1 1 1 1 1 0 0 0 5.05186181640627 5.01347558593752 4.27480126953127 3 3 3
42 0 1 0 10 10 9 1 0 0 1 18.9371503906249 20.2901308593749 21.805681640625 3 3 3
47 0 1 0 1 1 1 1 0 0 1 18.2000000000001 19.0106249999999 19.9612011718751 2 2 2
42 0 1 0 10 7 4 1 0 0 0 12.0750634765625 12.9182099609375 13.162546875 3 3 2
50 1 0 0 7 4 4 1 0 0 1 30.1345644531255 26.070603515625 37.3361757812494 3 2 3
24 1 0 0 2 2 3 1 0 0 0 1.47718115234375 2.24676635742188 1.61277770996094 3 3 3
17 0 0 0 5 3 3 0 0 1 1 1.9811875 3.68270800781251 5.59000000000003 3 3 3
43 0 0 0 3 5 4 0 1 0 1 12.9599999999999 13.571791015625 13.6 2 2 3
55 0 0 1 7 1 6 1 0 0 0 8.03945458984373 7.27175488281248 2.94353515625001 2 2 3
58 0 0 1 4 11 5 1 0 0 1 1.91969665527345 13.3304150390624 11.5477714843751 2 2 2
37 0 1 0 2 1 7 1 0 0 1 19.63206640625 21.3053828125 24.9861757812491 2 2 2
35 0 1 0 3 1 5 1 0 0 0 29.1683320312488 23.3774550781243 16.6347812499999 2 3 2
74 0 0 1 5 5 3 0 1 0 0 8.42926367187496 6.53838330078126 7.96557031250003 3 3 3
35 0 0 0 9 12 12 1 0 0 0 4.691001953125 15.1635361328125 12.2939970703125 3 3 2
51 0 0 0 4 2 1 1 0 0 1 9.55004199218754 4.58089599609375 3.50986767578126 2 2 2
49 0 0 1 2 1 2 1 0 0 0 1.2025 1.29349999999999 3.93649999999999 3 3 3
30 0 0 0 3 4 4 1 0 0 1 15.1199999999999 17.3093671875 11.9191679687499 3 3 3
21 0 1 0 2 4 3 1 0 0 1 2.97543530273436 3.60233471679687 3.00000000000001 2 3 3
29 0 1 0 12 9 7 0 0 1 0 0.00120000004768372 0.28120001220703 6.15100000000001 3 3 3
41 0 0 0 5 5 5 1 0 0 1 15.08 18.4599999999999 18.042767578125 3 3 3
65 0 1 0 3 4 3 1 0 0 1 10.8625234375 11.358708984375 10.578708984375 3 3 3
64 0 0 0 1 2 2 1 0 0 0 2.50281933593751 2.26100585937501 2.41482763671874 3 3 3
59 0 1 0 11 9 9 1 0 0 1 24.6096992187503 24.5596992187495 11.012857421875 3 2 2
55 0 0 1 1 1 1 1 0 0 0 14.1540136718749 15.8587792968749 12.7 3 3 3
25 0 1 0 1 2 1 0 0 1 0 12.25505078125 11.464298828125 47.0084296875003 2 2 2
42 1 0 0 3 2 2 1 0 0 0 2.06545678710939 10.2914208984375 4.72912207031252 3 3 3
21 0 0 0 9 8 12 0 0 1 1 8.02714306640622 9.01648339843753 16.9610488281251 2 3 3
18 0 0 0 9 10 1 0 0 1 1 5.3916396484375 13.9644638671875 13.213845703125 3 3 3
42 0 0 0 2 3 6 1 0 0 0 6.9028837890625 10.42105078125 8.99360644531252 3 3 3
42 0 0 0 8 8 6 1 0 0 1 18.2000000000001 18.18 17.4199999999999 3 3 3
37 0 0 1 7 2 6 1 0 0 1 0.945808959960936 2.25852221679689 12.439287109375 2 2 2
35 0 1 0 2 3 1 1 0 0 0 19.042232421875 13.611236328125 6.39860009765626 2 2 2
53 0 0 1 4 2 4 1 0 0 1 18.4 18.7379999999999 18.538 3 2 2
88 0 0 1 4 3 2 1 0 0 0 5.29906298828125 5.35919140625001 5.36923974609376 2 2 2
37 0 1 0 6 1 5 0 1 0 0 17.054423828125 20.37083984375 19.1521972656249 3 3 3
23 1 0 0 6 7 7 0 0 1 0 18.54075390625 28.3181425781243 30.5043554687491 3 2 2
21 0 0 0 9 7 11 0 0 1 1 10.628845703125 1.9111728515625 16.86293359375 2 2 3
19 0 0 0 3 5 2 0 0 1 1 11.804 14.3 14.1700000000001 3 2 2
55 0 0 0 12 12 11 1 0 0 1 24.2579999999994 27.2200000000012 31.0319999999999 3 3 3
47 1 0 0 2 1 4 0 1 0 1 16.435912109375 17.8100000000001 18.8 2 2 1
57 0 0 0 2 3 3 0 0 0 0 10.04309765625 10.6769169921875 11.8951826171875 2 2 2
35 0 1 0 4 3 3 1 0 0 0 0.833276306152346 0.771800231933593 5.59861669921876 2 2 3
61 1 0 0 4 10 9 1 0 0 1 21.2322089843749 12.0355634765625 14.202771484375 2 2 2
57 0 1 0 1 5 2 1 0 0 1 14.867169921875 14.4040000000001 16.874 2 3 3
23 0 1 0 3 4 4 0 0 1 1 9.34336132812498 6.17440185546877 8.31809179687496 2 2 2
70 0 0 1 5 5 5 1 0 0 1 4.76063330078127 5.75977685546874 10.3164130859375 3 3 3
65 0 0 1 1 1 2 1 0 0 0 3.18180493164062 2.44728076171876 2.40363598632812 2 2 2
53 0 0 0 6 7 6 1 0 0 1 26.6364902343749 28.1272519531256 26.1193144531261 2 2 2
28 0 0 0 8 12 10 1 0 0 0 12.48 14.3719248046875 14.89192578125 2 3 2
42 0 1 0 2 3 4 0 0 1 0 11.415890625 17.7339902343749 22.1939726562496 2 3 2
51 0 1 0 6 7 8 1 0 0 1 31.115935546874 33.604390625001 15.5516650390626 3 2 3
49 0 1 0 5 7 9 1 0 0 0 5.34878564453126 8.92278417968746 13.9359999999999 3 3 2
24 0 1 0 4 10 12 0 0 1 0 18.0138574218751 18.6277578125 21.3163984375 2 2 3
23 0 1 0 8 12 11 0 0 1 1 5.00000000000001 4.2 13.27819140625 3 3 3
17 0 0 0 9 11 12 0 0 1 0 2.30006591796874 1.03015576171875 7.38568164062501 3 3 3
37 0 0 0 5 9 7 1 0 0 1 12.9999999999999 29.6329746093751 23.307328125 2 3 2
16 0 0 0 4 6 11 0 0 1 1 2.54823486328125 0.281428558349609 2.10447607421875 3 3 3
47 0 0 1 9 9 12 1 0 0 1 11.1214404296875 15.7160751953124 15.349591796875 2 2 2
20 0 0 0 12 12 12 0 0 1 1 9.60000000000002 5.55 13.8821806640625 2 2 2
19 0 1 0 1 6 3 0 0 1 0 4.56346435546874 4.34999951171875 4.94342626953127 2 2 3
41 0 1 0 5 3 4 0 0 1 0 15.2750000000001 17.75 14.55 2 2 2
62 1 0 0 1 1 1 1 0 0 0 4.11419921875002 5.18682519531248 6.1206953125 1 2 2
34 1 0 0 8 5 2 0 0 1 1 14.7288095703125 15.0115468749999 8.31887597656248 2 2 2
51 1 0 0 6 9 9 1 0 0 1 40.872414062501 34.9638671874991 46.0008007812521 3 3 3
48 0 1 0 2 2 1 1 0 0 0 6.82989990234371 6.40684228515626 7.90790869140625 2 2 2
17 0 0 0 3 4 4 0 0 1 0 0.682393066406253 2.3823447265625 2.42114282226563 2 3 3
55 0 0 1 1 1 3 1 0 0 1 0.381200012207032 2.00060009765625 25.0278789062505 3 3 3
49 0 1 0 3 4 2 1 0 0 1 46.0332304687484 46.6422187499987 32.0357148437499 2 2 3
47 0 1 0 3 4 3 1 0 0 0 6.08568017578127 6.07999999999999 7.84999999999997 2 2 2
22 1 0 0 4 2 3 0 0 1 0 1.4679217529297 11.5393759765625 18.806466796875 3 3 3
18 0 1 0 8 5 9 0 0 1 1 0.06 1.47755200195312 3.82 2 3 2
46 1 0 0 4 3 3 1 0 0 0 20.100494140625 18.7519589843751 18.7282578125 2 2 2
46 0 0 0 10 6 9 0 1 0 0 16.5 15.8060048828126 16.100365234375 2 2 3
51 0 1 0 3 2 2 1 0 0 1 13.7258251953125 5.29502587890625 18.06225390625 2 2 2
49 0 1 0 3 6 4 1 0 0 0 11.147064453125 11.5249013671875 11.842333984375 3 3 3
17 0 0 0 8 6 10 0 0 1 1 1.58707788085939 5.23987158203127 7.29999999999998 3 3 2
43 0 0 0 2 2 1 0 0 1 0 6.33517041015624 6.69492089843752 13.9777070312501 2 2 2
72 1 0 0 4 2 1 1 0 0 1 4.98402343750002 14.535205078125 4.82690820312498 3 3 3
26 1 0 0 8 9 9 0 0 1 0 31.6751523437514 24.114878906251 27.1501171874997 2 2 2
59 1 0 0 3 3 1 1 0 0 1 18.18625 19.2128554687501 19.314548828125 3 2 2
29 0 1 0 6 12 12 0 0 1 1 21.8231874999999 22.4999999999997 23.0000000000003 3 2 3
27 1 0 0 5 6 3 0 0 1 1 20.5 21.9999999999999 23.7500000000003 3 3 2
63 0 0 1 4 3 4 0 1 0 1 11.7032939453125 12.16921484375 12.386326171875 2 3 3
70 0 0 0 2 1 2 0 1 0 0 7.57490820312499 8.16573291015628 8.73980664062501 2 2 2
33 0 1 0 3 2 6 1 0 0 0 13.548634765625 41.180902343749 36.5066289062484 3 3 3
38 0 0 0 6 4 9 1 0 0 1 26.013363281249 29.6737460937504 25.154515624999 3 3 3
65 0 0 0 1 1 2 1 0 0 0 6.55895019531249 7.43002148437503 7.63206542968753 2 2 2
44 0 0 0 2 3 1 1 0 0 0 2.26995190429689 3.54872998046875 5.80859765625 2 2 2
22 1 0 0 5 2 3 0 0 1 0 6.40099999999998 8.72224999999996 8.47761914062501 2 2 2
20 0 0 0 1 2 3 0 0 1 0 13.15308984375 13.1741748046874 13.216166015625 3 2 2
18 0 0 0 5 5 6 0 0 1 1 4.42900000000001 16.61807421875 10.0191357421875 2 3 2
47 0 1 0 12 5 3 0 1 0 1 15.2164960937499 11.379169921875 18.506236328125 3 2 3
39 0 0 0 12 12 12 1 0 0 1 26.5123828124999 15.660875 16.9394531249999 2 2 2
58 0 0 1 1 1 2 1 0 0 1 40.0461914062495 38.2546210937505 38.3394921875006 2 2 2
39 0 1 0 4 6 4 1 0 0 0 1.82038806152344 1.95522717285156 2.05813354492187 3 3 3
76 0 1 0 2 2 2 0 0 0 1 5.35562890625 5.52003906250001 4.65810937499999 3 3 2
39 0 1 0 12 6 10 1 0 0 1 37.2633945312517 39.3000000000019 40.1000000000016 2 2 2
34 0 0 0 10 12 11 1 0 0 1 29.0115468750007 23.4000000000002 24.5554179687502 3 3 3
71 0 0 0 5 3 8 0 0 1 0 5.64210644531252 6.31510937499999 2.33052978515624 3 2 2
62 0 0 0 3 2 3 1 0 0 1 40.7499999999997 40.300000000001 40.7499999999997 3 3 2
61 0 0 0 3 2 2 1 0 0 0 8.33833593750001 13.0176845703125 5.56491210937502 3 3 2
47 1 0 0 5 9 4 1 0 0 1 27.7668535156254 35.9124726562492 37.6633945312498 3 3 3
44 1 0 0 7 3 6 1 0 0 0 34.3862773437503 35.8401132812487 34.8667421875004 3 2 2
68 0 0 0 5 7 5 0 0 0 0 11.801931640625 11.08612109375 11.406099609375 3 3 2
33 0 0 0 3 12 9 0 0 1 1 18.0138574218751 19.51478125 21.476970703125 2 2 2
53 0 1 0 5 10 10 1 0 0 0 21.9146835937499 23.2558886718756 26.2741347656255 2 3 3
28 1 0 0 2 4 3 0 1 0 1 23.6214042968747 5.75000000000002 24.5675507812499 2 3 3
50 0 1 0 3 7 2 1 0 0 0 10.19866796875 5.84244042968752 11.7431572265625 3 2 2
36 0 1 0 9 6 6 0 0 0 0 25.3073242187493 28.7617167968754 37.8957187499987 2 2 2
76 0 0 0 9 4 5 0 0 0 1 7.27039013671877 7.10302929687502 8.35964257812502 3 3 2
38 0 1 0 3 4 3 1 0 0 0 8.16321582031251 8.28629882812502 9.03433398437499 2 3 2
62 1 0 0 3 2 4 1 0 0 1 9.84 10.75180078125 10.308 3 2 3
33 0 1 0 6 4 1 1 0 0 0 15.274689453125 22.1335644531259 24.6173984374993 3 3 2
42 0 0 0 3 5 4 1 0 0 0 9.5828876953125 8.60418554687501 8.6438232421875 3 2 3
66 0 1 0 12 9 12 1 0 0 1 24.896986328126 19.4870078125 17.5995546875001 2 2 2
61 0 0 0 9 3 1 1 0 0 1 2.56090087890625 1.12314819335937 1.31674462890625 2 2 2
55 0 1 0 2 2 1 1 0 0 0 3.62906689453124 1.74000000000001 8.69346191406254 3 3 3
59 0 0 0 7 9 6 1 0 0 1 15.092515625 14.2216962890626 15.6789990234374 3 2 2
31 0 0 0 7 12 12 0 0 1 1 46.091253906252 13.8571259765625 29.6385722656248 2 2 2
28 0 1 0 5 9 12 0 0 1 1 33.5396640625001 25.041476562499 25.7769003906253 3 3 3
50 0 0 0 8 6 7 1 0 0 1 6.55000000000001 5.10000000000001 5.89648144531249 3 3 3
48 1 0 0 5 4 3 1 0 0 0 20.0551953124999 21.9564667968749 23.2473222656249 3 3 3
22 1 0 0 4 6 6 1 0 0 1 1.19484997558595 9.57142773437502 13.2350234375 2 2 2
44 0 0 0 3 2 4 1 0 0 0 10.81651953125 11.1463408203125 8.76841308593755 3 3 3
56 0 1 0 8 3 9 1 0 0 1 11.28291796875 12.55525 9.57837109374999 3 3 2
16 0 0 0 5 5 5 0 0 1 1 1.51732104492187 1.66548986816405 2.85780053710939 3 3 3
72 0 1 0 7 6 6 1 0 0 1 17.6792734375 17.69259375 20.253080078125 2 2 2
64 0 0 0 2 2 3 1 0 0 0 1.97766503906249 2.55392382812501 2.90844409179687 3 3 3
43 1 0 0 3 1 2 0 1 0 0 12.5489140625 13.37539453125 14.9856123046875 2 2 1
57 0 0 1 12 5 3 1 0 0 1 6.49199999999999 3.04800000000001 41.6810000000002 3 2 2
48 0 1 0 3 2 4 0 1 0 0 9.32692382812503 8.70669726562499 9.62540429687495 3 2 3
50 0 0 0 6 3 6 1 0 0 0 14.163470703125 11.8988095703125 13.5751796875 2 2 2
56 0 0 0 8 4 5 1 0 0 1 37.3170898437495 41.9442265625008 35.4687070312487 3 3 3
40 0 1 0 9 6 3 1 0 0 1 29.020324218751 32.5042792968756 36.1639257812502 2 2 2
40 0 1 0 5 6 3 1 0 0 0 29.8089726562514 31.712570312499 29.8395429687485 2 2 2
55 0 0 1 3 3 3 1 0 0 1 8.34895605468753 12.6259843749999 40.759433593749 1 2 1
54 0 0 1 1 2 2 1 0 0 0 3.63720043945312 4.60507421875 3.94896020507815 2 2 1
34 0 1 0 8 6 7 1 0 0 1 12.5539599609375 1.00060003662109 14.8424482421875 3 3 3
66 0 1 0 9 8 8 1 0 0 1 6.10874414062503 4.97947412109373 11.2340390625 3 3 3
62 0 1 0 1 1 5 1 0 0 0 5.62208398437503 5.63239355468752 11.0179794921875 3 3 3
43 1 0 0 7 7 11 1 0 0 0 52.4555156249982 53.4015156249975 60.999999999997 3 2 2
19 0 0 0 5 12 8 0 0 1 0 0.0500000000000002 3.45923144531249 2.40000000000001 2 3 3
27 0 1 0 11 8 10 0 0 1 1 27.9980000000008 29.4580000000004 24.8500000000006 2 2 2
52 0 1 0 2 3 2 0 0 0 0 19.6669277343751 19.6669277343751 106.640835937495 3 2 2
26 1 0 0 3 5 4 1 0 0 1 19.887298828125 22.9376445312502 27.6392617187487 3 3 3
66 0 1 0 4 4 6 1 0 0 0 2.301376953125 10.0664814453125 8.76817578124999 3 3 3
62 1 0 0 7 6 6 1 0 0 1 12.04 11.804 19.26352734375 3 3 3
60 0 0 0 3 2 3 1 0 0 0 13.20093359375 13.9690830078125 13.4623740234375 3 3 3
27 1 0 0 9 9 9 1 0 0 1 31.9885371093752 32.5889980468741 34.36293359375 3 2 2
83 0 0 0 1 2 3 0 0 0 0 8.51600976562495 7.88806542968751 6.82461035156248 2 2 2
72 0 0 0 7 4 2 0 0 0 1 9.28200976562499 8.73193945312499 10.57583203125 3 3 3
48 0 0 0 11 11 5 1 0 0 1 35.6200000000017 34.7623242187489 41.2623242187513 2 2 3
23 0 0 0 9 1 7 1 0 0 0 9.33117773437502 11.038455078125 12.651791015625 2 2 2
20 0 0 1 12 5 5 0 0 1 1 3.1839326171875 8.20030078125 5.93649365234373 3 3 2
60 0 0 1 3 3 3 1 0 0 1 20.663759765625 20.9641894531249 22.3333144531256 2 2 3
54 0 0 0 1 5 1 1 0 0 0 3.79801855468749 3.94073876953124 5.19275683593752 2 2 2
26 0 0 0 6 4 5 1 0 0 1 17.6426835937501 15.5099316406249 16.008314453125 3 3 3
26 0 1 0 3 4 5 0 0 1 1 13.3000000000001 14.3826796875001 15.0649628906251 2 2 2
28 1 0 0 7 12 10 1 0 0 1 22.6374140625001 23.8788691406253 24.5379101562496 2 2 3
88 0 0 1 7 12 6 0 1 0 0 12.2915556640626 10.5764638671875 13.2499638671875 2 1 2
39 1 0 0 5 4 6 1 0 0 1 34.0721679687487 55.1499999999973 64.1000000000025 3 2 3
46 1 0 0 3 1 2 1 0 0 1 15.6986894531251 1.42890002441407 16.9949453125001 3 2 2
47 1 0 0 9 10 9 1 0 0 0 46.6958789062487 54.7455195312492 51.6775585937505 3 2 2
17 0 1 0 7 3 3 0 0 1 1 0.750000000000003 1.342076171875 7.73936376953123 2 3 3
38 1 0 0 3 6 3 1 0 0 0 35.4808085937512 34.4362187500009 38.6602421874992 3 3 3
43 1 0 0 6 10 7 1 0 0 1 39.4999999999995 39.5199999999998 41.9999999999998 2 2 2
71 0 0 1 1 6 1 1 0 0 0 4.75613671875 4.85244433593751 4.90363574218748 3 3 3
43 0 0 1 2 5 1 1 0 0 1 19.1499999999999 17.708232421875 18 3 3 3
43 0 0 0 2 7 2 1 0 0 0 8.88188281250002 12.489607421875 13.210162109375 2 2 2
41 0 1 0 1 1 4 1 0 0 1 15.9377373046874 17.1599999999999 17.84255078125 3 3 3
47 1 0 0 12 9 9 0 1 0 1 65.1145000000026 62.6125000000017 67.999999999997 2 1 2
47 0 1 0 4 5 3 0 1 0 0 41.3644726562491 43.8008671874994 38.8008671874999 2 2 2
49 1 0 0 9 11 6 1 0 0 1 29.1315703124991 29.5499999999987 29.4550820312498 2 2 2
49 1 0 0 9 9 7 1 0 0 0 54.2018085937508 56.5230273437477 56.4715742187515 2 2 2
43 0 1 0 6 9 9 1 0 0 1 27.04 28.7516171874993 32.7185761718762 2 2 3
43 0 0 0 1 1 2 1 0 0 0 9.24312695312498 9.82125488281252 9.6794453125 3 3 3
19 0 0 0 5 7 8 0 0 1 1 17.7734570312501 19.5 23.4000000000002 3 3 2
69 0 0 0 7 1 3 1 0 0 1 7.99299804687497 8.83314746093753 8.44134472656247 3 2 2
66 0 0 1 9 1 3 1 0 0 0 3.83473681640626 3.82659545898439 3.64136474609374 3 3 3
79 0 0 0 8 6 7 1 0 0 1 7.33986718750002 8.05859912109372 8.9843671875 3 3 3
55 0 0 0 4 2 1 1 0 0 0 15.1314091796876 16.09233203125 16.87293359375 2 2 2
55 0 0 0 1 1 1 1 0 0 0 3.58139477539063 3.88689501953125 2.30135717773438 2 2 2
31 0 1 0 4 10 12 0 0 1 1 23.5299999999998 24.5802304687493 22.1752304687494 2 2 2
27 0 1 0 12 9 3 0 0 1 1 11.648 12.678 14.6974248046875 2 2 2
62 0 1 0 4 8 2 0 0 0 0 13.7426435546874 14.25748828125 14.4918603515626 3 3 3
42 0 1 0 4 12 3 0 1 0 1 19.3525 20.7499999999999 21.9999999999999 3 3 2
40 0 0 0 5 3 6 1 0 0 1 15.938 19.0487402343751 18.0249375 2 2 2
39 1 0 0 2 3 4 1 0 0 0 23.1820136718739 25.0818144531251 28.3800820312504 2 3 3
58 1 0 0 3 2 2 1 0 0 1 15.4938466796875 20.7 22.4999999999997 3 3 2
28 1 0 0 2 3 10 1 0 0 1 25.0790078125 31.6379453125011 30.8552675781248 3 3 2
26 1 0 0 10 10 12 1 0 0 0 26.9446894531254 29.9456679687511 33.1310273437491 3 3 2
45 0 0 0 6 4 9 0 0 1 1 5.39929589843752 4.86893359375001 16.667826171875 2 2 2
48 0 0 1 5 2 5 0 1 0 0 16.2499999999999 16.404619140625 12.00923828125 2 2 2
23 0 0 0 11 5 10 0 0 1 0 11.4634208984375 12.30946875 13.8106240234375 3 2 3
46 0 1 0 5 4 5 0 1 0 0 24.2725957031245 22.2440703124997 24.0184765625001 2 3 2
22 0 0 0 6 6 8 0 0 1 0 7.27999999999998 10.964029296875 12.454 1 2 2
48 0 0 1 2 2 5 1 0 0 0 8.04289501953123 3.75329321289061 11.2262333984375 2 2 3
22 0 0 1 8 10 7 0 0 1 0 4.18277978515625 4.39062011718751 4.44258056640622 2 2 2
46 0 1 0 4 2 4 1 0 0 0 24.2946894531248 24.2646660156254 25.8198632812509 2 2 2
53 0 0 0 9 5 3 1 0 0 1 17.9605000000001 33.2280000000013 34.62 2 3 2
55 0 0 1 4 3 4 1 0 0 0 16.2024609374999 14.93825390625 14.0305888671875 2 2 2
28 0 0 0 7 5 6 1 0 0 0 14.8314091796875 15.7741337890626 16.7228632812501 2 2 2
42 0 1 0 5 3 9 1 0 0 1 28.3752851562506 29.7194003906257 25.8698613281256 3 3 3
42 0 0 0 12 12 12 0 0 1 1 16.9938593749999 17.82669921875 16.49617578125 2 2 2
56 0 1 0 9 4 4 0 0 1 0 22.9188476562492 8.72156347656249 39.5062343750004 3 3 2
28 0 0 0 12 7 8 1 0 0 1 10.4285712890625 13.516 21.5301621093749 2 2 2
47 0 1 0 7 3 7 1 0 0 1 16.65313671875 17.286087890625 22.6199999999997 3 3 3
46 0 0 0 1 6 6 1 0 0 0 12.6097001953124 13.210162109375 12.6728603515625 2 2 2
25 0 0 0 1 5 5 0 0 1 0 15.251732421875 16.59233203125 16.7168593750001 3 3 2
23 0 0 0 12 6 8 0 0 1 1 10.4561572265625 9.30777636718746 12.477994140625 2 1 2
35 1 0 0 3 7 3 1 0 0 1 22.6314863281243 26.732564453124 26.9727499999989 3 3 2
37 0 1 0 2 1 3 1 0 0 0 21.200361328125 22.3034414062491 22.3978046874999 2 2 2
46 0 0 0 3 3 3 1 0 0 1 25.0087421874997 29.5100000000004 22.6405273437497 2 2 3
22 0 0 0 3 3 4 1 0 0 1 10.764 11.97591015625 12.24691015625 2 3 2
20 0 0 0 7 3 5 1 0 0 0 14.05080859375 13.408314453125 14.2409599609375 3 3 2
16 0 0 0 3 4 3 0 0 1 0 0.200000000000001 1.32923120117188 2.63294873046874 3 3 3
44 0 0 0 8 7 9 1 0 0 1 45.1774140625007 45.000000000002 49.6065937499979 2 3 2
20 0 0 0 12 7 9 0 0 1 0 1.97376635742188 0.3 4.25269384765624 3 2 2
61 0 0 1 6 9 8 1 0 0 0 6.39798242187498 6.4547119140625 6.41102441406249 2 2 2
56 0 0 0 4 6 8 1 0 0 0 3.92603491210938 3.98763403320312 4.21917431640627 2 2 1
27 1 0 0 12 9 6 0 0 1 1 11.4213564453125 13.2827880859375 16.1795009765625 3 2 2
25 0 1 0 8 12 8 0 0 1 0 14.4195439453125 7.07263671874998 9.67263671874996 2 2 2
85 0 0 1 2 3 2 1 0 0 1 12.7616474609374 12.30919140625 12.5377666015625 2 3 2
83 0 0 1 2 1 5 1 0 0 0 2.57881933593749 2.63121166992186 2.79959570312499 3 3 3
48 0 1 0 9 9 10 0 0 1 1 17.6518691406251 18.6157617187501 20.02230078125 2 2 2
86 0 0 1 3 1 2 0 0 0 0 5.28419628906248 5.11919140624999 7.54909375000002 2 1 2
36 0 0 0 3 8 9 1 0 0 1 17.7694589843749 19.23218359375 20.859869140625 3 3 3
54 0 1 0 10 9 6 0 0 1 1 23.729060546876 28.6550351562497 31.3700937499992 3 3 3
44 1 0 0 4 4 2 1 0 0 1 45.6686718750007 54.3266367187522 59.0230937500026 2 2 2
16 0 0 1 4 4 6 0 0 1 1 0.06 0.0400000000000001 0.3 3 3 2
72 0 0 0 12 10 9 0 0 0 1 44.2064140625003 43.1812460937507 10.9743271484375 3 3 3
56 0 0 0 5 5 7 1 0 0 1 22.1726406249994 22.5426406249999 25.3029999999999 2 3 2
56 0 1 0 3 4 5 1 0 0 0 11.3186611328125 12.0191689453125 13.0115478515624 2 2 2
23 0 1 0 10 12 10 0 0 1 1 0.248762771606446 9.89864453124999 16.8129335937499 2 2 2
63 0 1 0 4 2 3 1 0 0 0 7.32248779296876 8.00343408203122 8.03214062500004 3 3 2
36 0 1 0 2 2 5 1 0 0 0 0.820456787109374 0.720346801757808 0.874862365722658 3 3 3
22 0 1 0 5 11 5 0 0 1 0 2.29605200195312 2.756 16.7397128906251 2 2 2
41 1 0 0 9 10 10 0 1 0 0 27.0792500000005 28.2544003906239 25.3550722656253 2 2 2
44 0 0 0 12 8 12 1 0 0 1 35.9999999999983 37.099999999999 26.8599999999992 2 2 3
23 0 1 0 11 12 9 0 0 1 0 14.6079267578126 15.0115468749999 16.2124716796875 2 3 3
22 1 0 0 5 10 8 0 0 1 0 9.64120019531244 10.7176669921875 8.41030371093752 2 2 2
19 0 0 0 10 12 12 0 0 1 1 14.1449033203125 13.7055429687499 20.8671777343749 2 3 2
73 0 0 1 6 1 2 1 0 0 1 6.77495605468752 7.15126171874998 7.52878710937503 2 2 2
36 0 0 0 2 2 4 1 0 0 0 21.2818574218751 19.0562148437499 20.5458300781251 3 3 2
41 0 1 0 5 3 4 1 0 0 1 25.4110859375008 26.9610859374999 25.269999999999 3 3 3
53 0 0 0 1 4 3 1 0 0 0 5.78517773437498 5.74163964843748 6.22471142578126 3 2 2
57 0 1 0 6 3 4 1 0 0 1 21.3699999999999 21.0600000000001 21.84 3 3 3
28 0 0 0 4 7 9 1 0 0 1 11.7052880859375 24.8260742187489 13.04575 2 3 3
25 0 1 0 1 1 1 0 0 1 1 13.4545800781251 15.274033203125 16.056970703125 3 3 3
17 0 0 0 9 12 9 0 0 1 0 4.550923828125 8.41397265624997 11.468591796875 2 3 3
71 0 0 1 2 2 1 0 0 1 0 8.02673828125003 16.2447568359376 10.2569365234375 2 2 2
44 0 0 0 4 3 2 0 1 0 0 15.8660712890624 10.995236328125 11.227287109375 2 2 2
41 0 0 1 7 9 10 1 0 0 1 24.1387421875012 24.9886054687502 24.1800000000004 2 3 2
43 0 0 0 3 4 3 1 0 0 0 11.1721298828125 14.4664404296875 22.0250703125 2 2 2
43 0 0 0 7 8 9 1 0 0 1 46.9000000000014 26.27020703125 99.4650000000023 2 2 2
30 0 1 0 2 3 3 1 0 0 1 14.0087333984375 15.1396572265625 15.3117783203124 3 3 3
37 0 1 0 4 5 7 0 1 0 0 23.1084902343755 16.998314453125 17.94592578125 3 3 3
72 0 0 0 2 2 1 1 0 0 0 5.17148242187497 5.55313085937501 5.19563574218747 3 2 3
46 1 0 0 3 4 5 1 0 0 1 28.1355664062506 29.9129335937491 31.2780605468737 2 3 2
46 0 0 0 6 7 9 1 0 0 0 11.9377695312501 12.73523828125 12.99245703125 2 2 3
49 1 0 0 9 7 11 1 0 0 1 45.6210390625021 25.3300273437492 27.0509335937498 2 3 3
18 0 1 0 6 9 12 0 0 1 1 4.95210595703123 9.8157333984375 30.3499999999986 3 3 3
39 0 1 0 3 4 3 1 0 0 0 9.00589355468751 8.49325390624998 7.74800000000003 3 3 3
56 0 1 0 5 6 6 1 0 0 0 5.34383398437501 7.08508105468753 7.80600439453124 3 3 3
79 0 0 0 2 1 2 1 0 0 0 2.96869921875001 2.83307617187499 5.75725878906253 3 3 3
69 0 0 0 2 6 1 0 0 0 0 4.3042529296875 4.19535253906249 4.80488916015623 2 3 2
44 0 1 0 6 9 6 1 0 0 1 40.6053749999994 40.8314101562513 44.632796875002 2 3 2
74 0 0 1 11 10 11 1 0 0 1 8.66766796874998 8.72135839843754 8.85639160156252 2 2 2
73 0 0 0 11 12 11 1 0 0 0 5.45747265624999 5.79006054687502 6.46040332031253 2 2 2
51 0 1 0 2 2 3 1 0 0 1 25.1189375000007 24.7189374999996 15.8501484375 2 2 2
24 1 0 0 6 5 9 1 0 0 1 17.98129296875 18.874826171875 20.1 2 3 2
22 1 0 0 9 3 8 0 0 1 1 12.6983544921875 13.5560595703125 13.495984375 3 2 2
83 0 0 1 1 3 1 0 0 0 1 6.80628222656252 12.05502734375 11.40980859375 3 3 3
57 0 0 1 4 3 1 1 0 0 1 8.57441113281247 3.82474755859375 10.8599833984375 3 2 2
42 0 1 0 5 5 5 0 0 1 0 7.21806005859376 7.73247509765627 8.14492822265628 3 2 1
25 0 1 0 7 5 4 0 0 1 0 22.1054257812504 27.3830234375009 26.0240195312513 2 2 2
33 0 0 1 2 4 2 1 0 0 0 16.831130859375 9.00467773437501 15.513958984375 2 2 2
44 0 1 0 6 6 3 1 0 0 1 30.5334882812511 32.6892851562513 30.1722011718736 2 3 2
49 0 0 1 1 1 2 1 0 0 1 12.454 10.842 10.686 2 3 3
23 0 1 0 2 3 4 0 0 1 0 11.7025029296875 13.0521777343749 13.6414189453125 3 2 2
21 0 0 0 5 2 2 1 0 0 0 6.9028837890625 5.92643750000002 4.88612646484373 2 2 2
27 0 1 0 5 2 1 1 0 0 1 11.8412998046875 15.3463662109374 12.8483828125 2 2 2
30 0 1 0 3 2 2 1 0 0 1 20.5489492187501 18.0138574218751 21.61662890625 2 3 3
56 0 0 1 1 2 1 1 0 0 1 14.6330048828124 14.4110849609375 15.0115468749999 2 3 2
58 0 0 0 3 5 3 0 0 0 0 11.43 14.3637812500001 8.84320117187495 3 2 2
27 0 1 0 10 5 5 0 0 1 1 12.4674013671875 15.8957275390624 18.0573906250001 3 2 2
23 0 0 0 4 3 3 0 0 1 0 5.25418066406249 12.639658203125 11.191705078125 2 2 2
17 0 0 0 1 4 2 0 0 1 0 1.38686352539062 4.24977001953126 3.9085712890625 3 2 3
65 0 0 0 3 2 2 1 0 0 1 11.9518583984375 8.29309277343746 10.3657382812501 2 3 2
30 0 0 0 4 5 3 1 0 0 0 1.34606176757813 1.2477138671875 4.0970361328125 3 2 3
65 0 0 0 3 6 2 1 0 0 1 13.9653125 13.0233984375001 7.96231103515629 2 2 2
61 0 0 1 5 4 7 1 0 0 0 5.3903408203125 5.52872705078122 5.90793896484373 2 2 2
68 0 1 0 1 2 3 0 0 0 0 9.94341796875001 10.2721083984375 14.122423828125 3 3 3
35 0 0 0 5 7 7 1 0 0 1 19.422 16.8999999999999 19.599603515625 2 3 3
42 0 1 0 9 2 3 1 0 0 0 30.4764355468739 29.288560546874 27.3283847656259 2 2 2
55 0 0 1 6 5 4 1 0 0 1 17.06121484375 19.1412949218751 19.75594921875 3 2 3
33 0 0 0 12 8 11 0 0 1 1 14.1648964843749 13.438337890625 14.8854511718751 3 3 3
65 0 0 0 12 9 8 1 0 0 1 10.716283203125 12.7670869140624 11.722494140625 2 3 2
61 0 0 1 8 9 8 1 0 0 0 4.55081054687498 4.10920214843752 4.29437499999999 2 2 3
28 0 1 0 5 3 5 1 0 0 1 28.7792519531248 26.699062499999 25.3536015625013 2 2 2
74 0 0 1 1 1 1 0 0 0 0 9.74854101562499 9.20573632812502 8.73286816406247 3 3 3
40 0 0 0 6 4 6 1 0 0 1 28.7123945312493 31.1115468749999 32.475 3 3 3
61 0 0 1 2 4 2 1 0 0 0 3.66111499023439 11.704923828125 10.75675 3 2 3
37 0 1 0 12 2 8 0 0 1 1 7.74821972656253 7.374361328125 8.03400048828125 2 3 2
44 0 1 0 3 6 5 1 0 0 1 17.6799999999999 21.383802734375 27.9999999999989 3 3 3
44 0 1 0 8 9 6 1 0 0 0 4.52052001953125 4.6244404296875 4.72835986328123 2 3 2
22 0 0 0 12 10 10 0 0 1 1 18.91455078125 22.0076210937499 24.9144863281259 2 3 3
24 1 0 0 4 5 6 1 0 0 0 0.820456787109374 0.823253540039058 19.2182343749999 3 3 3
60 0 0 1 4 7 8 1 0 0 0 4.00425317382813 4.01968798828126 4.79924169921877 2 2 2
26 0 0 0 6 2 4 1 0 0 0 10.2585380859375 12.8013544921875 15.86 2 2 2
41 0 0 0 9 6 12 1 0 0 0 4.21605078125001 4.22343945312499 4.36727978515627 2 2 2
23 0 1 0 2 4 2 1 0 0 0 12.326822265625 11.8007939453125 13.9818662109374 3 3 3
19 0 0 0 3 2 5 0 0 1 1 7.8616357421875 9.28914355468751 8.88323339843746 3 2 3
46 0 0 0 8 12 9 0 0 1 1 61.55 70.1999999999999 69.8000000000025 3 3 3
46 0 0 1 2 3 11 1 0 0 1 14.8902490234375 15.8944150390625 17.5059609375 2 3 2
52 0 0 0 4 2 1 0 0 0 0 16.9746953124999 15.15558984375 17.0952265624999 2 2 2
26 1 0 0 3 2 7 0 0 1 0 33.8660039062508 33.473394531249 34.2438828125008 3 3 2
24 1 0 0 2 2 2 0 0 1 0 16.389134765625 20.3155898437501 22.0185351562499 3 2 2
18 0 0 0 6 3 7 0 0 1 1 0.0500000000000002 0.442058837890626 5.44104589843751 2 2 2
43 0 1 0 2 5 4 1 0 0 0 3.59917822265626 4.51844921875001 5.06702734374998 3 2 2
43 0 0 0 1 2 3 0 0 1 1 14.0892333984375 4.269931640625 4.66464013671875 3 3 2
52 0 1 0 1 3 3 1 0 0 0 7.62600000000001 9.02946484375003 15.990537109375 2 2 2
34 0 1 0 5 9 10 1 0 0 1 10.4036103515625 0.00120000004768372 9.99999999999997 2 3 3
32 0 0 0 2 5 4 1 0 0 1 5.00000000000001 26.7680312500012 27.9963437499988 3 3 3
58 1 0 0 4 3 4 1 0 0 0 22.5504531250006 23.0591484375 33.4983437499987 3 2 2
30 1 0 0 9 9 7 1 0 0 0 24.5092382812511 27.1790917968754 22.5778066406258 2 2 2
26 1 0 0 8 12 12 0 0 1 1 8.52479296874998 8.93704492187501 15.556919921875 3 3 3
79 0 1 0 6 6 3 1 0 0 1 19.2811796875 20.1573007812499 19.5458671875 3 2 2
58 0 0 0 1 1 2 1 0 0 0 4.2582998046875 4.2936630859375 5.39017285156248 2 3 2
54 0 1 0 3 3 2 0 0 1 1 23.8025078124996 7.70115820312496 16.1723095703126 2 2 2
66 1 0 0 7 4 7 1 0 0 1 23.4350039062491 28.2317304687506 24.7864511718755 3 3 3
58 0 1 0 3 3 4 0 1 0 0 30.6500000000013 32.9999999999994 31.1157519531245 3 3 3
62 0 0 0 1 1 2 1 0 0 0 5.15278466796874 6.47801953125 4.80840332031252 3 3 3
58 0 0 0 8 6 12 1 0 0 1 37.5680703125011 3.75000000000001 15.0000000000001 2 3 2
56 0 1 0 6 4 6 1 0 0 0 11.064849609375 4.79999999999999 5.76000000000001 2 2 2
28 1 0 0 12 12 12 0 0 1 1 22.6715996093757 27.3570429687497 25.3818906249992 2 3 3
51 0 1 0 7 9 5 1 0 0 1 15.642857421875 18.8831582031251 23.9460000000003 1 2 2
58 0 1 0 1 3 8 1 0 0 0 9.09999999999999 2.60621044921874 8.51184374999997 3 3 3
50 1 0 0 8 7 5 1 0 0 1 29.2753535156254 9.08273535156252 19.75980078125 2 3 3
47 0 0 0 2 1 3 1 0 0 0 19.7023378906251 19.541359375 35.7980312500014 2 3 3
55 0 0 0 11 9 6 0 1 0 1 12.2476757812501 10.282451171875 11.822451171875 2 2 2
59 0 0 1 12 12 12 1 0 0 0 8.15679931640622 4.08557495117186 47.1047304687512 2 2 2
57 0 1 0 4 5 8 1 0 0 1 124.000000000003 97.2760937499988 55.3200000000003 3 3 2
62 0 1 0 9 2 3 1 0 0 1 25.9057851562491 25.4760000000011 25.6760000000008 2 2 2
57 0 0 0 2 7 8 1 0 0 0 17.469927734375 17.552 18.981953125 2 2 2
54 1 0 0 12 12 12 0 0 1 1 33.1299453124985 35.00129296875 30.8415878906261 3 2 3
57 0 0 0 8 5 7 1 0 0 1 14.483140625 15.4514414062501 16.6726855468749 3 3 2
50 0 1 0 5 4 4 0 1 0 0 27.1143925781258 23.5633945312494 27.3606249999992 2 2 2
23 0 1 0 9 12 12 0 0 1 1 6.99317089843749 16.99906640625 17.71488671875 2 2 2
18 0 1 0 4 3 6 0 0 1 1 0.54459991455078 1.369 5.21829980468751 2 2 2
72 0 0 0 6 6 8 1 0 0 0 22.5608203124996 10.453595703125 19.719595703125 3 2 3
72 0 1 0 5 6 7 1 0 0 1 33.0914960937496 36.9391406249986 36.5743007812492 3 2 2
82 0 0 1 1 1 1 1 0 0 1 6.28210742187497 8.60024121093752 9.15620019531251 3 3 3
43 0 1 0 3 2 2 1 0 0 0 10.8208291015625 9.92727441406253 8.98246679687499 2 2 2
20 0 0 0 7 5 4 0 0 1 1 9.15855078124998 10.11340234375 10.6370869140625 2 2 2
47 1 0 0 3 5 4 0 0 1 1 32.6499199218764 38.3521054687485 38.2254023437484 2 2 2
34 0 0 0 3 2 2 1 0 0 1 19.1020742187501 16.849380859375 16.9313085937501 3 3 3
58 1 0 0 3 5 7 1 0 0 0 1 23.1128593750006 2.8409189453125 2 2 3
57 1 0 0 5 4 7 1 0 0 1 23.5439999999998 24.5240000000005 76.3180000000026 3 3 3
29 1 0 0 3 5 4 1 0 0 0 17.154490234375 22.3630488281248 24.1663964843759 3 3 2
71 0 0 0 3 1 3 1 0 0 0 2.58715087890625 2.73545800781251 2.60186157226563 2 2 2
66 0 0 0 5 1 1 0 0 0 1 17.4441093749999 18.1680585937501 18.2640878906249 3 3 3
43 1 0 0 2 2 2 1 0 0 1 24.5136718750006 27.1207851562496 29.2038281249991 3 2 2
66 0 0 1 9 10 8 0 0 0 0 5.9779775390625 4.14777734374998 9.56807031250003 3 3 3
38 1 0 0 4 3 4 1 0 0 0 11.5197783203125 10.60449609375 21.4143984375 3 2 2
44 1 0 0 12 6 10 1 0 0 1 55.0207890625005 53.3406484375025 51.6394960937522 2 2 2
73 0 1 0 7 7 6 1 0 0 1 32.6883398437516 27.5945039062487 34.3725859375002 3 2 3
74 1 0 0 2 2 3 1 0 0 0 2.40749267578124 2.53161596679689 2.65959570312499 3 3 3
62 0 1 0 10 4 7 1 0 0 1 39.0750000000008 33.0603945312492 25.3103925781258 2 2 2
61 0 1 0 10 1 6 1 0 0 0 12.1646865234375 14.6791201171874 18.4472558593749 3 3 3
33 1 0 0 12 12 12 1 0 0 1 33.1858046875001 5.86538476562497 11.9175390625 3 3 2
49 0 1 0 2 1 5 0 1 0 0 16.6523984375 14.8158642578125 11.028037109375 2 2 2
19 0 0 0 5 6 12 0 0 1 1 2.46335034179687 2.31037792968749 1.1259072265625 3 2 3
16 0 0 0 2 5 10 0 0 1 0 0.004 0.06 7.71845361328123 2 2 2
39 0 0 0 12 3 9 0 1 0 0 12.3048173828125 10.923904296875 17.87770703125 3 3 2
20 0 1 0 7 4 8 0 0 1 1 8.74992578125 10.6600000000001 12.39592578125 2 2 3
56 0 0 0 11 10 11 1 0 0 1 19.178462890625 17.0899296874999 20.9133203124999 2 2 2
47 0 1 0 12 12 12 0 1 0 1 38.6400000000018 49.599999999999 69.5999999999992 2 2 2
49 1 0 0 8 10 12 1 0 0 1 35.8379843749988 36.5838124999994 41.110855468752 2 3 3
48 0 1 0 1 3 2 1 0 0 0 1.45246850585938 14.1758154296875 15.45067578125 3 3 3
20 0 0 0 10 4 2 0 0 1 0 0.957142883300783 0.0999999999999999 0.3 2 2 3
73 0 0 1 9 2 2 1 0 0 1 11.6347607421875 11.152033203125 12.045271484375 3 2 3
40 0 0 0 10 10 8 0 1 0 1 19.7972285156249 21.9367207031249 22.5372988281241 2 2 2
57 0 0 0 10 11 12 0 1 0 1 2.20000000000001 8.595 12.9498076171875 2 2 2
48 0 0 0 2 3 3 1 0 0 0 5.57361474609375 7.44580810546876 5.39428613281248 3 3 3
21 0 0 0 9 2 7 1 0 0 0 10.885 12.1841005859375 11.25884375 3 2 2
42 0 0 1 3 3 1 1 0 0 1 11.1054951171875 13.9200458984375 13.8487558593751 2 2 2
69 0 0 0 3 8 4 1 0 0 0 3.31715087890625 3.14441406250001 3.52905468749999 3 3 3
34 0 0 0 3 5 6 1 0 0 0 0.994817321777342 0.786745361328125 0.851809265136721 3 3 3
51 0 1 0 2 3 1 1 0 0 0 0.200000000000001 7.8885712890625 0.200000000000001 2 2 2
23 1 0 0 10 8 5 0 0 1 0 18.327830078125 21.5387812499999 24.0684765624988 3 2 2
63 0 1 0 2 1 1 1 0 0 1 16.417 16.8 3.94726904296874 3 3 3
23 0 0 0 7 4 5 1 0 0 1 13.025 16.5339882812501 14.5016210937501 3 2 2
41 1 0 0 8 6 9 1 0 0 1 32.8679687499987 34.5624960937503 33.8598632812509 2 2 2
40 1 0 0 2 1 1 1 0 0 0 35.3477734375011 36.0765703124987 37.0056210937511 2 2 2
57 0 1 0 1 4 1 0 1 0 0 10.002349609375 11.269365234375 13.2922705078125 2 2 2
29 0 0 0 5 7 4 1 0 0 0 12.51109375 13.598654296875 13.6974638671875 3 3 3
51 0 0 0 6 7 5 1 0 0 0 9.99999999999997 8.75000000000001 7.12 2 2 2
38 0 1 0 6 3 3 1 0 0 0 6.02108496093748 5.080080078125 9.20631640625003 2 2 2
37 0 1 0 4 5 4 1 0 0 1 30.9971093750011 25.7830312499996 27.5626445312493 2 2 2
19 0 0 0 3 5 9 0 0 1 1 10.3279443359375 12.129330078125 17.3741425781251 2 2 2
17 0 0 0 3 10 5 0 0 1 1 7.54784130859374 9.127021484375 10.7236494140624 2 3 2
19 0 0 0 11 12 12 0 0 1 0 9.07559960937498 10.7362587890625 12.404740234375 3 1 3
81 1 0 0 3 9 4 1 0 0 1 14.8904404296875 16.3080498046874 15.9588281250001 3 2 2
63 0 1 0 4 3 5 1 0 0 0 10.3252294921875 10.35140234375 10.846595703125 2 2 3
61 0 0 1 1 2 3 1 0 0 1 15.3925175781251 11.8891455078125 17.5554882812501 3 3 3
38 0 0 0 5 3 3 0 0 1 1 10.3255 10.5955 10.7705000000001 2 2 2
34 0 1 0 4 3 5 1 0 0 1 20.8 25.5278496093743 23.4224121093758 2 2 2
41 1 0 0 7 9 5 0 0 1 1 34.5670859375004 36.9309062500014 37.6189374999997 3 3 3
55 0 1 0 7 9 7 1 0 0 0 29.5066992187498 27.1960742187508 26.4999999999996 2 2 2
25 1 0 0 10 3 6 0 0 1 1 40.0133945312489 25.2589902343755 56.4576445312518 2 2 3
24 1 0 0 3 2 3 0 0 1 0 20.7192421875 21.966849609375 24.0184765625001 2 3 3
38 0 0 1 4 4 2 0 1 0 0 10.03361328125 17.1626718749999 20.3952597656249 1 2 2
64 0 0 1 1 2 2 1 0 0 0 3.39408422851561 6.15545800781252 7.06921923828121 2 2 3
30 0 1 0 2 3 12 1 0 0 1 14.6050810546875 16.75 18.2190605468751 3 2 3
59 0 1 0 2 1 1 1 0 0 1 16.920330078125 19.2153437499999 16.7063359375 3 2 2
55 0 1 0 2 5 5 1 0 0 0 6.04711914062498 5.82849560546876 4.54140576171877 2 3 3
44 0 0 0 5 4 4 1 0 0 1 28.8954218750012 30.4048085937509 24.258662109376 2 3 3
43 0 0 0 3 3 3 0 1 0 0 22.9798476562508 24.2688476562491 26.393390625 2 2 2
47 0 1 0 2 5 4 1 0 0 1 23.6329101562493 33.2556289062491 33.0260468749998 1 2 2
60 0 0 0 3 4 7 0 0 0 1 20.3060820312501 12.3339921875 14.7923105468749 2 1 2
37 0 1 0 3 2 1 1 0 0 1 29.8788593750005 30.898859375 27.5999999999989 2 2 2
64 0 0 1 1 1 2 0 0 0 0 7.50399316406246 4.09062377929688 14.47499609375 2 2 2
57 0 0 0 4 4 6 1 0 0 1 6.26558886718751 2.00060009765625 4.398123046875 3 2 3
56 0 0 0 9 6 6 1 0 0 0 17.1642148437501 17.740001953125 5.59997265625 3 2 3
29 0 0 0 3 3 4 1 0 0 0 10.71584375 13.3673730468751 34.2626132812515 3 3 3
36 0 0 0 3 1 5 1 0 0 0 20.0633125 0.712979370117185 0.712979370117185 3 3 3
51 0 1 0 6 9 6 1 0 0 1 24.598845703126 25.2194003906243 26.8404179687513 3 3 3
29 1 0 0 2 3 3 1 0 0 1 18.54525390625 22.1138203124998 21.686115234375 3 2 3
27 0 1 0 3 2 4 1 0 0 0 10.2618935546875 12.948783203125 14.2864150390625 3 3 3
21 0 0 0 6 11 7 0 0 1 1 14.98326953125 19.14873046875 19.2388007812501 3 3 3
65 0 1 0 7 3 5 1 0 0 1 3.5132998046875 5.825771484375 5.73171875 3 3 3
39 0 1 0 1 2 3 0 0 1 1 5.51215820312499 13.9378291015625 4.66712011718753 2 2 2
54 0 0 1 5 6 6 1 0 0 1 24.8833984374993 27.0966796875012 18.44908203125 3 3 3
42 0 0 0 6 4 5 1 0 0 0 1.38452087402344 0.823253540039058 6.93271972656254 1 2 2
22 0 0 0 6 6 7 0 0 1 1 7.87870605468751 3.36438623046875 2.93177783203126 2 2 3
20 0 0 0 3 2 4 1 0 0 1 5.90437597656251 7.58815820312502 3.96986669921875 3 3 3
18 0 0 0 7 7 9 0 0 1 1 2.76534228515624 6.80758691406248 8.00851074218753 2 3 3
82 0 0 1 3 8 6 1 0 0 1 9.30833007812502 9.27832128906253 10.5210791015625 3 2 2
45 0 0 0 2 4 4 1 0 0 1 16.0085703124999 13.2071972656251 12.48750390625 2 2 2
45 1 0 0 4 6 4 1 0 0 0 10.80362109375 7.98198730468747 9.78835058593754 2 3 2
35 0 1 0 5 9 9 1 0 0 1 16.853453125 16.7211464843751 17.6362089843751 2 1 2
40 0 0 0 8 5 4 0 0 0 0 17.445056640625 9.9733310546875 9.61773339843747 2 3 2
30 0 1 0 2 4 3 1 0 0 1 9.79499023437497 12.4415703125 17.0626640624999 1 2 2
33 0 1 0 1 4 2 1 0 0 0 6.7947490234375 8.44737304687502 11.5439638671876 3 3 3
39 0 1 0 2 7 2 1 0 0 1 14.612 17.5976308593751 18.637630859375 2 2 3
35 0 0 0 1 1 2 1 0 0 0 21.8836054687501 6.48319238281247 11.8771904296875 2 2 2
29 0 1 0 4 5 5 1 0 0 1 18.186 13.593 27.0090664062487 2 2 3
47 0 0 0 1 1 7 1 0 0 0 15.45554296875 15.5 17.92143359375 2 2 2
58 0 1 0 1 1 3 1 0 0 0 9.08063378906253 11.0996640625 12.674572265625 2 2 2
32 0 1 0 3 5 4 1 0 0 0 17.732275390625 21.8159707031251 24.3264882812502 2 2 2
61 0 1 0 2 1 2 1 0 0 1 24.3580000000011 14.586 31.3282792968738 2 3 2
58 0 1 0 5 4 2 1 0 0 0 4.08000000000001 4.09200000000001 2.22214990234375 3 3 3
22 1 0 0 3 2 3 0 0 1 0 12.1639677734375 11.9149912109375 0.012 2 3 3
18 0 0 0 12 4 12 0 0 1 1 5.52499999999998 9.49550878906251 12.2951181640626 3 3 2
40 1 0 0 5 5 5 1 0 0 1 41.2036953125001 41.7561210937494 42.4427617187487 2 2 2
38 0 1 0 11 11 12 1 0 0 0 2.76224511718749 3.54150000000001 2.89833349609376 2 3 3
41 1 0 0 2 3 2 1 0 0 0 20.615705078125 22.4170898437501 23.708775390626 3 3 3
74 0 0 0 3 2 2 0 0 0 1 17.4169999999999 3.15 6.50043798828126 3 3 2
82 0 0 1 2 2 3 0 0 0 0 11.5261640625 9.2145439453125 4.59160839843748 3 2 2
25 0 0 0 2 3 1 1 0 0 0 3.93639526367189 12.816267578125 12.459669921875 2 2 2
24 0 0 0 2 12 12 0 0 1 1 20.62958984375 18.485857421875 24.3926093750004 3 3 2
23 0 0 0 12 12 12 0 0 1 1 12.9999999999999 15.7935791015625 14.8963154296874 2 2 2
46 0 0 0 7 2 5 1 0 0 1 20.59478125 20.6024453124999 19.21478125 2 2 2
45 0 0 0 6 5 3 1 0 0 0 16.3334648437499 15.1909589843749 14.77699609375 2 2 2
17 0 0 0 7 2 4 0 0 1 0 1.08084716796875 0.02 0.0300000000000001 3 3 3
39 1 0 0 8 12 9 1 0 0 1 28.4613183593747 30.6235585937487 30.1755761718743 3 3 3
37 0 0 0 1 2 4 1 0 0 0 11.76648828125 17.4741796875 16.3555449218749 2 2 3
36 0 0 0 2 6 5 1 0 0 1 15.610439453125 24.797818359375 23.7645214843747 3 2 2
42 1 0 0 4 3 3 1 0 0 1 34.2263281249994 35.4372499999999 36.6381757812507 3 2 2
60 0 1 0 1 1 1 1 0 0 0 7.00893603515626 4.25284960937501 7.70145458984372 3 3 2
58 0 0 0 2 3 2 1 0 0 1 9.40007812499999 8.70203515625001 15.7432333984375 3 2 2
56 0 0 0 4 5 4 1 0 0 0 15.988525390625 15.9120087890625 15.9120087890625 3 3 3
49 0 1 0 2 2 3 1 0 0 1 29.6344121093762 30.6611796875 27.4327558593761 3 2 1
45 0 0 0 7 6 4 1 0 0 0 15.314984375 16.56233203125 17.004619140625 2 2 1
24 1 0 0 3 2 4 0 0 1 0 18.07580078125 20.6657050781249 22.7793300781255 3 3 3
19 0 0 0 6 5 10 0 0 1 1 15.9175742187499 15.9455078125001 13.2501494140625 3 2 3
43 0 0 0 11 12 12 1 0 0 1 31.1812187500002 34.6397656249985 36.9103984375009 2 2 2
53 0 0 1 5 8 7 1 0 0 0 19.6 19.854 22.174 2 3 3
31 0 1 0 9 2 8 1 0 0 1 25.1999999999996 30.3999999999996 25.4311660156252 3 3 3
28 1 0 0 8 10 12 1 0 0 0 40.300000000001 40.4999999999987 50.8999999999993 3 3 3
48 0 1 0 7 10 4 1 0 0 1 68.2592343750006 70.5999999999976 67.7509531250018 2 2 2
47 0 1 0 7 4 7 1 0 0 0 18.66917578125 18.498265625 52.9982656249994 2 2 3
42 0 1 0 4 9 12 1 0 0 1 16.4546171875001 16.4546171875001 21.016166015625 3 3 3
36 0 1 0 6 6 6 0 0 1 0 27.095017578125 32.2644335937503 38.0933046875003 2 2 2
39 0 1 0 1 8 7 1 0 0 0 7.92609716796877 6.3694306640625 6.06466503906247 2 2 3
36 0 0 0 4 4 2 1 0 0 0 4.07161083984376 5.06815429687501 5.02781201171876 3 2 2
41 0 0 0 1 1 3 1 0 0 0 13.2301640625 15.2229628906249 15.12525390625 2 2 2
43 0 1 0 4 5 1 1 0 0 0 6.86287011718754 18.1578046875 9.65991699218749 2 2 2
42 0 1 0 4 4 2 1 0 0 1 34.9489843750001 35.4636171875002 25.8581445312488 2 2 2
41 0 1 0 9 3 9 1 0 0 0 12.78625 15.8005693359375 21.740646484375 2 2 2
41 0 1 0 10 3 9 1 0 0 1 31.9485449218761 32.2708085937502 33.38563671875 1 2 2
51 0 1 0 1 1 1 1 0 0 0 19.650150390625 19.858123046875 19.156451171875 3 2 2
43 0 1 0 2 2 3 1 0 0 1 25.3691679687494 25.8395312499994 26.4861445312489 3 3 3
47 0 0 0 3 7 2 1 0 0 0 0.00800000000000003 0.00599999999999997 0.238000000000001 3 3 2
23 0 0 0 7 8 5 0 0 1 1 13.8995498046875 14.6435791015625 15.041208984375 2 2 2
59 0 0 0 3 1 2 1 0 0 0 2.92999999999999 2.344330078125 5.09601953125001 2 2 2
80 0 0 1 3 1 6 1 0 0 1 11.9589560546875 12.9168066406251 13.1175742187501 3 3 3
79 0 0 1 4 1 4 1 0 0 0 5.02081933593748 4.93321191406251 5.85559570312502 2 2 2
83 0 0 1 2 4 4 1 0 0 1 5.30429248046875 4.86323144531251 5.62942333984378 2 3 2
60 0 1 0 6 3 6 1 0 0 1 14.787087890625 7.48151513671873 8.82678710937501 2 2 2
57 0 0 1 3 2 5 1 0 0 0 16.1175585937501 18.198779296875 21.1464667968751 2 1 2
32 0 1 0 8 8 7 1 0 0 0 27.2782714843742 28.7071796874997 25.2604394531242 2 2 3
30 1 0 0 2 1 3 1 0 0 0 16.795705078125 11.9334521484375 13.8342529296875 3 2 2
75 0 0 1 2 2 1 0 0 0 0 8.31564746093748 8.24959570312499 7.68396923828124 3 3 1
89 0 0 0 3 1 1 0 0 0 0 6.4525537109375 5.27773583984373 6.49191845703127 3 3 3
52 0 1 0 2 2 4 1 0 0 1 28.2867109375012 31.2249687499988 33.7803007812496 2 2 2
66 0 0 0 3 4 5 1 0 0 1 16.4716484375 15.531958984375 11.4925859375001 3 3 2
61 0 0 0 2 1 1 1 0 0 0 2.51148242187501 2.60601953125 2.60601953125 3 3 3
41 0 1 0 3 5 5 0 1 0 1 11.90083984375 12.5527998046875 28.605439453125 2 2 3
42 0 1 0 6 6 7 1 0 0 0 15.497201171875 16.2312001953125 16.4738359374999 2 2 2
77 0 1 0 2 8 5 1 0 0 1 16.9628046875 13.854423828125 17.8131816406249 3 3 2
40 0 0 0 6 3 7 1 0 0 0 12.019171875 16.401681640625 12.4296357421875 3 2 3
49 0 0 1 1 3 12 1 0 0 0 8.70592578125001 11.08892578125 9.42308984374999 2 3 2
29 0 0 0 2 6 5 1 0 0 1 15.08 14.9294072265625 16.432 2 3 2
26 0 1 0 6 4 4 1 0 0 0 15.08 14.623130859375 13.5103925781251 3 3 2
20 0 0 0 1 10 9 0 0 1 1 10.4 11.083392578125 12.7399999999999 2 3 3
31 0 1 0 8 8 8 0 0 1 1 6.40269775390624 20.14221484375 4.42157519531251 1 2 2
30 0 1 0 6 4 8 1 0 0 0 17.3129335937501 18.8138574218751 21.21478125 3 3 3
59 0 1 0 5 3 2 1 0 0 1 11.854455078125 8.28008691406254 8.54918066406253 3 2 2
56 0 0 0 3 2 4 1 0 0 0 7.15935351562502 7.53152441406253 8.08514453124997 3 2 2
32 0 1 0 5 3 4 1 0 0 1 18.892150390625 19.9262421875 21.9542890625 3 3 3
30 0 1 0 12 4 12 1 0 0 1 17.146634765625 18.5766347656251 22.3596992187501 3 3 3
30 0 0 0 7 2 12 1 0 0 1 21.9319628906251 22.2325898437507 26.3763769531251 3 3 3
61 0 1 0 7 10 11 1 0 0 1 15.1392080078125 24.2659999999996 17.8342460937499 2 3 3
29 0 1 0 9 6 10 1 0 0 1 18.683837890625 25.6589746093752 27.4160859374991 2 3 3
41 0 1 0 8 12 9 1 0 0 1 10.76147265625 17.8880683593749 16.8959199218751 2 2 2
39 0 1 0 3 5 2 1 0 0 0 6.8466103515625 13.4650947265626 14.0784218750001 2 2 2
67 0 0 0 3 3 3 0 0 0 0 12.128296875 12.6260107421876 12.588701171875 2 2 2
44 1 0 0 5 4 3 0 1 0 1 28.281755859375 28.6145996093738 30.8178671874988 2 3 2
42 0 0 0 4 4 5 1 0 0 1 20.331974609375 20.8910253906249 20.4157050781249 2 2 2
40 0 1 0 2 8 8 1 0 0 0 6.88994628906247 7.75089355468748 7.9996455078125 3 3 3
58 0 1 0 3 2 1 1 0 0 1 22.0486601562499 25.3194374999992 25.1526289062488 3 3 3
29 1 0 0 4 3 4 1 0 0 1 28.1730019531236 29.4250000000007 31.5627011718757 3 2 3
75 0 0 1 4 3 2 0 0 0 1 6.22251171874997 7.00428759765626 7.35595996093752 3 3 3
39 0 0 0 6 8 7 0 0 1 0 11.4685224609375 11.883140625 12.6214775390625 2 2 2
38 0 0 1 1 1 2 0 1 0 0 15.4961914062501 18.1714765625 15.618435546875 3 3 3
55 0 1 0 2 2 2 1 0 0 1 13.22609765625 16.7050800781249 20.6810000000001 3 2 3
55 0 1 0 3 3 1 1 0 0 0 19.4675683593751 15.8498671875 10.03500390625 2 2 2
33 0 1 0 9 4 5 1 0 0 1 24.2400000000012 12.22 13.7 2 2 2
33 0 0 0 5 8 4 1 0 0 0 22.565359374999 24.1025410156246 20.55976953125 2 2 3
30 1 0 0 8 5 3 1 0 0 0 26.9127031249994 33.0183476562497 35.9457460937491 3 3 3
27 0 0 0 9 12 6 1 0 0 0 1.371701171875 9.15314453124996 16.3829921875001 2 2 2
72 0 0 1 3 1 1 1 0 0 1 8.06360986328125 9.12008007812499 9.12965527343749 2 2 2
72 0 0 1 3 2 1 1 0 0 0 3.23153125 3.32509057617186 3.52747412109374 3 2 3
59 0 0 1 5 1 3 1 0 0 1 6.59792089843751 9.41745507812504 11.862091796875 2 2 2
60 0 0 1 1 5 10 1 0 0 0 10.17881640625 7.43966064453126 6.7961796875 2 2 3
32 0 1 0 3 2 4 1 0 0 1 15.4683017578124 16.1232705078125 16.7270527343751 2 2 3
81 0 0 1 1 1 1 0 0 0 1 8.37028222656254 7.14008056640627 10.173080078125 2 2 2
46 0 1 0 8 1 4 0 0 0 0 6.14400000000001 9.962154296875 6.75375244140626 2 2 2
21 0 0 0 12 4 4 0 0 1 0 10.6920537109375 10.085240234375 13.71253125 2 2 2
44 0 1 0 5 3 3 1 0 0 0 0.709356689453127 10.12726953125 10.4061718750001 2 2 2
55 0 0 1 2 3 2 1 0 0 1 7.39725341796878 5.69021386718749 5.27712109375001 2 2 2
29 0 1 0 4 4 3 1 0 0 1 1.80447595214843 12.0767968749999 11.18180859375 2 2 2
27 0 0 0 12 6 5 0 0 1 1 9.41702441406254 19.785720703125 21.9856796874999 2 2 2
65 0 0 0 2 2 1 0 0 1 0 7.62699511718748 7.40618115234376 7.22043212890626 3 3 3
39 0 1 0 4 4 3 1 0 0 1 12.81761328125 13.5620087890625 12.5043046875 2 2 1
37 0 0 1 4 3 4 1 0 0 0 6.25710009765626 3.36526171875001 15.8959033203125 2 2 2
38 0 0 0 4 6 5 1 0 0 0 9.71245703124997 10.18439453125 8.26499511718752 2 3 2
78 0 0 1 2 1 1 1 0 0 0 7.52332177734376 6.87637988281248 6.92772460937503 2 2 2
83 0 0 0 5 2 4 0 0 0 0 10.23941796875 7.84395214843754 10.6081669921875 3 2 2
56 0 0 0 2 2 2 0 1 0 0 9.37320996093753 9.90739062499999 10.1137646484375 3 3 3
31 0 1 0 1 1 1 0 0 1 1 8.83000000000004 6.1285712890625 3.01612622070312 2 2 2
28 0 0 0 10 7 10 0 0 1 1 10.062 14.7448740234375 16.0844814453125 2 2 2
26 0 0 0 3 3 8 0 0 1 1 18.7359667968751 17.423474609375 15.1735224609376 3 2 2
59 0 0 1 4 3 1 0 0 0 0 7.55034082031253 3.355080078125 8.88044335937503 2 3 2
36 0 0 0 7 9 6 0 0 1 1 16.2124707031251 17.1131640625 17.1231640625 2 2 2
82 0 1 0 4 2 3 0 0 0 1 6.21922021484374 7.59908642578125 7.13290283203129 1 3 2
32 0 0 0 12 12 12 1 0 0 1 22.02240234375 24.357554687501 24.7298398437498 2 2 2
52 0 0 1 4 5 12 0 0 1 1 16.98434375 18.4942929687499 15.21 3 2 2
70 0 0 1 2 5 5 1 0 0 1 14.297275390625 16.3878125 15.4739033203124 2 2 2
48 0 0 0 4 5 6 1 0 0 0 25.6863750000001 17.4133945312501 19.21478125 2 3 3
48 0 1 0 6 5 4 1 0 0 1 30.0739785156243 28.5376054687492 20.7419296874999 3 3 2
23 0 1 0 7 4 7 1 0 0 0 18.2572675781249 21.435767578125 24.5684999999989 3 3 3
19 0 0 0 5 1 10 0 0 1 0 0.901330627441409 2.307904296875 0.01 2 2 2
50 1 0 0 4 1 4 0 1 0 1 10.75 10.8 11.4 2 2 3
86 0 0 1 3 2 1 0 0 0 0 11.2377744140625 9.08367773437503 12.322509765625 2 2 2
43 0 0 0 10 7 9 0 0 1 0 18.401962890625 18.7521953125 20.4036953124999 2 2 2
38 0 1 0 1 7 4 1 0 0 1 37.4637812499994 43.0490546875011 42.4714140624998 3 3 3
34 0 1 0 2 2 2 1 0 0 0 23.4550898437507 24.7510917968741 25.5109785156258 3 3 2
36 0 0 0 9 7 4 1 0 0 0 11.5007734375 15.5311533203125 16.3804804687501 3 3 2
33 0 0 0 6 2 11 1 0 0 0 8.57045703124996 7.2823388671875 1.02445349121094 3 3 3
50 0 0 0 3 3 4 1 0 0 1 14.3187763671874 14.729330078125 14.330947265625 2 2 2
49 0 0 1 2 2 2 1 0 0 0 8.64847363281245 7.76397216796873 8.47829101562504 2 2 2
58 0 0 0 4 2 5 1 0 0 0 10.7279443359375 12.92979296875 15.2115468750001 2 2 2
35 1 0 0 2 3 2 1 0 0 0 4.9099951171875 7.23653027343752 11.472859375 3 3 3
44 0 0 1 7 5 5 1 0 0 0 6.58400292968751 6.72404589843754 6.44598388671876 2 2 2
48 0 0 1 4 2 3 1 0 0 0 6.66136914062502 5.07154296874998 5.2588671875 3 3 2
41 0 0 0 5 1 2 1 0 0 0 1.57170117187501 1.48996667480469 1.46466088867187 3 3 2
40 0 1 0 9 9 9 1 0 0 1 11.7615380859375 15.5615390625 15.45 2 2 2
31 0 0 0 5 6 7 1 0 0 1 13.6576240234375 22.7152148437495 23.1175234374999 3 3 2
50 0 1 0 6 3 1 1 0 0 0 9.25346484375 0.0999999999999999 11.5691875 2 2 3
56 0 0 0 5 3 3 1 0 0 1 11.9800810546875 15.302 18.772421875 2 2 2
33 1 0 0 11 12 12 1 0 0 1 31.128619140624 32.7251738281251 31.0824179687503 3 2 2
35 1 0 0 4 2 3 1 0 0 1 19.0521972656251 25.1047011718746 31.2840644531244 3 3 3
34 1 0 0 2 1 2 1 0 0 0 41.9185039062482 47.307128906249 54.3407851562498 2 3 3
80 0 0 0 1 1 1 0 0 0 0 5.42092578125002 5.61773681640627 5.80612060546873 2 2 2
81 0 0 0 2 3 2 0 0 0 0 6.26184863281252 6.39045996093752 6.39934619140627 2 2 2
51 0 1 0 1 2 3 1 0 0 0 2.52534008789062 9.72421582031249 9.86698828125003 2 2 2
18 0 0 0 8 9 5 0 0 1 0 5.41688964843751 6.30989697265626 11.97921484375 3 3 2
32 1 0 0 4 12 5 1 0 0 1 33.025406250001 34.812933593751 37.2147812500017 2 2 2
35 0 0 1 8 5 2 0 0 1 1 4.55698193359375 10.1410283203125 12.4370566406251 2 2 2
51 1 0 0 6 6 9 1 0 0 0 46.2521718750014 48.0979765624997 50.1404140624985 2 2 2
54 0 1 0 9 7 9 1 0 0 1 24.1629257812497 7.74601074218753 27.1736328124996 3 2 2
16 0 0 0 6 2 9 0 0 1 1 0.06 0.9914769897461 1.31400000000001 2 3 2
76 0 0 0 6 5 8 1 0 0 1 8.80306250000005 9.10898925781256 9.27975585937496 3 2 2
70 0 0 0 3 2 5 1 0 0 0 6.10548242187498 5.43001953125001 6.10801953124999 3 3 3
78 0 0 1 11 12 9 0 0 0 1 10.991673828125 10.531013671875 11.484685546875 2 2 2
70 0 1 0 3 2 4 1 0 0 1 18.24895703125 15.5796552734376 17.0736152343751 2 2 2
68 0 0 0 3 1 6 1 0 0 0 2.40747290039061 2.31244409179689 3.25840332031249 2 2 3
37 0 0 1 3 3 9 1 0 0 1 29.4409101562492 49.0718007812488 45.785953125 3 3 3
55 1 0 0 4 2 3 0 0 0 0 46.5851757812486 45.359593750001 48.7095937500022 2 2 3
30 1 0 0 2 4 5 1 0 0 0 16.2965234375001 11.4332373046876 17.55014453125 2 2 2
53 0 0 1 5 6 5 1 0 0 0 6.74153906250002 7.24506347656252 7.86004980468747 3 3 3
53 0 0 0 12 12 12 1 0 0 1 22.0319999999992 22.3579003906239 21.50828515625 2 2 2
27 1 0 0 4 4 6 0 0 1 1 18.319630859375 26.0704941406262 27.0776621093757 2 3 3
52 0 0 0 12 4 9 1 0 0 1 14.81747265625 12 12.3090000000001 2 2 2
46 0 0 0 1 2 5 1 0 0 1 20.4093007812501 24.2830332031238 22.3872441406244 3 3 3
45 0 1 0 3 3 6 1 0 0 0 18.2338515625 21.6432187499999 23.0187324218747 1 2 2
49 0 0 0 5 6 6 0 1 0 1 10.7102158203125 10.194615234375 11.52216015625 2 1 1
44 0 0 0 10 12 9 1 0 0 0 19.4069296875001 19.21478125 20.8928671875001 3 2 3
24 0 0 0 6 5 6 1 0 0 0 14.8938798828125 17.0473085937501 19.8006738281251 3 3 2
72 0 0 0 3 3 2 0 1 0 1 10.82833203125 5.88707031249999 8.68906835937496 3 3 3
48 0 1 0 6 5 5 1 0 0 0 18.350115234375 18.4521953125 17.5815253906251 2 3 3
45 0 1 0 9 8 7 1 0 0 1 12.5 16.2499999999999 6.31499999999999 3 3 3
85 0 0 1 1 2 4 0 0 0 0 8.81221679687498 8.6849638671875 9.02570703125004 3 3 3
89 0 0 0 1 2 2 0 0 0 0 6.56384863281247 4.0441613769531 6.61088574218751 1 3 3
56 1 0 0 4 6 8 1 0 0 0 18.5897226562499 21.1742499999999 21.1845273437501 2 2 3
51 0 0 0 11 6 12 1 0 0 1 24.3597011718754 29.7319765625001 32.1338242187513 3 3 3
23 0 0 0 12 7 6 0 0 1 1 13.2192041015625 15.551962890625 18.2360273437499 3 2 3
19 0 1 0 9 6 11 0 0 1 1 14.3 17.1599999999999 20.9154179687499 2 3 3
18 0 0 0 6 7 6 0 0 1 0 1.027 7.30135302734377 2.89236035156251 3 2 2
68 0 1 0 12 5 7 1 0 0 1 14.375958984375 14.6717734375 16.4383828124999 2 2 3
64 0 0 0 2 1 1 1 0 0 0 2.56682910156249 2.74918115234376 2.78995947265625 3 2 2
38 0 1 0 1 3 1 1 0 0 0 9.46743457031249 11.2081337890625 13.5430429687501 3 3 2
16 0 0 0 5 3 9 0 0 1 1 0.0500000000000002 1.79273901367188 0.250000000000001 3 3 3
79 0 0 0 2 1 2 0 1 0 0 7.84493457031251 7.7842490234375 7.92448535156252 3 3 3
54 0 0 1 5 9 8 1 0 0 0 12.59 18.054458984375 14.484 2 2 2
28 0 0 0 1 10 1 0 0 1 1 7.31459912109376 14.338 8.80999999999995 3 3 3
84 1 0 0 4 9 4 0 0 0 1 29.5056582031239 30.1311093749993 16.50909375 2 2 2
57 1 0 0 4 7 6 1 0 0 0 0.0999999999999999 0.0999999999999999 0.3 2 3 3
57 0 1 0 9 10 12 1 0 0 1 76.6461874999985 52.3335937499998 50.9452734375019 3 3 3
23 1 0 0 7 3 6 0 0 1 0 18.7799999999999 20.548 17.046703125 3 3 3
61 0 1 0 6 6 7 1 0 0 1 14.3 85.3000000000025 85.8000000000039 3 3 3
58 0 1 0 3 5 4 1 0 0 0 40.0025390624991 34.3521953125007 33.6391992187509 2 3 2
60 1 0 0 3 8 9 1 0 0 1 12.9999999999999 116 42.1000000000011 3 3 3
51 0 1 0 2 2 1 1 0 0 0 0.327999999999999 2.014 4.29999999999998 2 2 2
49 1 0 0 9 1 3 1 0 0 0 11.8 12 12.8999999999999 1 2 1
82 0 0 0 1 1 5 0 0 0 0 8.36372460937502 15.143333984375 17.80461328125 2 2 2
82 0 0 0 3 1 2 0 0 0 0 5.5913486328125 6.61587060546877 5.6210322265625 3 3 3
81 0 0 0 6 3 5 0 0 0 1 8.3339814453125 10.7822568359375 11.4648369140625 3 3 3
58 1 0 0 5 8 8 1 0 0 0 0.0999999999999999 0.0999999999999999 7.49999999999999 3 3 3
58 1 0 0 5 9 9 1 0 0 1 15.6195810546875 27.0000000000009 15.75 3 3 3
31 0 0 0 5 5 6 1 0 0 0 2.23481201171876 1.66361889648436 5.29381640624998 3 3 2
78 0 0 1 2 5 2 1 0 0 1 14.360984375 15.3341582031249 17.85949609375 2 2 2
63 0 0 1 5 5 5 1 0 0 1 10.9418193359375 12.712458984375 7.75181445312505 3 3 3
55 0 0 0 2 3 6 1 0 0 0 13.05 12.837912109375 8.11692773437503 2 2 3
31 0 1 0 10 6 7 0 0 1 0 18.8 21.5799999999999 25.0549999999994 3 3 3
45 0 1 0 8 7 3 1 0 0 0 10.229111328125 10.859595703125 11.366744140625 3 3 3
39 0 0 0 9 8 7 1 0 0 1 15.1219999999999 14.8464677734375 16.498568359375 3 3 3
50 0 1 0 3 6 3 1 0 0 1 31.6676679687515 34.9646640624999 34.9108554687492 3 3 3
82 0 1 0 1 3 3 1 0 0 0 8.05559082031249 8.59535253906247 8.98732226562501 3 3 3
45 0 0 0 3 2 1 1 0 0 0 11.8485712890624 14.45696484375 15.56711328125 3 3 3
57 1 0 0 6 5 4 0 1 0 1 29.7342929687495 34.3818164062509 32.4059999999985 2 2 2
52 1 0 0 6 2 12 0 0 1 0 35.3942109374989 36.0646171875007 36.4295742187499 2 2 2
61 1 0 0 2 1 1 0 0 0 0 7.8951943359375 18.1640976562499 19.245837890625 2 2 2
54 0 0 0 1 3 1 1 0 0 0 0.931360107421872 2.36200976562501 1.3 2 3 2
17 0 0 0 2 3 2 0 0 1 0 4.1494521484375 1.21240002441407 5.69999999999999 2 2 2
47 0 0 0 6 3 2 1 0 0 1 33.1936484375004 36.8559609375016 25.8818691406252 3 3 3
44 0 0 0 2 1 1 1 0 0 0 1.371701171875 1.92950012207032 3.61459790039062 3 3 3
65 0 1 0 9 4 6 0 0 0 0 14.8696582031249 23.8960039062497 12.6856943359375 2 2 3
70 0 1 0 2 2 2 1 0 0 1 21.7194765625001 22.8551914062511 23.1791503906245 3 3 2
51 1 0 0 12 9 6 1 0 0 1 62.0230937499973 102.055429687496 93.5704374999971 3 2 2
38 0 1 0 4 3 6 1 0 0 0 11.246544921875 14.0986337890624 16.955537109375 3 2 2
26 1 0 0 6 7 5 1 0 0 0 22.6199042968755 21.6507656249999 13.3558779296875 2 3 3
48 1 0 0 6 3 3 0 0 1 0 24.1093535156241 14.8318300781249 6.67728320312497 2 3 3
43 0 0 0 4 9 6 1 0 0 0 13.99330859375 15.9730000000001 8.61043945312497 3 3 3
57 1 0 0 3 3 4 1 0 0 1 21.9 23.7293300781254 24.5086601562504 2 2 3
56 0 1 0 1 2 3 1 0 0 0 8.5988701171875 8.96346874999999 8.48250000000004 2 2 3
17 0 0 0 10 6 12 0 0 1 1 1.607 0.205872650146484 2.88106884765626 3 3 3
22 0 0 0 6 12 12 0 0 1 0 9.46511914062502 9.90762109375002 9.00692871093748 3 3 2
24 1 0 0 11 9 7 0 0 1 0 13.01729296875 13.99076171875 14.645265625 3 3 2
52 0 0 1 8 6 7 0 0 1 1 9.67869531250004 10.6601953125 10.6601953125 2 3 2
54 0 0 0 5 3 6 1 0 0 1 1.44235998535156 0.0612000007629394 85.8000000000039 2 2 2
24 1 0 0 12 12 12 0 0 1 1 9.29506738281246 15.86449609375 16.01912890625 2 2 2
53 0 0 0 7 5 8 0 1 0 0 20.7159355468749 23.4360273437491 26.3422636718744 2 3 2
16 0 0 0 4 4 7 0 0 1 0 3.19364770507813 2.29453710937499 12.1479560546875 2 3 2
45 0 0 0 7 2 7 0 1 0 1 14.7819638671875 15.82325390625 14.4697705078125 1 1 1
76 0 0 0 3 2 2 0 0 0 0 6.548744140625 7.09685742187503 6.95294726562497 3 3 2
42 1 0 0 8 6 6 0 0 1 0 39.0494257812496 47.1341171874991 51.3583359375021 3 3 2
23 0 0 0 4 1 2 1 0 0 0 16.533220703125 12.900275390625 24.4255820312492 2 2 2
17 0 0 0 3 3 12 0 0 1 1 1.55880017089843 1.55880017089843 4.99542285156249 3 3 3
32 1 0 0 6 9 11 0 0 1 1 12.8802197265624 14.6007734375 15.6120087890625 2 2 2
51 0 1 0 3 4 4 0 0 1 0 4.97247705078127 2.60029980468751 6.97995703124996 2 3 2
87 0 0 1 2 8 5 0 0 0 1 4.6942822265625 6.219109375 6.89110937500001 3 3 3
42 0 0 0 6 4 10 0 0 1 0 7.98959570312497 8.80167480468753 13.34299609375 2 3 3
17 0 1 0 7 5 12 0 0 1 0 3.89294335937499 3.72577368164061 12.8279111328125 2 2 2
55 0 0 1 3 1 2 1 0 0 1 21.4900000000001 22.0100000000001 25.3899999999994 2 2 2
32 1 0 0 3 2 2 1 0 0 0 9.55171582031246 16.81678125 15.4720400390625 3 3 3
23 0 0 1 2 3 7 0 0 1 1 15.7321015625001 16.5367207031249 16.5367207031249 2 3 2
31 0 0 1 4 5 6 1 0 0 0 4.74875683593751 1.3434033203125 2.0110770263672 2 2 3
30 0 0 0 3 8 8 1 0 0 1 18.76329296875 17.7631933593751 24.2695664062503 2 2 2
56 0 1 0 4 1 2 1 0 0 0 4.84165576171874 12.39566796875 8.41323535156252 2 2 2
36 0 0 0 3 2 3 0 1 0 0 11.579669921875 10.830744140625 6.30911132812498 2 2 3
46 0 0 1 5 10 5 1 0 0 0 9.04800000000003 7.48332324218749 10.421671875 3 2 2
22 0 0 0 9 7 12 0 0 1 0 10.9356591796875 11.2286376953125 12.6092138671876 3 2 2
21 0 1 0 9 9 12 0 0 1 0 7.27086621093752 11.7162656249999 11.7332900390625 3 2 2
29 0 0 0 7 12 12 1 0 0 1 45.2689999999997 55.8114921875022 59.3734921874971 3 3 2
37 0 0 0 5 6 10 0 0 1 0 5.95565039062503 9.89007812499995 14.3154355468751 2 3 3
50 0 0 0 5 4 4 1 0 0 1 14.9098154296876 14.915427734375 15.210681640625 3 2 2
69 0 0 1 9 7 10 1 0 0 1 9.34427343749999 9.39131249999999 10.3248701171875 2 2 2
31 0 1 0 7 2 4 1 0 0 0 6.65200634765628 8.07467578125005 9.96478125000001 2 2 2
35 0 1 0 6 5 2 1 0 0 1 14.04 15.73 18.99808984375 2 2 2
59 0 0 1 11 5 12 1 0 0 1 13.1779999999999 13.104 13.104 2 2 2
56 0 0 1 11 11 6 1 0 0 0 10.162 9.92715625 11.0150390624999 3 3 2
70 0 0 0 3 5 4 0 0 0 0 9.69420312500003 7.41623583984372 9.26115917968752 3 2 2
46 0 0 1 6 3 4 1 0 0 0 9.03055761718749 9.67117871093753 10.8255146484375 2 2 2
74 0 0 1 2 2 4 0 0 0 0 5.64368798828128 8.72440820312499 10.3712822265625 2 3 2
40 0 0 0 5 3 3 0 0 0 0 21.4568613281251 16.2126640625 17.8035800781251 2 2 2
38 0 0 0 3 12 11 1 0 0 1 26.3299218749997 27.611759765626 31.1286054687507 3 3 3
36 0 0 0 3 2 2 1 0 0 0 14.4110859375 17.395380859375 18.252095703125 3 3 3
50 0 1 0 3 6 3 0 0 0 0 27.2210781249995 29.3973632812509 34.4900039062484 3 3 2
19 0 0 0 3 8 8 0 0 1 1 9.93642773437505 6.76172558593752 12.40283984375 3 2 2
68 0 0 1 3 3 9 1 0 0 1 10.6189453125 10.883271484375 14.09240234375 2 3 3
72 0 0 1 3 3 2 0 0 0 0 3.34435864257814 6.72028955078122 7.40876660156251 2 2 2
39 0 0 0 4 12 2 1 0 0 0 10.523140625 7.98537353515621 11.303458984375 3 3 2
38 0 0 1 5 3 6 1 0 0 1 15.99 16.38 18.3646503906249 3 3 3
38 1 0 0 10 12 12 0 0 1 1 28.9122402343764 29.7994804687512 18.4133964843749 3 2 2
32 1 0 0 3 3 3 1 0 0 0 15.3277841796876 16.1460029296876 16.1835644531249 3 3 2
43 0 1 0 10 9 7 1 0 0 0 16.6326386718751 17.7770078125 18.857763671875 2 2 2
44 1 0 0 8 5 6 1 0 0 0 28.8685156250011 31.768332031249 30.2970507812513 3 2 3
40 0 0 0 6 5 9 1 0 0 1 16.930560546875 12.5 11.7144501953125 2 2 2
33 0 0 0 4 2 5 1 0 0 0 1.49562609863281 1.47496667480468 5.85536279296877 3 2 2
77 0 0 1 2 2 3 0 0 0 0 9.02295019531248 8.77808203125002 9.00606347656249 3 2 3
77 0 0 1 3 2 3 0 0 0 0 9.5609375 7.57692675781249 11.299310546875 3 3 3
66 0 1 0 6 9 11 1 0 0 1 17.42290625 15.7513125 20.72035546875 2 3 3
63 0 1 0 2 1 2 1 0 0 0 8.94081933593754 9.21399999999998 9.85763574218752 3 3 3
50 0 1 0 4 6 4 1 0 0 1 17.9000000000001 20.5 16.1198359375001 2 2 3
46 0 0 0 8 7 8 1 0 0 0 6.70015966796872 8.60565039062501 12.671939453125 3 3 3
45 0 1 0 1 1 1 0 1 0 0 14.971333984375 12.6674560546875 11.845474609375 3 3 3
75 0 0 1 2 1 2 1 0 0 0 2.37014624023437 2.51721166992187 2.56840332031249 3 2 3
71 0 1 0 5 4 6 1 0 0 1 11.907060546875 11.9232744140625 13.1562705078126 2 2 2
63 1 0 0 3 2 2 1 0 0 1 24.0108007812503 32.490099609374 28.4551445312503 3 2 3
61 1 0 0 4 2 2 1 0 0 0 20.9869882812501 18.033740234375 12.611078125 3 3 3
72 1 0 0 7 4 3 1 0 0 1 22.5769765624995 24.3991718750011 24.1671308593744 3 3 3
75 0 0 1 2 3 1 1 0 0 0 2.95132202148435 2.9084033203125 2.88519165039061 3 3 3
29 0 1 0 3 7 4 1 0 0 0 15.1107890624999 17.642978515625 23.0557050781249 3 3 3
38 0 1 0 2 3 6 1 0 0 0 3.97859350585939 4.13344238281248 15.8795341796876 3 2 2
35 1 0 0 4 5 5 1 0 0 0 8.2866328125 19.6363339843749 20.2682246093749 2 3 3
32 0 0 0 5 6 4 1 0 0 0 3.71917822265626 1.60360937500001 3.25130468749999 2 3 2
39 1 0 0 10 9 4 1 0 0 1 33.5815937500013 37.1391679687487 37.77171875 3 2 2
68 0 1 0 5 5 6 1 0 0 1 7.23970703125001 7.40702001953127 7.54380664062501 3 3 3
64 0 0 1 1 2 1 1 0 0 0 3.58721899414062 2.74778198242186 3.65383837890624 3 2 3
44 0 1 0 6 6 8 1 0 0 1 28.0756972656257 28.789125000001 29.7460410156263 3 3 3
33 0 1 0 5 5 3 1 0 0 1 21.550630859375 23.6336308593751 10.6673076171875 1 3 2
40 1 0 0 5 4 5 0 0 1 1 16.1105361328125 18.812470703125 15.3951503906249 3 2 2
33 1 0 0 8 3 4 1 0 0 1 27.2852011718752 29.343187500001 30.4179999999996 3 3 3
33 1 0 0 6 3 6 1 0 0 1 34.2404765624989 35.1210820312503 24.06593359375 2 2 2
46 0 1 0 4 3 5 0 0 1 0 14.634259765625 8.45844531249999 8.83096777343753 3 3 3
69 0 1 0 2 2 4 0 0 1 0 9.41227343750003 10.60250390625 10.156080078125 3 2 2
44 0 1 0 4 9 4 1 0 0 1 21.0777500000001 25.7400605468751 23.5840351562501 2 2 2
56 0 1 0 6 5 5 1 0 0 1 17.05 10.05 12.3 3 3 3
53 0 1 0 1 3 2 1 0 0 0 26.5394511718749 19.975265625 13.780578125 2 2 3
18 0 0 0 6 6 2 0 0 1 1 0.0479999999999999 0.200000000000001 0.399999999999999 2 3 3
50 0 0 0 6 2 5 0 0 1 1 12.1 12.59 13.21 3 3 3
46 0 1 0 12 12 12 1 0 0 1 24.6755312500008 38.5999999999991 38.0157031249995 2 2 2
39 0 0 0 6 4 7 1 0 0 1 34.3799999999986 34.3891992187495 27.4560000000003 3 3 2
37 0 1 0 6 4 4 1 0 0 0 14.8865244140624 15.9057724609375 15.0631191406251 3 3 2
59 0 0 0 4 6 7 1 0 0 1 17.406369140625 25.2999999999997 24.6640000000004 3 3 3
35 0 1 0 11 10 10 0 1 0 1 33.5797617187493 30.2870937500001 16.704404296875 2 2 3
33 0 1 0 6 11 7 1 0 0 0 26.6964824218748 27.3506503906257 30.1765136718742 3 3 3
49 0 1 0 7 10 8 1 0 0 1 36.7999999999992 38.500000000001 43.2499999999989 3 2 2
49 0 0 0 2 3 3 1 0 0 0 16.8727480468751 18.1757500000001 19.8090078125 3 3 2
47 1 0 0 2 2 2 0 1 0 0 3.86710034179687 5.10000000000001 4.97219189453126 2 2 3
35 0 0 0 8 7 5 1 0 0 0 11.576443359375 15.20775390625 7.22552099609372 2 2 2
68 0 0 1 4 5 4 1 0 0 1 13.4310175781249 13.197322265625 9.74307617187495 3 3 2
63 0 0 0 3 2 1 1 0 0 0 2.68715087890625 2.53161596679689 2.70601953125 3 3 3
36 0 1 0 11 12 12 0 1 0 1 30.9967714843742 33.1894296875015 32.8968476562509 3 2 2
34 0 1 0 3 3 3 0 1 0 0 10.604396484375 13.350638671875 8.12723632812501 2 2 2
43 0 0 0 3 5 8 0 1 0 0 11.157787109375 14.298765625 18.9172343749999 2 3 3
21 0 1 0 3 6 4 1 0 0 1 17.5133945312499 17.96753515625 21.9889140625 2 2 2
67 0 0 0 8 1 2 1 0 0 1 14.672111328125 13.929705078125 17.358583984375 3 2 2
63 0 0 1 2 1 1 1 0 0 0 2.20747290039061 2.30125195312501 2.20125195312501 3 3 3
19 0 0 0 10 4 3 0 0 1 1 13.26368359375 14.5973759765626 26.2552089843762 3 2 3
80 0 1 0 2 1 1 1 0 0 1 12.553146484375 20.020796875 17.3407968750001 3 3 2
69 1 0 0 1 1 1 1 0 0 0 6.03487939453126 5.73321435546873 7.06441406250001 3 3 3
46 0 0 0 5 12 9 1 0 0 1 1.6312548828125 2.282 3.05000000000001 3 3 2
34 1 0 0 4 1 2 1 0 0 0 2.5814755859375 22.9347792968741 9.63953125 3 3 3
44 0 1 0 1 1 1 1 0 0 1 10.6541572265625 15.9500244140626 22.3305371093756 2 2 2
50 0 1 0 2 3 2 1 0 0 1 29.7500000000007 30.2780312499997 30.4999999999999 2 2 2
24 0 1 0 12 12 4 0 0 1 1 19.3873261718751 23.4684453124995 25.2794453125001 3 2 3
44 1 0 0 4 4 9 1 0 0 1 45.5920429687507 46.5527460937513 48.8593554687518 3 3 3
40 1 0 0 5 7 6 1 0 0 0 35.8475624999989 37.0461445312511 38.3559570312482 2 2 2
59 0 1 0 8 8 9 1 0 0 1 38.1142929687502 17.2105156250001 40.4206171875014 3 3 2
28 0 0 0 9 12 12 1 0 0 1 53.332011718751 84.8727031249959 57.4155546875022 3 2 3
37 1 0 0 1 2 2 1 0 0 0 32.6786035156257 33.0968906250008 34.4702109375005 2 2 2
36 1 0 0 1 2 2 1 0 0 1 33.7927070312511 35.755078125 41.5819882812487 2 3 2
56 0 1 0 5 3 1 1 0 0 1 14.9755205078126 15.155658203125 16.1163974609375 3 3 3
34 0 0 0 4 7 7 0 1 0 0 12.4208984375 17.3604101562501 37.4406953125015 3 3 3
56 0 0 1 4 7 6 1 0 0 1 14.7460664062501 15.1203476562499 14.56 2 2 2
31 0 0 0 1 6 3 1 0 0 1 25.0807773437495 25.1719999999994 24.1193144531255 2 3 3
70 0 0 0 6 5 9 1 0 0 0 6.28582568359375 4.0316159667969 14.13452734375 3 3 3
32 0 0 0 5 6 2 1 0 0 1 11.105 11 10.56 3 2 2
30 1 0 0 5 6 5 1 0 0 1 26.8599999999992 28.5999999999987 31.6507890624991 3 2 3
65 0 0 1 2 6 2 1 0 0 1 11.3031689453125 9.7725498046875 9.84126855468754 3 3 3
66 0 0 0 4 11 1 1 0 0 0 14.2770449218749 13.594869140625 10.7059619140625 2 2 2
56 0 0 0 12 7 5 1 0 0 1 27.0686054687513 16.7181738281251 14.368 3 3 3
52 0 0 1 8 8 5 0 1 0 0 4.32136523437499 4.46222607421874 4.84197900390625 3 2 3
51 0 0 1 5 7 5 1 0 0 1 15.8516494140624 21.33816015625 10.7549599609375 2 1 1
21 0 0 0 9 8 12 0 0 1 1 2.42480004882814 3.07219970703126 0.820517211914063 3 3 3
58 0 0 0 2 2 6 0 1 0 0 6.364896484375 7.62562597656248 10.2675966796875 2 2 2
33 0 0 0 9 2 1 1 0 0 0 6.95131640625001 10.60609375 20.5867480468751 3 2 2
36 0 1 0 8 12 11 1 0 0 1 21.97787109375 22.2695585937508 16.0232949218749 3 3 3
42 0 0 0 3 4 2 1 0 0 0 8.18000976562502 7.27886523437502 7.79342578124997 3 3 3
38 0 0 0 12 12 8 1 0 0 1 44.4703398437493 55.1189179687494 51.8485781250014 3 3 3
25 0 0 0 3 2 2 1 0 0 0 12.747 13.052 13.06 2 2 3
38 1 0 0 10 5 5 1 0 0 1 47.1280742187493 34.4237382812495 43.530718749999 3 2 3
45 0 0 0 10 5 6 0 0 0 0 10.4235361328124 15.5984374999999 13.9870869140624 2 2 2
20 0 0 0 6 9 11 1 0 0 0 9.87759765625003 12.6313955078125 13.3362587890625 2 2 2
17 0 0 0 12 12 12 0 0 1 1 4.02934033203126 12.547671875 9.09699804687502 3 3 2
33 0 1 0 3 7 3 1 0 0 1 26.6043613281246 24.720501953125 27.8269765624997 2 2 2
78 0 0 0 1 5 3 0 0 0 0 10.5488818359375 11.1038164062499 10.845291015625 3 3 3
51 0 0 1 5 8 1 1 0 0 1 10.4780000000001 10.01 10.53 2 3 1
65 0 0 1 3 10 10 1 0 0 1 5.70160937499999 6.45018115234373 6.94352490234377 2 2 2
45 0 0 1 4 3 2 1 0 0 0 7.14246484375001 6.41443750000002 5.58262890624999 3 2 2
26 0 0 0 3 4 2 1 0 0 0 6.03483154296873 12.4051416015625 12.51060546875 3 2 2
25 0 1 0 8 4 11 1 0 0 1 17.533 21.3417714843749 25.6548945312504 3 3 3
24 0 0 1 2 4 6 1 0 0 0 8.48208691406248 10.1007744140625 9.977765625 3 3 2
21 0 0 1 9 4 6 1 0 0 0 12.189587890625 13.1843330078126 14.304681640625 2 3 2
46 0 1 0 2 1 3 1 0 0 1 21.17428515625 22.0909921874997 25.708449218751 3 3 2
42 0 1 0 1 1 2 1 0 0 0 9.60093164062503 12.267578125 16.2863779296875 2 2 2
19 0 0 0 6 3 6 0 0 1 1 8.78471386718752 7.83744970703127 0.01 3 3 2
53 1 0 0 9 6 4 1 0 0 0 8.53900097656249 14.2626611328125 17.3001328125 2 2 2
51 0 1 0 5 2 4 1 0 0 1 28.3717109374992 29.8849179687506 28.543210937501 3 3 2
25 0 0 0 12 8 5 0 0 1 1 6.37000000000001 2.35479614257814 11.802939453125 1 2 2
18 0 1 0 2 3 3 0 0 1 1 1.0626923828125 0.06 1.4649884033203 2 3 2
38 0 1 0 5 8 9 0 0 1 0 22.679537109376 24.3141835937489 29.1704394531241 2 3 2
42 0 0 1 5 3 3 1 0 0 0 7.72945898437498 11.6399404296875 12.3370400390625 3 2 3
41 0 0 0 6 9 3 1 0 0 1 22.8792382812491 23.8560273437505 24.6399570312493 3 3 3
77 0 0 0 3 3 2 0 0 0 0 10.3910078125 10.676771484375 10.9958789062499 3 2 3
57 0 1 0 1 2 2 0 0 1 1 11.8526357421875 12.04503515625 12.377251953125 2 2 2
53 0 1 0 1 3 1 1 0 0 0 11.570603515625 3.47447729492186 2.26394726562499 2 2 2
29 0 1 0 5 8 8 1 0 0 1 16.9431328125 13.1775966796875 14.85075390625 3 2 2
57 0 0 1 2 2 1 1 0 0 0 4.38281738281249 2.76351049804689 2.66000000000001 2 2 2
53 0 0 0 9 7 6 1 0 0 1 16.804 15.204 29.7780000000001 2 2 2
27 0 1 0 3 1 2 1 0 0 1 20.452095703125 17.2777734375 27.7232675781247 2 2 3
25 1 0 0 9 3 3 0 0 1 0 11.556140625 17.402662109375 16.1639999999999 2 2 3
44 0 0 0 5 4 6 1 0 0 1 0.353012481689453 0.00120000004768372 9.99999999999997 3 3 3
43 0 1 0 6 4 5 1 0 0 0 29.9853242187509 23.0567324218739 23.6993691406247 2 2 2
65 0 1 0 5 3 4 1 0 0 1 9.93117578124997 8.39848925781249 8.90686230468752 3 2 2
65 0 0 1 4 5 3 1 0 0 1 3.63567993164061 7.66814648437501 12.3241630859375 2 3 3
69 0 0 1 6 3 4 1 0 0 1 17.3743007812499 15.858423828125 16.0727666015625 2 2 2
67 1 0 0 6 6 4 1 0 0 0 2.20747290039061 2.40601953124999 2.50840332031249 2 2 2
74 0 1 0 1 4 1 1 0 0 1 13.5752294921875 13.9371152343751 10.760255859375 2 3 2
29 0 0 0 2 6 1 0 0 1 1 3.18240551757815 5.87561279296873 3.42004736328124 2 2 2
46 1 0 0 3 3 1 1 0 0 1 81.2709999999987 54.858000000001 39.6422929687489 2 2 2
69 0 0 0 8 5 6 1 0 0 0 4.09918945312501 7.87707763671873 9.37090624999998 2 3 2
30 0 1 0 3 9 12 1 0 0 1 9.46713378906251 24.0000000000004 39.5351171874989 3 2 2
50 0 1 0 6 4 6 1 0 0 1 36.2076210937491 38.2612031249996 38.9377421875017 2 2 2
49 0 1 0 8 6 5 1 0 0 0 37.6235664062499 42.8528867187484 44.5422656250004 2 2 2
53 0 1 0 3 3 4 1 0 0 0 4.37332568359374 4.88752880859374 4.69558886718752 3 3 3
53 0 1 0 6 6 8 1 0 0 1 12.007 19.1246933593751 28.194240234376 2 3 3
29 0 0 0 3 3 3 0 0 1 1 24.4399999999992 26.9487499999995 24.1300742187488 3 2 2
26 0 1 0 9 5 3 1 0 0 0 19.3115 21.1421249999999 11.4232187499999 3 3 3
47 0 1 0 8 3 6 1 0 0 1 45.0286367187484 44.3438164062497 47.1697539062515 2 3 2
45 0 1 0 5 6 5 1 0 0 0 11.1592304687501 12.8423105468751 13.359044921875 2 2 3
16 0 0 0 1 4 7 0 0 1 0 0.06 2.37718261718751 4.264 2 2 2
56 0 0 0 12 6 12 0 1 0 1 91.5784843749996 100.222164062498 74.1231484374995 1 2 2
65 0 1 0 3 3 2 0 1 0 0 19.4499999999999 17.1125859375 18.3125859375001 3 2 2
70 1 0 0 7 2 9 1 0 0 1 22.0668281249995 32.8393906249993 42.0518632812509 3 3 3
59 0 0 0 2 2 3 1 0 0 0 5.05000000000003 0.303510009765626 2.9359599609375 2 2 2
34 0 1 0 12 9 1 1 0 0 1 24.1274765625002 31.8649707031255 6.30314501953128 2 3 2
58 0 1 0 10 9 9 0 0 1 1 11.144 10.784 8.49428613281248 2 2 2
56 0 0 0 2 1 1 1 0 0 1 16.38 17.9777949218751 19.7078515625001 3 3 2
56 0 1 0 4 5 5 1 0 0 0 21.7155390625 21.6799082031251 20.349076171875 3 2 2
45 1 0 0 4 1 9 1 0 0 0 54.9999999999996 54.9999999999996 47.9999999999987 2 2 2
48 1 0 0 3 4 6 1 0 0 1 4.65357958984373 11.20184765625 17.506927734375 2 2 2
63 0 1 0 4 4 4 1 0 0 0 14.424916015625 16.2849492187501 11.29296875 3 2 2
62 1 0 0 8 4 6 1 0 0 1 12.985 13.14 14.04 2 2 2
47 0 0 1 5 4 7 0 1 0 1 8.25000000000002 10.45 14 2 2 2
51 1 0 0 3 5 2 1 0 0 1 30.3341308593764 33.1516796874984 35.9515156250009 2 2 2
47 0 1 0 4 12 9 1 0 0 0 0.794817321777343 1.68600146484375 3.34911987304689 2 3 3
33 1 0 0 1 2 5 1 0 0 0 7.68500097656248 11.4983007812501 13.664234375 3 3 3
34 0 0 0 9 9 9 1 0 0 0 28.490671875001 30.1061972656246 4.10934326171873 3 3 1
31 0 0 0 3 6 10 1 0 0 1 16.69317578125 17.4199999999999 17.4199999999999 2 2 2
34 0 0 1 3 2 3 0 0 1 0 7.03014355468749 6.24541210937501 6.29660400390624 3 3 3
37 1 0 0 5 1 6 1 0 0 0 39.6056484374982 36.6816015625008 36.2518203124998 3 3 2
64 0 0 0 7 7 4 1 0 0 0 18.49892578125 10.83399609375 9.91259863281247 3 3 3
49 0 1 0 5 9 8 1 0 0 1 33.5000000000014 36.5000000000006 39.4999999999995 2 2 2
44 1 0 0 5 5 8 1 0 0 0 22.1800156250002 14.8227392578126 22.1426914062494 3 3 2
42 0 0 0 8 3 2 1 0 0 1 17.056 14.8210810546875 13.8106240234375 2 2 3
37 0 1 0 5 5 9 1 0 0 0 8.67202050781251 7.51060009765626 7.19404833984377 2 3 2
37 0 0 0 12 8 4 1 0 0 0 6.23569531250001 8.05968359374998 10.39359765625 2 3 2
53 1 0 0 4 4 5 0 1 0 1 24.910322265626 25.0908945312505 9.35501074218745 2 2 2
51 0 1 0 8 8 6 0 1 0 0 20.283603515625 20.14180078125 20.1375 2 3 2
30 0 1 0 8 6 5 0 0 1 1 15.8101621093751 15.5639726562499 16.619197265625 2 2 2
27 0 0 0 9 8 5 0 0 1 0 9.45119531249999 10.5080830078124 11.9543876953125 2 2 2
80 0 0 1 1 2 1 0 0 0 0 10.403533203125 12.7532958984375 13.8105673828125 2 2 2
37 0 1 0 5 8 9 0 0 1 1 7 6.50000000000001 27.0000000000009 2 2 2
32 0 1 0 9 1 3 1 0 0 0 12.440021484375 8.91335058593747 13.2902578125 2 2 3
56 0 0 0 12 10 11 1 0 0 1 28.9064667968747 24.611546875 32.0925800781249 3 3 3
70 0 0 0 9 8 4 0 0 0 1 13.3491513671875 13.054314453125 14.400365234375 3 3 2
40 0 1 0 4 9 4 1 0 0 1 14.8211347656249 18.07390234375 18.39815234375 2 2 2
47 0 0 0 4 4 5 1 0 0 0 10.8496171875 16.3425136718749 18.086248046875 2 3 3
44 0 1 0 12 5 5 1 0 0 0 39.9872617187494 41.6038671874997 44.5202382812503 2 2 3
78 0 0 0 1 3 1 0 0 0 0 6.65102978515625 7.48938183593748 1.46394982910155 2 2 3
57 0 0 0 3 5 3 0 1 0 0 10.2041572265625 15.612009765625 16.59340625 2 2 2
22 0 0 0 10 7 4 0 0 1 1 12.7399999999999 15.08 13.084662109375 3 2 2
63 0 0 1 6 7 7 0 1 0 0 13.552916015625 11.2441611328125 11.397736328125 2 2 2
27 1 0 0 6 7 3 0 0 1 1 42.4999999999996 47.4999999999984 29.6362402343743 2 2 3
34 1 0 0 9 8 10 1 0 0 1 36.0274218750016 40.8561171874991 34.5462109374998 3 2 2
34 1 0 0 9 4 3 1 0 0 0 24.1384609375 20.5384609375 22.3164628906254 2 3 3
33 0 1 0 12 12 9 1 0 0 1 46.5644609374999 54.9702109375 54.5807890625018 2 2 3
35 1 0 0 3 2 6 1 0 0 0 2.21324096679688 8.94930371093749 10.818314453125 2 2 3
42 1 0 0 4 5 3 1 0 0 1 61.1000000000008 65.3325078125028 69.6835546874968 2 2 2
42 1 0 0 2 7 5 1 0 0 0 17.51520703125 19.394556640625 22.468830078126 2 2 2
56 0 1 0 3 5 4 0 0 0 0 39.5529023437489 43.5286796874979 45.8682929687502 2 3 3
38 1 0 0 3 5 12 1 0 0 1 22.7999999999993 21.26 25.139999999999 3 3 3
38 1 0 0 5 2 1 1 0 0 0 26.0930371093756 24.1038847656261 25.4137226562497 3 3 3
76 0 0 0 2 2 1 1 0 0 1 7.1956669921875 8.36746679687498 8.77522656250001 3 2 2
70 0 0 0 2 2 3 1 0 0 0 2.90613647460938 2.56601953124999 2.49921166992187 3 3 3
50 1 0 0 3 3 4 0 0 0 0 27.0318652343753 28.5355214843753 29.7952949218748 2 2 2
26 0 0 0 12 12 12 0 0 1 1 13.923658203125 15.4517968750001 22.8790878906256 2 3 3
52 0 0 0 1 4 1 1 0 0 0 1.48294677734376 2.60237475585938 3.19944921874999 2 3 2
25 1 0 0 3 5 5 0 0 1 1 12.6097001953124 13.210162109375 21.4905117187499 2 2 2
63 0 0 1 2 3 2 1 0 0 0 15.758638671875 10.58019140625 9.8967666015625 3 3 3
69 0 0 0 3 8 3 1 0 0 1 7.5862822265625 7.99127197265624 8.20803906250002 3 3 3
38 0 1 0 3 4 5 0 0 1 0 20.801962890625 20.1033515625 23.7061249999993 3 3 3
44 1 0 0 3 3 11 1 0 0 0 22.6461992187509 22.9778007812495 30.0819062500004 3 2 3
47 0 1 0 2 5 3 1 0 0 1 14.8106240234374 20.5001621093749 22.0106250000001 2 2 2
31 0 0 0 6 8 9 1 0 0 1 71.0610859375024 72.0277187500015 76.054507812501 3 2 3
35 1 0 0 3 2 4 1 0 0 1 34.0124140625002 34.0615507812489 37.5473242187513 2 3 3
72 0 0 0 3 6 9 0 0 0 1 15.529056640625 8.82445605468748 19.4709257812499 3 3 3
35 0 0 0 10 3 6 1 0 0 1 16.9515000000001 19.343126953125 20.458015625 2 2 2
33 0 0 0 5 1 3 1 0 0 0 7.10550537109378 14.4557910156251 4.03889990234377 2 2 2
36 1 0 0 4 4 2 0 1 0 0 34.3526562500005 37.3910625000012 39.3703203125016 3 3 3
54 0 0 0 12 3 12 0 0 1 1 18.721263671875 15.51096484375 17.8927695312499 2 2 2
58 0 0 0 6 8 6 1 0 0 1 17.6417578125 12.96944140625 18.900521484375 2 2 2
58 0 1 0 3 4 4 1 0 0 0 5.40248632812503 5.47066796875001 9.54945703125004 2 3 2
33 0 0 0 10 4 10 1 0 0 0 9.37333300781245 9.60406640624997 16.4494667968751 2 2 2
27 0 0 0 2 6 3 1 0 0 0 12.21298828125 12.48012890625 8.37680664062503 3 2 2
65 0 0 1 1 1 1 0 0 1 1 8.55629980468753 9.38110937500002 9.38110937500002 3 3 3
25 0 0 1 1 1 2 1 0 0 0 5.22304736328123 1.19538012695312 7.22362011718748 3 2 2
40 0 0 0 3 1 1 1 0 0 1 24.5325039062502 29.349496093749 29.3082871093751 2 2 2
40 0 0 0 3 2 2 1 0 0 0 5.64348779296874 3.83781054687499 2.04527001953125 3 2 3
18 0 0 0 3 4 9 0 0 1 1 5.66505126953124 7.06467822265621 9.2236865234375 2 3 2
74 0 0 0 1 1 2 0 0 0 0 7.68443359374999 9.44229101562497 10.42757421875 3 3 3
45 0 0 0 11 5 5 1 0 0 0 11.656798828125 12.740720703125 12.9646201171875 3 2 2
58 0 1 0 4 3 3 1 0 0 0 6.37000000000001 6.73400000000001 9.92218554687504 3 3 3
20 0 0 0 3 4 3 0 0 1 0 11.6546191406249 12.00923828125 12.7046191406249 2 2 2
68 0 0 0 9 8 7 0 0 0 1 9.96284765625003 10.45325 9.13971484374997 3 3 3
39 0 0 0 10 2 6 1 0 0 0 13.49 11.3566728515625 13.631517578125 2 3 3
45 0 1 0 12 10 12 1 0 0 1 26.983384765624 30.2371425781235 31.4940000000014 2 2 2
42 0 1 0 2 3 3 0 1 0 0 17.9822109375001 13.0441484374999 10.9313769531249 2 2 3
19 0 1 0 6 5 6 0 0 1 1 8.38361914062501 8.85461914062501 12.6697001953125 3 3 2
45 0 1 0 2 3 2 1 0 0 1 16.926 15.366 15.9639999999999 3 2 3
40 0 0 0 2 4 4 1 0 0 1 16.677978515625 12.8449999999999 15.2230283203124 3 3 3
48 0 0 0 1 1 4 1 0 0 0 6.32258837890627 5.64132421875002 5.9565498046875 2 3 3
47 0 0 0 3 8 11 1 0 0 1 23.1281132812496 23.2260019531255 24.3543183593746 2 2 2
43 1 0 0 3 4 2 1 0 0 0 30.0880937500012 32.6028867187494 34.3301328125 2 3 2
56 0 1 0 6 1 2 0 0 1 1 11.517583984375 13.2574228515625 10.695505859375 2 3 3
78 0 0 1 2 1 1 0 0 0 0 9.70705566406247 8.85861523437499 11.91419140625 2 2 3
30 0 0 0 9 7 9 1 0 0 1 17.2135566406249 22.8175527343739 22.2170898437495 3 3 3
25 0 0 0 3 4 7 1 0 0 0 8.96999999999998 9.87999999999997 10.7423095703125 2 2 2
43 1 0 0 8 3 10 1 0 0 0 23.478015625 25.4194003906241 20.5157050781251 3 3 3
43 1 0 0 4 6 3 1 0 0 1 28.4003164062507 31.4409921875004 29.7226328125 2 2 2
36 0 1 0 6 12 5 0 0 1 0 7.40400000000002 19.21371875 24.7980156249994 3 3 3
58 0 0 1 1 1 1 1 0 0 1 0.316089996337892 0.842697570800778 4.43899853515623 3 3 3
63 0 0 0 1 1 1 0 1 0 0 8.08983984375001 7.95779150390621 9.05324902343751 2 3 2
36 0 1 0 3 4 3 1 0 0 0 15.2921611328125 16.84078125 16.1273349609375 2 2 2
81 0 0 0 2 1 5 0 0 0 0 7.4796474609375 8.11919140624998 8.27276660156247 3 3 3
36 0 0 0 1 3 2 1 0 0 0 9.74719531249996 10.8442548828125 11.315123046875 3 2 3
65 0 1 0 8 4 4 1 0 0 1 19.7114472656249 24.8304531249991 32.8739414062509 3 3 3
43 1 0 0 5 8 3 1 0 0 1 30.0250820312499 31.9045058593765 37.4510195312499 2 3 2
41 0 0 1 4 4 4 0 1 0 0 6.42545654296873 13.9965117187499 12.1185 2 3 3
22 0 0 0 3 5 4 0 0 1 1 0.72 5.37463964843753 4.17463964843748 2 3 2
19 0 0 0 6 6 3 0 0 1 0 1.44000000000001 3.92499609374998 0.909985656738279 2 2 2
52 0 1 0 9 5 4 1 0 0 0 40.0864843749989 40.7477148437491 43.2419140625001 2 2 2
37 1 0 0 3 5 8 1 0 0 1 42.5171757812479 42.5269648437485 45.000000000002 3 3 3
42 0 0 1 2 2 3 0 0 1 1 11.694623046875 11.339728515625 12.574357421875 2 2 2
39 0 0 1 1 1 2 1 0 0 1 17.55 18.772 20.072 2 2 2
37 0 1 0 7 4 6 1 0 0 1 19.73285546875 17.9033710937499 21.256302734375 3 3 3
42 0 1 0 5 5 3 1 0 0 1 12.9483505859375 15.5183115234374 11.8594814453125 2 2 2
38 0 0 0 2 2 3 0 1 0 0 13.741830078125 13.7712099609375 14.2194238281249 2 2 2
37 0 0 0 2 3 2 0 0 1 1 11.4943554687501 11.822646484375 12.413533203125 2 2 2
41 1 0 0 2 3 4 1 0 0 0 18.7951601562499 24.6045742187508 24.7543027343754 3 3 3
41 1 0 0 3 4 2 1 0 0 1 38.4672070312496 40.4369531250007 57.5247109374996 2 2 2
46 0 1 0 9 6 5 1 0 0 1 26.5578847656252 36.5500781249985 35.6201953124988 2 2 2
44 0 1 0 3 1 2 1 0 0 0 15.7002333984376 16.0597109374999 16.74109375 2 2 3
19 0 1 0 12 10 12 0 0 1 1 11.0895146484375 13.9106240234374 15.2494355468751 2 2 2
28 0 1 0 6 8 4 1 0 0 1 28.8221718750014 33.6858671874994 34.4647812500002 3 3 3
25 0 1 0 3 9 1 1 0 0 0 19.5514609374999 18.7864433593751 19.246232421875 3 2 2
54 0 1 0 9 9 7 1 0 0 1 51.7157031250019 68.6486171875023 77.3533515624973 2 2 2
53 0 1 0 4 5 5 1 0 0 0 25.4115468750005 30.4870664062493 36.4954960937518 3 2 2
25 1 0 0 10 9 11 1 0 0 0 20.5518906249999 29.1212246093763 27.3207851562509 3 3 2
22 1 0 0 12 12 12 0 0 1 1 3.28655688476564 12.600556640625 14.5299423828124 3 3 3
68 0 1 0 2 2 4 1 0 0 0 8.75945117187501 9.94923632812497 12.0997822265625 3 3 2
68 0 1 0 2 3 1 1 0 0 1 5.61365820312501 5.85515039062498 7.70950878906253 3 3 3
34 0 1 0 9 7 8 1 0 0 1 29.9181406250007 32.6089902343748 35.0739999999986 2 3 2
79 0 0 1 1 3 1 0 0 1 0 8.02626123046874 11.4657958984375 11.4816025390625 2 2 2
61 0 0 1 2 3 3 1 0 0 0 3.38821459960938 3.48104956054685 3.88343408203126 2 2 2
59 0 1 0 1 4 3 1 0 0 1 30.9400000000013 29.4388984375004 24.2789003906245 2 2 3
71 0 1 0 3 4 4 0 0 0 0 11.1917353515625 7.70539941406252 10.984525390625 2 3 2
21 1 0 0 5 6 8 0 0 1 0 2.26271069335938 10.5288457031249 0.395879089355468 3 2 3
55 0 1 0 4 5 6 1 0 0 1 39.0300234375002 29.1645585937503 20.8895078125001 3 2 3
34 0 0 0 12 8 7 1 0 0 1 59.5415703124983 59.0290820312515 65.810554687499 3 3 2
43 0 0 0 3 3 3 1 0 0 0 14.2606816406249 13.5928984375 14.6307412109375 3 3 3
41 0 0 0 3 4 5 1 0 0 1 17.403326171875 21.2258027343749 20.4870429687499 2 2 2
41 0 1 0 5 8 7 1 0 0 1 31.3794062500009 26.0796699218757 33.2357382812512 3 3 3
41 0 1 0 9 6 7 1 0 0 0 28.2817890625011 30.0207382812491 29.3738457031245 2 2 3
44 1 0 0 3 5 2 1 0 0 1 34.5138593750013 36.0138593749988 35.4999999999998 2 3 3
43 0 0 0 5 1 2 1 0 0 0 8.29880371093751 8.67363476562499 10.2352919921875 3 3 3
42 0 1 0 9 3 4 1 0 0 0 25.5502988281255 26.3769882812488 24.2444726562495 3 3 3
75 0 0 0 5 6 5 1 0 0 1 16.8769765625 18.3668066406251 18.823958984375 3 3 2
48 0 1 0 6 6 5 0 1 0 1 46.1533046875002 48.6960898437519 47.5308125000001 3 3 3
56 0 0 0 1 1 1 1 0 0 1 17.6635722656251 14.6586357421874 23.3849882812489 2 2 2
74 0 0 0 1 1 5 1 0 0 0 10.5368779296875 8.81224218749999 5.72515039062502 2 2 2
37 0 1 0 3 1 2 1 0 0 0 8.9086767578125 10.9114482421875 11.72521484375 3 3 3
53 0 1 0 7 11 12 0 1 0 1 21.5799999999999 29.3800000000009 32.4488320312492 3 3 2
23 0 1 0 8 7 9 0 0 1 1 16.2499999999999 17.8518515625 14.6390380859375 2 2 2
21 0 0 0 11 1 9 0 0 1 1 13.5103925781251 41.7321015625008 43.5277148437495 2 2 3
18 0 0 1 10 12 10 0 0 1 1 6.49779980468749 7.27999999999998 9.36000000000002 2 3 3
45 0 0 0 2 1 3 1 0 0 1 11.148640625 7.28243945312497 4.93770703125 2 2 2
51 0 0 0 6 2 4 1 0 0 0 8.20769726562497 12.3214853515625 14.7615263671876 2 2 2
70 0 1 0 6 11 5 1 0 0 1 18.7786464843751 9.06322363281252 13.2982529296875 3 3 2
60 0 0 0 12 8 11 1 0 0 1 21.939455078125 22.9509062500002 13.657095703125 3 3 3
26 0 1 0 10 12 12 0 0 1 1 16.64 17.6799999999999 19.02 3 3 3
43 0 0 0 3 3 5 1 0 0 0 5.36436718750002 6.11879492187501 4.229953125 2 3 3
56 1 0 0 4 7 8 1 0 0 1 31.800000000001 32.0999999999998 34.250000000001 2 2 2
54 1 0 0 4 5 8 1 0 0 0 15.3882001953125 12.0106796875 9.09999999999999 3 3 3
27 1 0 0 3 5 6 1 0 0 0 16.1401845703125 19.065001953125 18.0097011718751 3 3 3
24 0 1 0 10 9 7 0 0 1 1 22.7000000000001 28.0038671875003 30.8202187500008 3 3 2
23 1 0 0 4 6 8 1 0 0 1 6.251685546875 13.5410615234375 15.3277919921876 3 2 3
71 0 0 1 1 2 3 1 0 0 0 2.51549243164061 5.66321972656253 10.1806455078125 3 2 2
32 0 0 0 8 8 12 0 0 1 1 14.212900390625 15.21 19.64908203125 2 2 3
56 0 0 0 6 5 3 1 0 0 1 21.0118515625001 19.5638515625 19.8633906249999 3 2 3
63 0 0 1 2 2 2 1 0 0 0 4.47494580078126 4.29773681640627 4.65846386718747 3 2 2
32 0 1 0 9 2 9 1 0 0 1 22.517089843751 50.9619414062479 72.2721249999969 3 2 3
48 0 1 0 9 12 11 1 0 0 0 6.79199999999997 6.02999999999999 6.23999999999998 2 2 3
74 0 0 1 1 2 5 1 0 0 0 2.961482421875 2.04767614746095 3.20840332031251 3 3 3
56 0 1 0 8 6 6 1 0 0 1 31.4963183593762 32.51213671875 38.3474804687502 2 3 2
53 0 0 0 4 4 6 1 0 0 0 18.674134765625 24.5949199218739 19.9176210937501 2 2 2
26 1 0 0 6 6 3 0 0 1 0 5.25 28.4999999999988 24.4999999999996 3 3 3
25 1 0 0 11 8 9 0 0 1 0 17.55 22.6000000000005 21.9403417968749 3 2 2
65 0 0 1 3 2 1 1 0 0 1 7.67678613281247 9.45098144531244 8.35881835937497 2 2 2
39 1 0 0 9 1 3 1 0 0 1 83.8016718749985 69.2567734374996 72.197804687497 3 3 3
57 0 1 0 8 4 4 1 0 0 1 12.1444189453125 25.9383203125008 34.2992460937493 3 2 2
55 0 1 0 2 2 2 1 0 0 0 6.75450000000003 6.7275 1.85402539062499 3 3 2
28 0 0 0 6 5 3 1 0 0 1 11.18 11.83 10.687861328125 2 2 2
25 0 1 0 7 3 3 0 0 1 0 13.85765625 15.0550810546875 16.172 2 3 2
45 0 0 0 6 2 9 1 0 0 1 14.280548828125 24.7190937499998 16.1718134765625 3 3 3
22 0 0 0 5 7 2 0 0 1 0 5.93721044921877 8.99735937499998 11.624009765625 3 3 2
58 0 0 1 2 1 2 0 1 0 0 12.55 13.638 10.341849609375 3 2 1
58 0 0 0 6 2 2 0 0 1 0 12.6512705078125 12.997544921875 10.6010302734375 2 2 3
48 0 1 0 6 4 4 1 0 0 0 16.6423828125 18.814318359375 20.4673906249999 2 3 3
26 1 0 0 7 8 10 1 0 0 0 25.6827480468761 27.3576542968747 26.2045703125 3 3 3
24 1 0 0 7 8 9 1 0 0 1 11.7459736328125 13.9268828124999 17.357279296875 2 2 2
41 0 0 0 6 3 4 1 0 0 1 15.9974999999999 16.9952734375 19.62580859375 2 2 2
35 1 0 0 3 3 3 1 0 0 0 7.28025683593747 9.82143359375 12.6314609375 2 3 3
39 0 1 0 2 2 5 1 0 0 0 12.057451171875 6.71295361328125 8.79144921875 2 2 2
47 0 1 0 3 3 1 1 0 0 1 11.8333417968749 13.3790751953125 12.5371640625 2 3 2
53 0 0 1 9 3 6 0 1 0 1 29.6899999999998 40.9400000000008 57.2670312500027 3 3 3
45 0 0 0 2 1 5 0 0 1 1 21.8865000000001 23.8419999999989 25.6033105468756 2 2 2
76 0 0 1 2 5 3 0 0 0 1 3.26494775390623 7.228884765625 8.61959374999998 3 3 3
44 0 0 0 3 3 3 1 0 0 0 5.30526171875002 6.85146044921874 7.55956738281247 2 2 2
54 0 0 1 10 9 12 1 0 0 1 19.6300000000001 21.2327187500001 25.9800000000002 3 2 3
23 0 0 0 6 6 3 0 0 1 0 11.151427734375 7.43414160156249 11.0513271484376 2 3 3
38 0 1 0 7 4 6 1 0 0 1 50.4832890624997 55.4905781250025 53.5549492187484 3 3 3
37 0 0 0 9 3 6 1 0 0 0 1.42200695800782 2.79501708984374 6.89536376953127 3 3 3
50 0 0 0 6 7 6 1 0 0 1 36.5000000000006 38.500000000001 48.1000000000023 3 3 3
21 0 0 0 2 3 4 0 0 1 1 19.184412109375 20.1720800781251 28.9660820312488 3 3 2
18 0 0 0 3 6 4 0 0 1 0 0.002 7.91829589843747 9.00200000000002 3 2 2
33 1 0 0 2 3 6 1 0 0 0 18.9316406250001 20.8771367187501 23.7651093749994 3 3 3
50 1 0 0 4 7 6 1 0 0 1 52.3780625000008 57.55406640625 66.5524843749971 2 2 2
42 1 0 0 3 5 6 1 0 0 0 42.4564375000014 44.6584492187486 46.2490820312489 2 2 2
42 0 1 0 5 3 5 1 0 0 1 45.5690546875003 46.2896093750021 50.5842421875023 2 1 2
38 0 1 0 7 9 9 1 0 0 0 74.5323281249974 65.0000000000016 65.0000000000016 3 3 3
62 0 0 1 6 6 4 1 0 0 1 10.45 20.5 3.60097460937501 3 3 2
58 0 0 0 3 3 12 0 0 0 0 11.762259765625 6.17113085937498 8.92764941406253 3 3 3
29 1 0 0 7 6 4 1 0 0 0 13.9969326171875 22.0048496093751 26.1313691406241 3 2 3
47 1 0 0 5 4 12 1 0 0 0 20.3749999999999 35.0499999999987 30.7500000000011 2 3 2
64 0 0 1 6 12 4 1 0 0 1 5.3645224609375 5.85283984374998 10.8692500000001 3 3 3
43 0 1 0 7 7 11 1 0 0 1 42.1559843749984 36.2292500000001 38.4295624999987 2 2 2
41 0 0 0 5 5 5 1 0 0 0 4.47963183593752 4.72849902343748 4.60366503906252 3 3 3
21 0 0 0 2 12 12 0 0 1 1 8.50903222656246 19.5046191406251 26.5780000000013 3 2 2
16 0 0 0 1 4 12 0 0 1 1 3.16359423828125 2.13147485351562 4.63852246093747 3 3 3
52 0 0 0 2 3 3 1 0 0 0 4.38413867187501 5.72267529296877 5.64287402343751 3 3 3
28 0 1 0 6 2 4 1 0 0 0 9.77955664062498 14.5949013671875 15.21912890625 3 3 3
26 0 0 0 2 2 3 1 0 0 1 14.03758984375 15.880796875 17.5000000000001 3 3 3
18 0 0 0 3 7 2 0 0 1 1 3.45254565429689 6.61154882812499 9.10936816406251 2 2 2
68 0 0 1 3 3 5 1 0 0 0 2.46415600585939 2.50840332031249 2.55959570312501 3 3 3
30 0 0 0 3 1 1 0 0 1 1 9.15560253906253 9.88360253906246 11.14915234375 2 2 3
36 0 0 0 1 3 7 0 1 0 0 9.46667578124998 9.18672265625005 13.3957812499999 2 2 3
75 0 0 1 3 3 4 1 0 0 1 4.63662988281252 6.40943603515623 6.54914453124999 2 3 3
71 0 0 1 1 1 1 1 0 0 0 2.7612509765625 3.08196166992188 3.05809472656252 2 3 2
76 0 0 1 2 2 1 1 0 0 0 2.64726245117187 2.81380957031249 3.30040332031249 3 2 3
26 0 1 0 4 8 6 0 0 1 0 5.46773242187501 12.900849609375 14.1716845703124 2 2 3
23 0 0 1 2 3 4 1 0 0 0 5.07122314453127 12.058064453125 17.882443359375 3 3 3
38 0 0 0 8 5 8 1 0 0 0 15.4848818359375 9.77162109375 12.0114970703125 2 2 2
58 0 0 1 3 1 3 0 0 0 0 6.85170996093754 1.503443359375 7.51257128906251 2 2 3
42 0 0 0 8 8 8 1 0 0 0 18.4756816406251 22.228667968749 22.2628476562495 3 3 3
39 0 0 0 4 7 8 1 0 0 0 11.5538193359375 11.3528652343751 14.8906259765626 3 2 3
56 0 1 0 6 3 4 1 0 0 0 2.354 2.43200000000001 2.13200000000001 3 3 3
20 0 0 0 8 3 6 0 0 1 1 12.8428427734375 7.79940234375001 12.3225537109375 2 2 2
70 0 0 1 12 12 5 1 0 0 1 12.4738798828124 12.8317773437499 13.2141201171875 2 3 3
39 1 0 0 9 11 10 0 0 1 0 23.5797265624994 21.8262714843749 28.2759453125004 3 3 3
73 0 0 1 2 8 10 1 0 0 0 8.28540624999997 8.67965234375003 8.99474804687498 3 3 3
59 0 1 0 2 2 2 1 0 0 1 5.92452880859377 10.3712939453125 10.9878544921875 2 2 2
53 1 0 0 1 1 4 1 0 0 0 2.61405004882813 2.8532890625 3.16270410156249 2 2 3
38 0 0 0 9 12 9 0 1 0 1 28.4566191406257 29.2672421874998 29.8909941406264 3 3 2
38 0 0 0 3 4 2 1 0 0 0 17.0981406249999 17.8519531250001 19.125869140625 3 3 3
81 0 0 1 3 8 5 0 0 0 1 8.98765820312504 9.28818261718749 10.124748046875 1 1 2
39 0 0 0 6 4 7 1 0 0 0 20.85090625 21.4289179687501 21.661751953125 3 3 3
52 0 0 1 3 3 1 0 0 0 0 6.73943896484377 7.12995507812501 7.98873632812501 2 2 2
28 0 0 0 5 4 2 1 0 0 1 13.2055429687501 14.8194003906249 14.8194003906249 2 2 2
24 1 0 0 12 11 10 0 0 1 0 8.59950000000003 11.479 10.2041064453125 2 3 3
53 0 0 0 7 8 8 1 0 0 0 1.4648682861328 4.62332568359374 4.44318701171875 3 3 2
53 0 0 0 9 9 9 1 0 0 1 25.6454824218758 29.1212109375004 26.7879999999989 3 2 3
30 1 0 0 8 5 8 0 0 1 0 29.8378671874997 32.5600000000008 35.1143203125012 3 3 3
46 0 0 0 8 9 10 1 0 0 0 11.099384765625 9.57924023437501 7.38581835937498 2 2 2
25 0 0 0 6 6 6 1 0 0 0 17.4733945312501 9.0207294921875 21.1335195312501 2 2 2
50 0 0 1 2 3 2 1 0 0 0 5.27052001953124 6.40041992187502 3.15314965820312 2 2 2
31 0 0 0 6 8 5 1 0 0 1 30.3147968750009 25.708999999999 15.041208984375 2 2 3
28 0 0 0 3 6 10 1 0 0 1 28.5779999999996 40.2890000000014 50.8351054687517 1 2 2
42 0 1 0 12 11 12 1 0 0 0 23.7422636718758 26.5087265625012 23.7540410156257 2 2 2
67 0 1 0 4 3 3 1 0 0 0 4.13809765625 5.06289306640627 10.344283203125 3 2 3
65 0 0 0 6 4 7 1 0 0 1 16.46628125 16.76084765625 16.5044140625001 3 3 3
61 0 1 0 3 2 2 0 0 0 0 23.2357968750005 20.7596289062499 16.8613632812501 2 2 2
53 0 0 0 1 1 1 1 0 0 1 7.95740576171879 6.17440185546877 10.4040898437501 2 2 2
49 0 1 0 8 6 4 0 1 0 0 17.7024023437499 14.043109375 16.687490234375 1 1 2
20 0 0 0 2 3 3 0 0 1 0 9.39293945312495 7.64399999999997 4.77142871093752 2 2 2
47 0 0 1 3 5 2 1 0 0 1 17.1599999999999 18.7199999999999 17.4800000000001 2 2 2
68 0 1 0 5 3 4 1 0 0 1 14.089482421875 15.7932744140624 20.1806425781251 3 3 3
57 0 1 0 5 3 6 1 0 0 1 23.9853300781241 23.1217148437495 23.9967578124996 3 3 3
57 0 1 0 3 3 6 1 0 0 0 17.0100078125001 19.2110859375 21.95067578125 3 3 3
62 1 0 0 4 2 5 1 0 0 0 15.6796865234375 16.746783203125 23.3674453124999 3 3 2
67 0 1 0 2 1 3 1 0 0 1 12.261896484375 14.102685546875 16.17119140625 3 3 3
67 1 0 0 4 7 4 1 0 0 0 12.24752734375 16.688828125 14.7503642578124 2 3 2
58 0 1 0 2 2 2 0 1 0 0 9.25111328124999 9.04711328125002 9.94168359374999 2 2 3
51 0 1 0 4 6 8 1 0 0 1 5.975400390625 12.0877001953125 15.5059999999999 2 2 2
48 0 0 0 3 1 1 1 0 0 0 12.00923828125 12.18961328125 13.1042783203125 3 2 2
26 0 0 0 4 4 3 0 0 1 1 14.7468457031251 9.15385449218756 8.49559570312497 2 2 2
52 0 0 1 6 1 1 1 0 0 1 13.3963798828125 14.2980654296875 14.2980654296875 3 2 3
60 1 0 0 2 1 3 1 0 0 1 11.4927685546875 12.1021640625 12.9821640625 2 2 2
60 1 0 0 2 2 4 1 0 0 0 6.11575048828123 9.17367578124997 6.00896875 2 2 2
16 0 0 0 4 3 3 0 0 1 0 2.08531298828124 1.64385034179689 2.70644946289063 3 3 3
56 0 0 1 7 12 6 1 0 0 1 14.506166015625 16.534166015625 18.2638124999999 3 3 3
56 0 0 0 6 4 4 1 0 0 0 4.73 4.32999999999997 5.28999999999998 2 2 2
28 0 1 0 2 2 3 1 0 0 0 10.1833720703125 23.6431445312508 0.699999999999997 3 3 3
41 0 0 0 10 1 9 0 1 0 1 17.5600000000001 12.28 30.0200000000014 2 2 2
40 1 0 0 2 2 5 0 1 0 0 24.6568183593749 22.9300683593745 24.893335937501 2 2 2
30 0 1 0 3 2 3 0 0 1 0 11.105267578125 11.454123046875 11.72009765625 2 2 2
37 0 1 0 4 3 2 0 1 0 0 19.2898320312501 27.6839648437493 27.6764609375 2 2 3
82 0 1 0 1 3 5 1 0 0 1 20.82000390625 21.2246328125001 9.138525390625 3 3 2
41 0 0 0 9 7 7 1 0 0 1 14.148142578125 14.098349609375 14.9968486328125 2 2 2
43 0 0 0 5 4 3 1 0 0 0 21.6980136718749 22.867392578124 25.5496191406254 2 2 2
49 0 0 0 7 7 5 0 1 0 1 23.1939999999989 23.0564414062498 21.43715234375 3 3 3
52 0 0 0 5 6 4 1 0 0 1 15.03 11.9 7 2 3 2
51 0 0 0 2 2 1 1 0 0 0 1.10763708496094 1.76530285644531 3.12752587890626 3 3 3
28 0 1 0 5 4 7 0 0 1 1 7.51 6.50000000000001 9.49999999999998 2 3 3
26 0 1 0 5 6 3 0 1 0 0 19.0123320312499 16.393640625 18.0121035156251 3 2 3
51 0 1 0 6 7 9 0 0 1 1 25.0299999999995 37.9999999999991 24.0999999999989 2 2 2
76 1 0 0 5 4 6 1 0 0 1 34.8128046874999 31.1191914062497 23.0000000000003 3 3 3
39 0 1 0 6 5 7 1 0 0 1 24.1680136718751 26.9821835937491 30.2361093750011 3 3 3
80 0 1 0 4 2 12 0 0 0 0 9.80690625 12.7953525390626 10.6584638671875 3 2 3
68 0 0 0 2 1 1 0 0 0 0 11.3504375 13.900150390625 20.99601953125 2 2 3
60 1 0 0 2 5 1 1 0 0 0 7.10000000000002 11.85565625 6.06363574218749 2 2 2
53 0 0 0 1 5 3 1 0 0 1 23.3214277343744 46.6695898437506 31.9221640624998 2 3 2
63 1 0 0 4 6 12 1 0 0 1 19.2199999999999 22.7600000000007 23.0870195312496 3 3 3
59 0 0 1 3 3 5 1 0 0 0 0.02 0.0999999999999999 3.01913061523437 3 3 3
42 0 0 0 12 9 11 0 1 0 1 18.525353515625 20.1063535156251 21.4513886718749 2 3 3
85 0 0 1 2 2 1 0 0 1 1 4.95413281249999 5.52157421875003 5.52850537109374 2 2 2
46 0 0 0 3 2 2 1 0 0 1 16.82554296875 15.7316220703125 20.31028125 2 2 2
63 0 0 1 3 3 2 1 0 0 0 5.48505664062502 5.49191308593751 5.49191308593751 2 2 2
24 0 0 0 3 3 5 0 0 1 0 10.384671875 7.74011474609371 14.5672421875 2 3 2
82 0 0 1 4 2 3 1 0 0 1 11.086904296875 11.636140625 9.63846386718754 3 3 3
72 0 0 0 5 7 9 0 0 1 0 25.8021269531245 26.34767578125 28.5788691406263 2 2 2
32 0 1 0 12 12 12 1 0 0 1 14.753349609375 14.0062890625 14.1050810546875 2 2 2
28 0 0 0 6 2 4 1 0 0 1 16.741267578125 18.3500000000001 20.5563183593751 2 2 2
65 1 0 0 12 12 12 0 1 0 1 44.6202929687505 38.8632304687503 39.66323046875 2 2 2
59 1 0 0 2 7 8 0 0 1 0 14.852 16.0019941406251 17.0865234375 2 2 3
41 1 0 0 4 2 3 0 0 1 0 17.7453359374999 27.7999999999992 25.7999999999998 2 2 2
39 1 0 0 2 5 3 1 0 0 1 54.0206835937488 57.6083046875013 64.8062460937523 2 2 3
44 0 1 0 6 9 8 0 0 1 1 24.9990546874993 26.4680976562496 32.6478593749998 2 2 2
56 1 0 0 6 6 5 0 1 0 0 52.5254921874981 52.3121523437507 67.3565468750004 2 2 2
78 0 1 0 2 2 5 0 0 0 0 10.6923652343751 11.067462890625 22.5590292968752 2 2 2
48 0 0 0 5 3 2 0 0 1 0 17.8691679687501 20.04549609375 19.7878749999999 3 3 3
38 1 0 0 8 5 9 1 0 0 1 22.914750000001 23.0155703125004 28.4772656250007 3 3 3
38 1 0 0 6 4 6 1 0 0 0 18.05403125 12.503162109375 14.24708203125 2 2 3
44 0 1 0 1 1 3 1 0 0 1 12.79344921875 4.29772998046874 4.6906201171875 2 2 2
40 0 0 0 2 1 3 1 0 0 0 16.586638671875 19.6020546875 20.2758105468751 2 2 3
64 1 0 0 2 3 2 1 0 0 1 8.1826875 17.1530078125 24.8291425781254 3 2 3
40 0 1 0 6 1 2 0 1 0 0 19.4141132812499 17.769404296875 18.8775488281249 2 2 3
18 0 0 0 5 3 1 0 0 1 0 4.19169970703127 9.02869531249999 6.90621972656249 2 2 3
44 0 1 0 5 8 6 1 0 0 0 5.34612060546874 4.56883398437501 4.89200683593748 2 2 2
20 0 0 1 9 7 10 0 0 1 1 21.046517578125 26.278919921876 29.9050761718744 3 2 2
41 0 1 0 11 12 11 1 0 0 0 7.5780654296875 9.00926855468755 12.27085546875 3 3 3
46 0 1 0 7 9 5 0 0 1 0 14.887998046875 13.5720458984375 21.42190234375 3 3 3
49 0 0 1 3 3 3 0 0 0 0 17.9869453125 20.6273125 19.34846484375 2 2 2
26 0 0 0 3 2 2 1 0 0 1 22.0053476562499 15.8882724609375 14.18291015625 2 1 2
22 0 0 0 11 4 8 1 0 0 1 9.87439746093751 14.8589619140624 15.1275722656249 3 2 3
21 0 1 0 3 5 4 0 0 1 1 5.3239580078125 7.08305322265622 2.59800000000001 3 2 3
42 0 0 0 2 10 11 1 0 0 1 21.3174804687499 11.112677734375 16.35924609375 3 3 3
33 0 1 0 12 12 12 1 0 0 1 49.1400000000014 38.8414804687496 48.2000000000004 2 3 2
32 0 1 0 12 12 12 0 0 1 1 25.5183613281243 26.315781249999 35.9999999999983 3 2 2
41 0 1 0 4 3 3 1 0 0 0 7.95563720703127 8.16424218749998 11.92329296875 2 3 2
19 0 1 0 3 11 4 0 0 1 0 8.30663281249999 13.1901015625 15.0602675781249 3 3 3
48 0 0 0 5 5 7 1 0 0 1 17.8206367187499 20.82 20.3173906249999 3 3 3
18 0 0 0 4 4 9 0 0 1 0 5.12199999999999 8.58000000000002 8.46000000000001 3 2 3
16 0 0 0 4 1 9 0 0 1 0 3.58688989257814 6.47181347656248 5.53800000000002 3 2 2
49 0 0 1 1 3 7 1 0 0 1 9.90448828124999 9.21456152343753 12.3851123046876 2 2 2
42 0 1 0 3 3 3 1 0 0 0 28.3275781250009 29.3651679687497 28.5275488281263 3 2 2
16 0 0 0 6 4 9 0 0 1 1 0.02 4.82195410156248 16.5287968749999 2 3 2
69 0 1 0 2 2 1 1 0 0 1 15.751486328125 18.5617871093749 21.2559179687499 3 3 3
52 0 1 0 3 5 4 0 0 1 0 22.984203125001 23.1351406250003 24.1805039062494 2 2 2
43 0 0 0 2 3 4 0 1 0 0 13.3069755859375 9.44267382812499 14.6681337890625 2 2 2
23 0 1 0 6 7 5 0 0 1 0 18.362125 20.30496484375 23.25 3 3 3
78 0 0 1 3 1 1 0 0 0 0 19.0105976562501 38.8632304687503 10.368451171875 2 3 3
74 0 0 1 10 8 1 0 0 0 0 6.39755468750002 6.84232812499998 7.53377441406249 2 2 2
59 0 1 0 2 2 1 1 0 0 0 2.59070458984375 6.22901953125001 6.43018066406249 2 2 3
35 1 0 0 2 5 9 0 1 0 0 20.374529296875 24.0851113281259 16.422728515625 3 3 2
36 0 1 0 3 5 2 0 1 0 1 19.735251953125 12.51072265625 16.206466796875 2 3 3
62 0 0 1 2 1 1 0 1 0 0 7.76531640625002 8.01312207031249 7.84215624999998 2 2 2
73 0 0 0 12 6 5 0 0 0 0 8.18431347656248 9.15720117187499 9.65883789062499 2 3 2
60 0 0 1 10 6 7 1 0 0 1 16.0999999999999 23.5796308593745 12.9999999999999 3 3 3
60 0 0 0 5 5 2 1 0 0 0 11.48148046875 6.1595693359375 6.10104980468747 2 3 3
32 0 0 0 6 9 4 1 0 0 1 10.82045703125 9.00000000000004 12.794 3 3 2
54 0 1 0 2 4 9 0 0 1 0 66.8999999999987 53.9000000000006 65.4999999999972 3 3 3
72 0 1 0 2 1 2 0 0 0 0 14.3556875 14.63422265625 14.5513056640626 3 2 2
42 0 0 0 2 2 1 1 0 0 0 11.131794921875 11.650896484375 9.36793749999996 2 2 2
36 0 1 0 5 4 4 1 0 0 0 6.54538134765625 4.80391552734377 9.89048046874996 3 2 2
78 0 0 0 1 2 1 1 0 0 0 2.79491650390625 2.94728076171876 2.75156542968749 3 3 3
60 0 0 0 3 5 5 0 0 0 0 8.27723144531251 10.4649990234375 6.78652734374998 3 3 3
39 0 1 0 4 4 4 1 0 0 1 26.2000000000003 23.1000000000003 24.0999999999989 3 3 3
36 0 1 0 3 1 5 1 0 0 1 16.81 17 19.5250000000001 3 3 3
54 0 1 0 1 1 3 1 0 0 1 20.9370175781251 16.5877695312499 26.0394140625012 2 2 2
25 0 1 0 6 5 5 0 0 1 1 23.6080000000006 18.810640625 18.2421699218749 3 3 3
34 0 1 0 8 12 8 1 0 0 0 21.8267890624999 4.14997558593749 19.4139140625 2 2 2
61 0 0 0 3 1 4 1 0 0 1 39.4999999999995 11.332486328125 5.95337890625002 3 3 3
79 0 1 0 1 1 1 0 0 0 0 8.10293505859378 9.58440722656247 9.28824121093748 2 2 3
51 0 0 0 3 2 4 1 0 0 0 19.67887109375 20.4157050781249 21.016166015625 3 2 3
33 0 0 1 4 1 2 1 0 0 0 10.28645703125 6.70820068359379 15.0411484375 2 2 2
54 0 1 0 2 4 8 1 0 0 1 19.4669746093749 18.0573027343751 20.15891796875 2 2 2
48 0 1 0 6 4 2 1 0 0 0 14.49500390625 15.2571923828125 15.7444501953126 2 2 2
55 0 0 0 1 1 4 1 0 0 1 16.016 17.862 18.694 3 3 2
31 0 0 0 1 3 1 0 0 1 1 8.78799999999999 9.67200000000002 10.1919999999999 3 3 3
28 0 1 0 4 5 2 1 0 0 0 10.096142578125 18.04133203125 20.3405937499999 2 2 3
44 0 0 0 7 4 5 0 1 0 0 21.0528769531249 16.607111328125 15.42042578125 2 2 3
34 0 1 0 12 6 7 1 0 0 0 19.6771171875 19.7511542968749 19.2581328125001 3 3 3
63 0 0 1 4 3 2 0 1 0 0 6.36214013671872 8.94622460937501 11.10717578125 2 1 1
80 0 0 1 1 2 1 0 0 0 0 5.76158007812499 8.89393457031251 13.4151914062501 2 2 3
90 0 0 1 1 1 2 0 0 0 0 10.8910146484375 7.49161816406249 13.0882841796875 1 1 2
39 0 1 0 3 1 1 0 1 0 0 11.563119140625 5.4851396484375 5.47416748046873 2 2 2
42 0 1 0 4 5 3 1 0 0 1 14.1700000000001 12.896 13.2599999999999 2 3 2
50 0 1 0 5 3 6 0 1 0 1 22.7792148437498 22.921830078126 28.2606250000008 3 2 2
46 0 1 0 5 6 5 0 1 0 0 14.7415126953125 14.5429560546875 13.7904824218751 3 2 2
20 0 0 0 5 7 11 0 0 1 0 7.23044335937498 3.65281005859376 1.90869348144531 2 3 2
71 0 1 0 1 5 2 1 0 0 1 5.8610341796875 9.05858398437498 6.20302929687498 2 2 2
68 0 0 1 1 5 2 1 0 0 0 3.28554150390625 3.37628271484375 3.48104956054685 3 2 2
42 0 1 0 7 7 7 1 0 0 0 9.66229492187497 10.445181640625 10.3133994140625 3 2 3
43 0 1 0 4 5 3 1 0 0 1 24.1019999999991 21.5019999999999 21.85808203125 3 2 2
40 0 1 0 4 3 3 1 0 0 0 10.896701171875 11.7851406249999 12.39381640625 2 2 2
17 0 0 1 2 6 5 0 0 1 1 0.06 4.83060009765623 7.26554248046873 3 3 3
39 0 1 0 1 2 4 1 0 0 0 14.4196923828124 4.2296728515625 6.08135937500002 3 2 2
43 0 0 1 3 1 1 1 0 0 1 14.4703173828125 13.2265400390625 10.71060546875 2 2 3
23 0 0 1 5 4 2 0 0 1 0 11.9820576171875 9.07502148437499 3.67235888671873 2 2 3
68 0 1 0 6 2 3 0 0 0 0 11.5796875 16.96229296875 9.30585742187499 2 2 3
58 0 0 0 3 7 3 1 0 0 1 18.8639999999999 19.0579999999999 19.3504921875 3 3 3
56 0 0 1 2 7 5 1 0 0 0 6.66213183593746 4.70150732421876 6.83693359374998 2 2 2
68 0 0 0 1 1 2 1 0 0 1 10.371919921875 10.4622119140625 11.8433955078125 2 2 2
30 0 1 0 2 4 2 1 0 0 0 6.90313574218751 5.46691699218748 23.3690234374991 2 2 2
27 0 1 0 3 7 6 0 0 1 0 6.63210156249997 5.88452685546877 8.59163378906249 2 2 2
62 0 0 0 4 3 2 1 0 0 0 3.02885815429687 3.12270605468749 3.17389843750001 3 2 3
60 0 0 1 2 3 2 0 0 0 0 10.3446201171875 13.4087861328125 13.37580859375 3 2 1
64 0 0 0 4 3 2 1 0 0 1 8.97316406250001 14.4793964843749 13.4166650390625 2 2 3
30 0 1 0 5 5 4 1 0 0 1 16.8840859375001 17.18073828125 19.322056640625 3 3 2
58 0 1 0 1 1 2 0 1 0 0 9.6211201171875 12.5248046875001 3.94896020507815 2 2 2
53 0 1 0 6 9 8 1 0 0 1 19.8001796875 20.391685546875 24.7928398437508 3 3 3
29 0 1 0 3 2 3 1 0 0 0 14.1861816406249 16.2679082031251 16.966701171875 2 3 2
20 0 1 0 1 2 2 0 0 1 0 9.80554296874996 9.60739062499998 9.90762109375002 3 3 3
28 0 1 0 9 7 2 0 0 1 1 7.84596142578121 9.408138671875 2.44867993164062 1 2 1
44 1 0 0 3 12 10 0 1 0 1 16.0248349609375 26.0993085937505 25.3096992187503 3 2 2
69 0 0 0 2 6 10 1 0 0 1 11.30692578125 12.6120390625 13.023232421875 3 3 3
66 0 0 1 1 3 1 1 0 0 0 2.77217578125001 2.66197924804689 2.76436352539063 2 2 3
35 0 0 0 3 6 6 0 0 1 1 2.55138574218749 11.7345263671875 12.489607421875 2 2 2
35 0 0 0 11 7 12 0 0 1 0 25.5488554687513 27.1340429687512 29.0735351562514 2 2 2
38 0 1 0 7 1 4 1 0 0 0 13.834642578125 9.15735839843751 4.41999999999998 2 2 2
60 0 1 0 4 4 4 1 0 0 0 20.6162617187501 13.202033203125 6.36772607421876 3 3 3
37 0 1 0 12 8 11 1 0 0 1 20.8779999999999 16.1991748046875 6.38358447265627 2 2 1
43 0 1 0 12 3 8 1 0 0 1 6.62873925781248 7.46073925781253 14.9212988281251 2 3 2
38 0 0 0 3 5 4 1 0 0 1 17.37131640625 19.1979472656251 25.79294140625 3 3 2
36 0 0 0 1 3 3 1 0 0 0 1.80452087402345 1.93880847167969 5.71986865234378 2 2 2
75 0 0 1 6 8 6 1 0 0 1 10.577205078125 8.14818994140625 7.90414941406252 3 2 2
50 0 0 0 4 2 5 1 0 0 1 6.34841650390625 6.27493310546873 6.73462207031249 2 2 2
44 0 0 0 2 4 5 1 0 0 0 9.23769531250004 8.93746484374997 9.30692871093752 2 2 2
32 0 1 0 3 3 2 1 0 0 0 10.72125 10.6583046875 9.09694531249998 3 3 3
32 0 0 0 6 5 7 1 0 0 1 20.8280449218751 18.023857421875 11.113064453125 3 2 2
67 0 0 1 1 3 2 0 0 0 0 5.66294335937499 12.7420283203124 11.4015546875 3 2 3
46 0 0 0 6 3 7 1 0 0 1 9.27440039062501 9.02440039062499 9.33616015624996 2 2 2
34 0 0 0 1 2 3 1 0 0 0 3.35563720703126 3.38411669921876 3.56611669921873 2 2 2
59 0 0 0 4 3 4 1 0 0 0 10.4195546875 10.330626953125 19.83071875 2 2 2
55 0 1 0 3 2 2 0 0 0 0 16.37419140625 15.2350068359375 14.9029550781249 2 2 2
24 0 1 0 8 7 7 0 0 1 0 15.7959941406249 17.0069999999999 17.2632792968749 3 3 2
61 0 1 0 3 3 6 0 1 0 0 21.316888671875 17.018640625 17.27236328125 3 3 3
30 0 1 0 4 7 5 1 0 0 0 28.4949355468762 25.5115039062502 23.131326171876 2 2 2
62 0 1 0 3 2 4 1 0 0 0 7.4657509765625 6.65454443359378 6.08252441406251 3 3 3
35 1 0 0 9 7 4 1 0 0 0 20.2069882812501 16.8110546875 16.25988671875 2 2 2
36 0 1 0 4 10 11 1 0 0 1 26.6203242187496 26.4426054687498 25.8218632812495 3 3 2
45 0 1 0 6 8 3 1 0 0 1 13.9880000000001 13.5097431640624 15.2134189453126 2 2 2
48 0 1 0 12 12 12 1 0 0 1 35.5034648437496 36.1266914062491 35.7868359374993 3 3 3
37 0 1 0 7 7 8 1 0 0 1 15.6 15.912 16.224 2 2 2
45 0 0 0 9 9 3 1 0 0 0 11.9171708984375 12.4176748046875 13.7241376953125 2 2 2
66 0 0 0 3 1 3 1 0 0 0 1.88417602539061 4.89924169921876 1.18226123046875 3 3 3
54 0 1 0 1 1 7 1 0 0 1 19.6073906249999 18.6143183593751 22.6559160156245 3 3 3
50 0 1 0 6 2 3 1 0 0 0 5.12530908203126 4.31815625 3.22574438476562 2 2 3
44 0 0 1 6 6 9 0 1 0 0 12.52 7.03016699218753 8.86111035156246 2 2 1
22 0 0 0 8 9 9 1 0 0 1 13.7334921875 14.653021484375 15.5193593749999 3 2 2
19 0 0 0 12 12 12 0 0 1 1 9.87999999999997 12.759388671875 12.993388671875 2 2 2
56 1 0 0 2 1 2 0 0 1 0 3.59964819335936 12.54408984375 21.3116269531249 2 3 2
80 0 0 1 2 2 3 0 0 0 0 6.75678515625003 6.92172851562497 7.47845703125 2 2 2
34 0 0 0 3 6 4 1 0 0 0 11.0063935546875 10.43005859375 25.8747070312499 3 3 3
59 1 0 0 4 5 4 0 1 0 0 32.6199999999998 33.5319999999984 38.5113007812488 2 2 2
21 1 0 0 7 6 8 0 0 1 0 0.277142852783203 6.32518603515624 13.9092187499999 2 3 2
36 0 1 0 8 5 7 1 0 0 0 18.097921875 17.8937656249999 19.4129335937501 2 2 2
40 1 0 0 4 6 4 1 0 0 1 57.5278789062514 57.1998164062503 50.3695820312477 3 3 3
30 1 0 0 7 6 8 0 0 1 0 26.6999999999989 25.1096992187504 25.1096992187504 3 2 2
31 1 0 0 8 5 3 1 0 0 0 24.5825664062495 16.2530126953125 17.6219726562499 3 3 3
30 1 0 0 9 9 11 1 0 0 0 27.0879960937504 28.0600000000014 34.329652343751 3 2 3
45 1 0 0 4 2 2 0 0 1 1 17.2900000000001 23.5500000000009 14.035 2 2 2
45 1 0 0 4 3 5 1 0 0 1 17.513990234375 24.7323906250003 24.8267050781243 2 2 2
38 1 0 0 3 5 8 1 0 0 1 23.8180136718755 30.2230937499999 33.6242070312497 3 3 3
36 1 0 0 6 5 7 1 0 0 1 51.6597226562477 53.441109375001 57.2579218749988 3 3 2
44 1 0 0 7 4 5 1 0 0 0 16.0528798828125 14.156798828125 16.208759765625 2 1 2
33 1 0 0 2 3 4 1 0 0 1 27.0741757812493 3.62979418945312 0.451366882324219 2 2 2
31 1 0 0 4 2 9 1 0 0 0 0.807637084960937 1.71496667480469 3.164966796875 3 3 3
44 1 0 0 3 6 2 0 0 1 1 34.7064687500004 34.6366054687502 41.8110859375012 1 1 2
42 0 1 0 4 7 3 1 0 0 0 30.3040273437508 32.1070058593757 27.5732382812509 3 2 2
37 0 1 0 3 3 9 1 0 0 0 6.29083544921874 7.35352441406248 7.67442431640625 3 3 3
31 1 0 0 2 3 2 1 0 0 0 20.2145859375001 22.9335117187491 20.7289960937501 2 3 3
32 1 0 0 8 4 5 1 0 0 0 21.1362304687499 18.0450292968749 29.7758808593747 3 3 2
67 0 0 0 1 3 3 0 0 0 0 7.55987695312503 7.13943310546875 8.04860400390622 3 3 3
43 0 0 0 7 8 3 1 0 0 1 16.579142578125 16.418615234375 17.8604023437499 2 2 2
71 0 0 0 5 2 1 1 0 0 1 10.340767578125 11.2189677734376 4.72094873046876 3 2 2
68 0 0 0 3 1 2 1 0 0 0 3.82565356445314 4.2828076171875 1.7797978515625 2 2 2
32 0 0 0 8 6 7 0 0 1 1 10.5080830078124 9.79353320312497 9.77344140625002 2 2 2
44 1 0 0 3 5 5 1 0 0 1 28.3187734375007 34.8720546875014 40.9579687500017 3 3 3
41 0 0 0 4 3 5 1 0 0 0 7.61538574218746 10.708486328125 7.97877587890625 2 2 2
82 0 1 0 6 5 4 1 0 0 1 18.359326171875 20.3160820312499 23.6970273437512 3 3 2
33 0 0 0 10 7 12 1 0 0 1 23.4519999999999 25.8325058593746 26.8562558593763 2 2 2
37 1 0 0 5 5 6 0 0 1 0 26.5355312499993 30.5911425781237 32.7008769531242 2 2 2
53 1 0 0 3 1 3 1 0 0 1 13.9109462890625 11.8246982421875 13.1122099609375 3 2 2
52 0 0 0 1 1 1 1 0 0 0 1.66480676269532 2.98429443359376 3.10719995117186 3 2 2
16 0 0 0 1 3 2 0 0 1 1 0.001 0.911300048828129 3.51730834960938 3 3 3
53 0 0 0 5 3 5 1 0 0 1 25.3694003906261 25.6596992187499 24.5834335937507 3 3 3
46 0 0 0 6 5 10 1 0 0 0 10.1324404296875 0.848980163574221 10.6711826171875 3 3 3
16 0 0 0 3 5 8 0 0 1 0 0.539932678222656 3.98888232421873 10.4285712890625 2 2 3
56 0 1 0 2 2 3 1 0 0 1 33.25 34.9999999999982 35.9999999999983 3 3 3
54 0 0 0 3 2 3 1 0 0 0 7.37655908203127 7.11212499999997 9.98670703124999 2 2 3
29 0 0 0 12 4 12 0 0 1 0 19.41619140625 28.0704511718761 31.3103828125006 3 3 3
70 0 0 1 9 1 3 0 1 0 0 9.07692578124997 9.29773632812506 10.2053125 2 2 2
32 0 1 0 3 2 2 1 0 0 0 3.42747729492186 13.9328691406249 5.22982226562502 2 2 2
51 0 0 0 3 6 9 1 0 0 1 27.3000000000013 35.1000000000015 39.0914492187517 3 3 3
31 1 0 0 12 11 8 0 0 1 1 31.3097988281242 32.553259765626 36.0138593749988 2 3 3
47 0 1 0 4 4 6 1 0 0 1 30.2340000000014 32.8920156250001 35.5379999999993 3 2 1
45 0 1 0 4 3 3 1 0 0 0 16.1979999999999 17.0165 17.676 3 2 3
18 0 0 0 11 3 3 0 0 1 1 1.69883435058594 3.75199999999998 3.35399999999998 3 3 3
68 1 0 0 3 5 5 0 0 0 0 20.5744882812501 20.4748574218751 22.5981054687506 2 2 2
33 0 1 0 6 9 4 1 0 0 0 26.3226738281251 28.7231406250002 30.3184335937502 2 2 3
38 0 1 0 6 6 6 0 1 0 1 29.8480000000002 30.3734023437495 32.0569042968753 2 2 2
68 0 0 0 3 5 6 1 0 0 1 15.8568066406251 14.6137714843749 18.890525390625 3 3 3
34 0 1 0 3 3 2 0 1 0 0 19.8402460937501 18.9259609375001 20.075990234375 1 2 2
46 0 1 0 3 5 7 1 0 0 1 34.4590507812486 34.5759179687494 36.6601249999986 2 2 3
46 0 0 0 2 4 3 1 0 0 0 19.5462988281249 22.1867402343745 21.856767578125 2 2 2
36 0 0 0 9 4 5 0 0 1 1 14.82 15.08 14.3 2 2 2
60 0 0 0 3 3 1 1 0 0 0 9.38148242187497 10.4236357421875 9.71280761718746 3 2 2
42 0 1 0 4 3 4 1 0 0 0 1.28196362304688 1.41496667480469 8.19436035156253 3 3 3
39 0 1 0 9 8 10 1 0 0 1 75.0577343750018 76.8591250000017 80.4441015624971 2 3 2
74 0 0 0 1 6 1 1 0 0 0 5.12644384765626 5.2292919921875 4.91799023437502 3 3 3
53 1 0 0 12 4 5 1 0 0 1 45.1146445312518 59.0438828125026 63.1484999999994 3 3 3
45 1 0 0 3 2 1 1 0 0 1 22.3999999999993 13.5 22.8915898437503 2 2 2
66 0 1 0 3 3 1 0 0 1 0 20.545205078125 18.9112773437499 19.593958984375 3 3 3
47 0 1 0 7 8 7 0 0 1 0 14.96 15.6960000000001 10.5 3 2 2
36 1 0 0 3 3 3 1 0 0 0 23.7346796875009 23.2676230468748 25.7220488281258 3 2 2
62 0 1 0 12 12 6 1 0 0 1 17.4819999999999 15.2225 8.21519921875 3 3 3
41 1 0 0 8 7 6 1 0 0 0 29.0829453124995 41.4426796875013 47.4393281249981 2 2 2
72 1 0 0 3 4 5 1 0 0 0 9.62324902343747 9.46339355468747 9.91537304687503 2 2 2
75 0 1 0 4 2 2 1 0 0 1 7.95595703125002 8.07607568359376 8.85842968750004 2 3 3
52 1 0 0 1 2 4 0 1 0 0 27.7453125000013 29.4044160156254 30.2270664062504 2 2 2
31 1 0 0 4 7 7 1 0 0 0 18.6532324218749 22.6474921875007 27.6170507812503 3 3 3
58 1 0 0 3 3 2 0 0 1 0 48.425015625002 48.9995390625018 64.2438124999974 3 2 3
43 1 0 0 4 5 1 1 0 0 1 22.8547343750005 22.9502089843746 25.1026074218754 3 3 3
37 0 1 0 2 5 1 1 0 0 0 12.5 14.5000000000001 16.5 3 2 2
43 1 0 0 11 9 10 1 0 0 1 75.5815000000012 92.9555781249984 108.662820312495 3 3 3
39 1 0 0 5 6 4 1 0 0 0 34.6947500000014 63.4424492187477 84.9632343749968 2 2 2
35 1 0 0 12 11 12 0 1 0 1 31.0000000000005 35.1241289062513 40.4999999999987 2 2 2
65 0 0 1 3 2 2 0 0 0 1 5.22893896484372 8.32293359375002 8.88453417968753 2 2 2
61 0 1 0 3 3 7 1 0 0 1 5.38158398437499 6.24504003906251 6.02895019531247 3 2 3
58 0 0 1 6 7 7 1 0 0 0 21.1158164062501 14.390658203125 16.40890625 2 2 2
34 0 1 0 12 12 12 1 0 0 0 18.722697265625 20.5934511718749 25.1490429687488 2 3 3
27 0 1 0 4 10 5 1 0 0 1 16.4726875 30.8285664062505 21.8846210937499 3 3 2
37 1 0 0 12 7 9 1 0 0 1 38.0424882812505 44.6108867187486 57.0764765624997 2 2 2
43 0 1 0 5 5 6 1 0 0 1 34.5263281250005 34.426328125001 36.5277148437514 3 3 3
41 1 0 0 5 7 6 1 0 0 0 19.0769296875 25.4577871093738 28.7448789062513 3 3 3
23 1 0 0 4 3 2 1 0 0 1 14.5013515625 17.921353515625 17.6152109374999 2 3 3
24 0 0 0 1 2 2 1 0 0 0 11.8809736328125 9.63043261718749 13.2605625000001 2 1 2
68 0 0 0 2 3 4 0 0 0 0 8.29650292968753 8.05331250000003 8.27639062499997 2 2 2
60 0 1 0 4 3 7 1 0 0 1 2.27165600585937 8.69182128906255 4.79651562499999 3 3 3
55 0 1 0 2 2 7 1 0 0 0 18.3074960937499 16.5047929687499 24.1829238281242 3 2 3
30 0 0 0 1 2 3 0 0 1 0 16.8178125 9.43641308593746 11.3430380859375 3 3 2
50 0 0 0 2 1 5 1 0 0 0 15.081681640625 15.4179394531251 16.7288691406251 3 2 3
46 0 0 0 8 7 12 1 0 0 1 15.582240234375 17.1599999999999 19.928333984375 3 3 2
62 0 0 1 2 12 9 0 0 0 0 7.79841845703128 10.441740234375 12.350962890625 1 2 2
50 0 0 0 5 3 3 0 1 0 0 7.20371972656252 10.348853515625 14.234111328125 2 3 2
27 0 0 1 4 6 4 1 0 0 0 2.02253332519531 11.002935546875 11.27591796875 3 3 2
47 0 0 0 2 4 5 0 0 1 0 3.26874340820312 4.37283544921877 2.1445068359375 3 3 3
73 0 0 1 5 5 12 0 0 0 1 5.13365820312501 6.02431201171878 6.34779687499998 3 3 3
52 0 0 1 10 8 9 1 0 0 0 6.24087011718749 3.5781472167969 4.13653271484376 2 2 2
44 0 1 0 3 5 4 1 0 0 1 34.6028046875009 16.972841796875 16.495291015625 1 1 1
77 0 1 0 4 4 3 1 0 0 1 9.01025195312499 6.33498974609374 10.2919287109375 2 2 2
53 0 1 0 12 12 12 1 0 0 1 11.7776318359375 12.361408203125 12.8258662109375 2 2 2
45 0 0 0 4 3 3 1 0 0 0 16.4246523437499 16.0882216796875 16.49653515625 3 3 3
24 0 1 0 6 3 5 0 0 1 0 7.95728271484378 10.5614609375001 11.0382216796875 3 2 2
64 0 0 1 2 6 3 0 0 0 0 8.14261083984379 8.33686523437501 8.68352929687504 3 2 2
32 0 0 0 8 6 6 1 0 0 1 34.5999999999994 38.2999999999985 40.000000000001 3 2 3
23 0 1 0 4 1 6 1 0 0 0 5.30400000000001 6.65385937500001 4.28446679687498 3 3 3
66 0 1 0 3 3 3 0 0 0 0 9.69426074218747 17.00599609375 17.0899765624999 3 3 2
33 0 1 0 3 2 3 1 0 0 0 24.0184765625001 26.3067109375003 26.4203242187494 2 2 2
47 0 1 0 9 10 10 1 0 0 0 17.180384765625 15.2619697265625 19.883970703125 2 2 2
27 1 0 0 9 9 9 1 0 0 0 11.1409140625 14.032794921875 14.87344140625 3 2 3
50 0 1 0 6 6 6 1 0 0 0 13.4859482421875 13.7973525390625 16.446650390625 2 2 1
20 0 1 0 6 4 5 1 0 0 0 2.70575976562501 0.823253540039058 10.5077509765625 3 2 2
17 0 0 0 4 9 10 0 0 1 1 2.79820532226562 5.64643701171874 7.20554296874999 3 3 2
49 1 0 0 2 3 3 1 0 0 1 54.9381054687476 56.2786953124973 42.8850234374985 3 2 2
47 1 0 0 3 1 2 1 0 0 0 2.1139453125 3.32195361328124 16.38197265625 3 2 2
45 0 0 0 4 4 4 1 0 0 1 15.132 14.378 12.074958984375 3 2 3
45 0 1 0 4 6 5 1 0 0 0 15.7501875 17.0611484375 18.8925585937499 2 2 2
18 0 0 0 7 6 7 0 0 1 0 8.32670117187496 8.98348046875001 10.868166015625 3 2 1
23 0 1 0 12 7 12 0 0 1 1 16.301916015625 10.4502587890625 13.136154296875 2 2 3
20 0 1 0 4 7 4 0 0 1 0 3.76969970703124 5.80046191406251 6.81576220703126 3 2 2
51 0 1 0 5 6 9 1 0 0 1 42.5930703124994 36.0930703125013 57.0575703125009 2 2 2
47 0 1 0 9 8 9 1 0 0 0 27.25376953125 27.9602890624998 64.2367109374969 3 3 3
24 0 1 0 5 6 3 1 0 0 0 13.3575 12.1948154296875 11.8884267578125 3 3 2
42 0 0 0 3 4 2 0 1 0 0 19.5838828125 14.462064453125 13.7 2 1 3
18 0 0 0 5 5 7 0 0 1 0 3.68558544921875 3.57254052734374 7.14564550781251 3 3 3
16 0 0 0 3 4 4 0 0 1 1 0.57959991455078 0.975035705566405 5.98000000000002 3 3 2
37 1 0 0 4 6 5 0 0 1 0 29.9131210937495 28.6703320312507 26.2126933593747 2 2 2
44 1 0 0 2 5 6 1 0 0 0 26.3412734375005 27.7700644531244 35.3723593749989 3 3 2
51 1 0 0 7 6 6 0 0 1 0 14.79976953125 17.5000000000001 14 2 2 2
43 1 0 0 6 8 5 1 0 0 1 37.1375156249987 38.2477421875001 40.2477421874982 3 3 3
40 0 1 0 4 6 6 1 0 0 0 11.58775390625 12.7074833984375 12.111640625 3 3 3
43 0 1 0 6 3 8 1 0 0 0 22.7383886718743 14.9718818359376 21.0665703125001 2 2 2
40 0 0 0 9 7 10 1 0 0 1 29.5014687499995 15.6645117187499 12.2688076171876 3 2 2
45 1 0 0 4 2 2 1 0 0 1 48.9674374999992 48.8695156250008 48.3351054687523 2 2 2
41 0 0 0 4 3 3 1 0 0 0 1.471701171875 1.41496667480469 1.51496667480469 2 2 2
38 1 0 0 8 8 4 1 0 0 1 56.3512734375015 63.0256250000017 66.1188203125024 2 2 2
26 1 0 0 10 10 6 0 0 1 1 32.6441406249999 38.6652421874986 35.3961523437511 3 3 2
70 0 1 0 1 2 4 1 0 0 1 15.3631201171875 13.8752714843751 6.1682314453125 2 1 3
70 0 0 0 5 4 4 1 0 0 0 2.4128193359375 2.45721166992186 2.521201171875 2 2 2
33 1 0 0 7 6 5 0 0 1 1 31.9318632812509 29.868236328125 34.0555898437488 2 2 2
38 0 0 1 4 2 2 1 0 0 1 22.448736328124 5.71999999999998 15.5 2 3 3
36 0 1 0 4 5 3 1 0 0 0 9.35489062500002 10.1770625 10.5171875 3 3 2
38 0 0 0 9 9 9 1 0 0 0 25.962718749999 38.7585156249984 39.309406250001 3 3 2
56 0 1 0 12 12 10 1 0 0 1 25.0981152343746 25.7907246093749 26.395224609374 3 3 3
53 0 0 0 3 3 5 1 0 0 0 15.7180136718751 16.5206015624999 17.0871132812499 3 3 3
26 0 1 0 9 11 12 0 0 1 0 17.654 18.986701171875 23.5299999999998 2 3 3
77 0 0 0 8 3 4 1 0 0 1 9.73100390625006 9.89592871093754 10.125494140625 3 3 3
80 0 0 1 3 5 5 1 0 0 0 2.68715087890625 2.45721166992186 2.6084033203125 3 3 3
43 0 1 0 2 4 5 1 0 0 0 1.82400256347656 4.33381640625001 4.56584765624999 3 2 2
39 0 1 0 12 12 12 0 0 1 0 13.8106240234375 13.8106240234375 14.3270214843749 1 2 1
69 0 0 0 3 8 3 0 0 0 0 7.03345605468748 9.61598144531251 13.73421875 3 2 2
50 0 0 0 7 11 9 1 0 0 1 19.8152421874999 20.007390625 20.735 3 3 3
46 0 0 0 3 4 4 1 0 0 0 13.3576240234375 15.058341796875 15.9890576171875 2 3 2
18 0 1 0 12 12 12 0 0 1 0 4.17463964843748 7.86461474609378 14.3376513671875 2 3 2
43 0 0 0 5 1 4 0 1 0 1 10.278037109375 12.89612109375 10.7348466796875 2 2 2
37 0 0 0 2 3 2 1 0 0 0 10.2167529296875 15.6878955078125 17.617552734375 2 2 2
60 0 0 1 6 8 12 1 0 0 1 18.02400390625 15.618013671875 19.8120097656249 3 3 2
57 0 0 1 5 5 9 1 0 0 0 1.9955 2.0605 2.2295 3 3 3
31 0 0 0 12 12 11 1 0 0 1 18.4062714843749 19.006732421875 21.016166015625 3 3 3
33 0 0 0 5 7 4 1 0 0 1 18.4419628906251 18.5082988281249 23.0168515624993 2 2 2
60 0 0 1 2 10 12 1 0 0 0 3.764 5.23288330078126 4.76919140625002 2 2 2
66 0 1 0 8 12 12 1 0 0 1 12.388013671875 13.397736328125 12.111736328125 2 2 2
72 1 0 0 6 3 2 1 0 0 0 17.230984375 18.2303828125001 18.223150390625 3 3 2
28 0 0 0 9 4 7 0 0 1 1 21.7166289062501 24.0492812499991 28.4306972656255 2 2 2
35 0 0 0 1 4 5 1 0 0 0 7.25760595703128 8.78533496093745 8.76604882812502 2 2 2
41 0 1 0 12 9 7 0 1 0 1 28.2217109375013 19.0648398437499 21.1662832031249 1 1 1
54 0 0 0 4 2 2 0 1 0 1 9.65664746093749 5.71127978515627 8.90946093749997 2 2 2
37 0 1 0 3 3 5 1 0 0 0 14.0474999999999 10.43159375 20.98394140625 3 3 2
68 0 1 0 2 2 3 0 0 0 0 12.012916015625 11.8353525390625 12.097736328125 3 3 2
49 0 0 1 1 1 2 1 0 0 1 6.19266650390626 5.80177783203122 7.75511962890624 3 3 3
73 0 0 1 5 5 1 0 0 0 0 12.760423828125 10.6108681640625 10.019029296875 2 2 2
48 0 1 0 12 9 9 1 0 0 1 27.0207851562494 31.0092382812506 40.000000000001 2 3 3
42 0 1 0 7 8 6 1 0 0 0 10.93944140625 12.590986328125 12.1858974609375 2 3 3
35 0 0 1 3 5 3 0 0 1 0 9.80274707031255 21.224169921875 21.8852343749999 2 2 2
49 1 0 0 1 3 2 0 1 0 0 27.335 28.3535000000011 29.5530000000003 2 2 2
28 0 1 0 5 5 6 1 0 0 1 16.75 19.25 20.3545625 2 2 2
26 0 1 0 6 1 5 0 0 1 0 11.3903681640625 22.4999999999997 24.9999999999991 3 2 3
24 0 1 0 9 3 6 1 0 0 1 16.3282763671874 17.3727480468751 20.3755000000001 3 3 3
51 0 0 0 9 9 12 1 0 0 1 15.75 28.4882988281237 23.4165976562504 2 2 2
41 0 0 0 2 8 2 1 0 0 1 26.4203242187494 27.6993085937508 29.4406484374986 3 2 2
26 0 1 0 6 8 8 1 0 0 0 5.03144531250001 8.69561425781245 4.27062744140626 3 3 3
22 0 0 0 3 5 4 1 0 0 0 6.94118457031248 6.41105859374998 9.58258203124998 3 3 3
57 0 1 0 5 8 3 1 0 0 1 48.0364921875016 53.9411093749976 70.0461874999989 3 3 3
51 1 0 0 4 4 4 1 0 0 0 39.2175546875008 41.5879921875011 43.3533476562482 3 3 3
65 0 0 0 8 3 4 1 0 0 1 7.81634179687501 8.07553417968748 10.49160546875 3 3 3
32 0 1 0 12 6 8 1 0 0 1 21.3471035156249 20.1771035156251 25.0469589843761 3 3 3
30 0 0 0 10 10 12 1 0 0 1 14.036400390625 24.0930000000007 18.503232421875 3 3 2
30 0 0 0 5 8 8 0 0 1 0 19.51978125 19.987552734375 21.2890175781251 3 3 3
55 0 0 0 1 4 1 1 0 0 1 0.233307693481446 5.59527001953124 5.0183681640625 3 2 2
33 1 0 0 5 2 7 1 0 0 0 20.0600722656251 3.64670629882811 2.42373583984376 3 3 2
27 0 1 0 8 6 7 0 0 1 0 3.18617919921876 0.824453552246092 3.75729418945312 3 2 3
45 0 0 0 4 2 3 1 0 0 0 5.26252734374998 6.63112011718749 5.62930029296875 2 3 2
74 0 0 0 5 2 5 1 0 0 1 7.34113134765622 8.30230566406252 9.51951269531246 3 3 3
71 0 0 1 1 7 1 1 0 0 0 2.24078857421875 2.49560546875001 2.87954418945312 3 3 3
45 0 0 0 6 6 6 1 0 0 1 20.6105703124999 20.5920000000001 20.8 2 3 3
41 0 0 0 3 4 5 1 0 0 0 6.70000000000002 4.85 5.75000000000002 3 3 3
33 0 1 0 5 4 4 1 0 0 1 11.1882158203125 26.720554687499 32.9624726562516 2 2 2
78 0 0 0 1 3 3 0 1 0 0 5.88736181640622 5.61777685546874 6.0795361328125 2 2 3
35 0 1 0 8 8 6 1 0 0 1 39.0700234375016 25.2420566406258 49.176652343748 2 3 3
44 0 0 0 4 2 4 1 0 0 1 21.0762128906251 20.7159355468749 22.1210156250008 3 3 2
38 0 1 0 2 4 3 1 0 0 0 15.801904296875 16.67355859375 16.2239082031249 3 2 3
53 1 0 0 2 4 2 0 1 0 0 20.989771484375 25.1530039062508 13.224005859375 2 2 2
49 0 1 0 5 5 5 1 0 0 1 20.2775976562499 22.5260976562505 24.4000000000002 2 3 2
24 0 1 0 4 6 7 1 0 0 0 0.00100296926498413 5.40060009765627 11.3110400390625 2 2 2
46 0 1 0 3 2 3 0 0 1 1 15.4117783203125 8.16724658203126 14.1866240234375 2 2 2
42 0 1 0 2 4 1 1 0 0 0 4.72126269531249 6.68121386718752 2.94601855468751 2 2 2
35 0 1 0 4 3 3 1 0 0 0 18.77608203125 0.542582275390628 20.313578125 2 2 2
33 1 0 0 4 9 4 1 0 0 1 16.276 17.39 18.8159999999999 2 2 2
32 1 0 0 4 4 8 1 0 0 1 14.7987314453125 23.4037167968739 22.6734414062501 2 2 2
31 1 0 0 4 2 1 0 0 1 0 25.7134999999988 30.9307148437506 33.9113828125008 2 2 2
72 0 0 0 2 6 8 0 0 0 0 7.70037109375001 7.96064550781253 8.294111328125 3 3 3
36 0 0 0 7 7 8 1 0 0 1 16.5 27.2500000000003 37.9809531250014 3 3 3
34 0 0 0 4 3 12 1 0 0 0 10.3749306640625 9.87195312500002 8.81707421875 3 3 3
31 0 1 0 1 1 1 1 0 0 0 18.259904296875 6.6514619140625 11.308650390625 2 2 2
40 0 0 0 2 2 1 1 0 0 1 7.49999999999999 6.0409091796875 4.79090917968749 2 2 2
27 0 0 0 2 4 4 0 1 0 0 5.20273632812501 7.1445126953125 4.9395185546875 2 2 3
30 0 0 0 2 2 1 0 0 1 0 11.2999296875 12.06142578125 12.070904296875 2 2 2
55 0 0 0 3 3 2 0 0 0 0 10.64692578125 10.8879140625 13.6835283203125 2 2 2
40 0 0 0 6 2 5 0 0 1 0 13.3535595703125 15.0588535156249 15.714912109375 2 2 2
53 0 0 1 1 4 4 1 0 0 0 17.4004140625001 15.2914951171874 17.1794101562501 1 2 3
33 0 1 0 5 8 12 1 0 0 1 8.535099609375 6.25000000000002 20.2287148437501 2 2 2
31 0 1 0 7 5 12 1 0 0 1 13.777876953125 16.5127031249999 22.9016445312509 2 2 2
53 0 1 0 2 1 2 0 0 1 1 19.6891464843751 5.79272949218749 6.14264892578126 1 1 2
72 0 0 1 12 12 12 0 1 0 1 13.422330078125 13.24084375 12.9768144531251 3 3 3
36 0 0 0 7 4 4 1 0 0 0 9.52428906249997 7.52086718750002 12.0991630859375 2 2 3
59 0 0 0 2 1 4 0 0 1 0 17.6787792968751 18.8213984375 23.4073867187499 2 3 3
42 0 0 0 6 7 9 0 1 0 0 13.9185732421875 15.9771259765625 15.967046875 3 3 2
77 1 0 0 6 6 6 0 0 1 0 28.0431093750006 27.1093417968747 29.9626992187498 3 3 3
61 0 0 0 1 1 1 0 0 0 1 22.0739999999994 23.4259999999995 23.7639999999992 3 3 3
28 0 0 0 4 1 3 1 0 0 0 17.5255957031249 22.2362089843746 23.382666015626 2 3 3
30 0 1 0 2 5 7 1 0 0 1 21.6507011718749 23.7517363281246 33.34923828125 3 3 2
56 0 0 1 6 1 12 0 1 0 0 9.83061132812504 8.21874609375 4.71411523437497 2 3 2
68 0 0 0 2 5 3 1 0 0 1 6.62971875 9.0314755859375 6.97255712890628 2 2 2
35 0 0 0 3 6 2 0 0 1 0 8.75084277343745 2.79687280273436 16.9307734375 3 3 3
36 0 0 1 9 8 9 1 0 0 0 11.468822265625 10.9284062499999 12.14133984375 3 3 3
16 0 0 0 12 9 12 0 0 1 1 6.88028369140627 10.2893876953125 21.5993867187501 3 3 3
28 0 0 0 5 3 5 1 0 0 0 7.96476464843749 17.67169140625 18.323552734375 2 3 3
44 1 0 0 11 4 2 1 0 0 1 20.885712890625 27.8253789062495 35.8142968750012 3 3 2
42 1 0 0 2 11 1 1 0 0 0 60.378292968751 60.378292968751 61.653351562498 2 2 2
19 0 0 0 1 3 2 0 0 1 1 0.005 9.60000000000002 9.03959960937504 3 3 2
64 0 1 0 2 3 2 0 1 0 1 9.06046679687506 12.6157412109375 13.498685546875 2 2 2
48 1 0 0 9 5 9 1 0 0 0 29.3869648437503 30.6852050781264 30.6847753906235 3 2 2
37 0 0 0 4 3 2 0 1 0 0 28.1626328125003 22.323382812501 21.6531757812501 2 2 2
17 0 0 0 7 8 12 0 0 1 1 1.99769299316407 9.23667187499998 10.4407392578125 3 3 3
39 1 0 0 12 8 12 1 0 0 1 115.049242187496 278.097000000013 291.110874999991 2 3 3
38 0 1 0 8 12 12 1 0 0 0 0.961472717285158 73.929499999997 1.96809057617187 3 3 3
48 0 1 0 8 5 3 0 1 0 0 22.5679999999993 22.3730000000005 25.2501171874989 3 2 2
37 0 1 0 7 2 6 1 0 0 0 7.1044833984375 6.19206347656249 5.43166357421873 3 3 2
47 1 0 0 5 5 1 1 0 0 1 130.357140625002 26.7857148437494 32.9999999999994 3 2 2
26 0 1 0 2 1 3 1 0 0 0 7.87572607421877 1.3687001953125 7.9608671875 3 3 3
41 0 0 0 3 3 3 0 0 1 1 11.1499736328125 12.20774609375 12.6277724609376 3 3 2
83 0 0 0 5 6 2 1 0 0 1 6.88718701171874 7.09204199218753 7.75256250000002 2 2 2
79 0 0 1 3 2 2 1 0 0 0 2.36148242187501 2.69721166992187 6.71159570312497 2 2 2
69 0 0 1 5 6 3 1 0 0 1 10.7111425781249 8.8193935546875 12.2893125 2 3 2
66 0 1 0 7 3 8 1 0 0 0 6.35120458984373 8.346783203125 11.34519140625 3 3 3
34 0 1 0 7 9 8 1 0 0 0 20.9276289062501 21.0671015625001 23.4983007812498 2 3 3
32 0 1 0 2 1 3 1 0 0 0 17.2172871093751 18.450708984375 14.7006113281249 2 2 1
40 0 1 0 7 5 4 1 0 0 1 25.011029296874 26.516398437501 29.555662109374 3 3 3
37 0 0 0 6 5 4 1 0 0 0 20.308978515625 22.4861152343758 24.5356250000007 3 3 2
47 0 0 1 6 3 1 1 0 0 0 2.95199999999999 5.99462939453125 3.01199999999999 3 3 3
64 0 0 1 4 3 5 1 0 0 0 0.972193908691403 0.969454223632816 1.01945422363281 2 3 3
62 0 0 0 7 5 8 1 0 0 1 27.500000000001 27.428999999999 10.75 3 2 3
56 0 0 0 3 3 8 0 1 0 0 18.0600000000001 17.9000000000001 17.96 2 2 2
69 0 0 1 7 8 3 1 0 0 1 9.7796474609375 8.98965527343747 9.276806640625 3 3 2
40 0 0 1 2 5 2 0 1 0 0 9.24631445312501 8.13811621093747 13.3996416015626 3 3 3
71 0 0 0 3 3 4 1 0 0 1 13.49900390625 14.1039189453125 13.88293359375 2 2 2
67 0 1 0 4 6 2 1 0 0 0 2.37120458984374 6.97534130859375 2.36452246093751 2 2 3
75 0 0 0 6 5 4 0 1 0 1 8.39970703125002 6.78017529296874 7.20840136718748 3 3 3
67 0 0 0 1 2 3 0 1 0 1 8.00827294921877 8.63850390625001 9.65830957031252 2 3 3
37 0 0 0 8 7 6 1 0 0 1 24.9191699218746 25.1563652343744 23.0311152343743 2 2 2
54 0 0 0 6 4 4 1 0 0 0 4.71400000000001 8.88200000000003 12.3 3 3 3
26 1 0 0 6 5 4 1 0 0 1 20.2908496093749 18.7716874999999 21.8030585937501 3 2 3
52 0 0 0 5 5 2 1 0 0 0 11.162943359375 17.0343378906249 17.068001953125 2 1 1
66 0 1 0 2 3 4 1 0 0 1 8.82179199218753 11.5443251953125 10.259296875 2 2 2
20 1 0 0 6 6 6 0 0 1 0 7.67837207031253 9.75150097656252 9.80769921874994 2 2 2
58 0 0 1 8 6 4 1 0 0 1 17.5000000000001 17.7 19.16564453125 2 2 2
61 0 0 0 6 2 9 1 0 0 0 5.40945312500002 4.73351611328126 4.87651611328124 2 2 2
37 0 0 0 2 1 2 0 0 1 1 15.1000000000001 16.2199999999999 14.8799999999999 2 1 1
23 1 0 0 8 9 9 0 0 1 0 14.7500000000001 20.650033203125 27.1599999999991 2 2 2
20 0 0 0 7 8 11 0 0 1 0 10.6430908203125 11.277927734375 7.54830908203122 2 2 2
50 0 1 0 9 9 1 1 0 0 1 19.6703906250001 6.33095556640623 15.336 2 3 2
51 0 0 0 6 4 2 1 0 0 0 8.05999999999997 8.21599999999996 8.47600000000001 2 2 3
29 0 1 0 12 12 12 0 0 1 1 13.4000546875 23.6600000000005 22.686917968751 2 2 3
24 1 0 0 8 6 6 1 0 0 0 19.0928847656249 21.5050000000001 23.7500000000003 3 3 3
23 0 0 0 6 3 9 0 0 1 0 12.0880000000001 11.05 12.4145 3 3 3
49 1 0 0 7 8 4 1 0 0 0 43.0975468749984 50.2675195312498 46.5473984375011 2 2 2
39 1 0 0 9 6 9 1 0 0 1 47.9999999999987 50.2499999999989 51.1000000000002 2 2 2
55 0 0 0 3 2 2 0 1 0 0 3.73700878906249 8.25568750000002 4.22352880859373 3 2 1
35 0 1 0 12 12 12 0 0 1 0 17.4499999999999 56.0499999999997 61.3999999999979 3 3 2
36 0 1 0 3 3 5 0 0 1 0 24.4012988281262 24.5392382812502 24.7627792968739 2 2 2
25 0 0 0 12 12 12 0 0 1 1 27.0207851562494 30.8475742187489 36.3114140625012 3 2 3
47 0 0 0 9 6 9 0 0 1 0 47.4999999999984 46.1413359375007 49.2000000000001 2 2 3
38 1 0 0 8 8 9 0 0 1 0 41.2793281249991 7.90093261718747 103.625 2 2 2
45 0 1 0 2 3 8 1 0 0 1 24.9593808593749 25.3733515624997 24.3815000000005 2 2 3
47 0 0 0 2 3 2 1 0 0 0 2.98321069335937 5.02510839843752 0.522857116699218 2 3 2
20 0 0 0 10 7 10 0 0 1 0 8.94683593749999 9.93610937500001 11.6425683593751 3 3 3
39 0 1 0 3 3 3 1 0 0 0 0.973209411621095 1.885384765625 2.71229248046874 2 2 3
42 1 0 0 7 9 7 0 0 1 1 65.801398437499 64.2698164062504 67.832742187499 2 3 3
49 0 0 0 12 12 12 0 1 0 0 99.8864999999966 104.762999999997 104.316984374998 3 3 3
66 1 0 0 4 2 2 1 0 0 0 6.23868310546877 6.12713085937503 6.35430126953124 2 2 2
40 1 0 0 6 9 5 1 0 0 1 39.0138554687506 38.5138554687513 45.4999999999981 2 2 2
38 1 0 0 1 4 1 1 0 0 0 32.3901113281235 37.1629101562488 39.3485585937506 2 2 2
32 0 0 0 5 4 4 1 0 0 1 17.4736347656249 18.4893554687499 19.0810957031249 2 3 3
30 0 1 0 4 4 2 1 0 0 0 5.41776562500001 4.69675048828125 3.57834374999999 3 2 2
35 0 1 0 10 7 10 1 0 0 1 34.4696601562504 35.0267890625 35.5272500000006 2 3 3
41 1 0 0 2 1 2 1 0 0 0 1.34606176757813 1.30712878417969 1.34277770996094 3 3 3
60 0 0 1 2 5 8 1 0 0 0 2.52938232421875 8.87810449218748 5.50627880859377 1 2 2
35 0 0 0 2 2 4 1 0 0 1 27.3247929687509 29.7843632812509 14.643533203125 2 2 2
33 0 1 0 9 3 7 1 0 0 1 29.7500000000007 28.6610859374986 31.911085937499 2 2 3
83 0 1 0 1 5 1 0 1 0 0 2.47545336914062 5.441373046875 4.89828466796877 3 3 2
21 0 0 0 2 1 9 0 0 1 0 4.32807470703125 16.500208984375 0.823253540039058 3 3 3
38 0 0 0 10 12 6 1 0 0 1 28.7362910156259 31.2000000000008 31.8499999999997 3 2 3
38 1 0 0 6 1 11 1 0 0 0 2.06459423828125 1.89433166503906 13.5076396484375 2 2 3
39 0 1 0 2 2 3 1 0 0 1 10.7290449218749 12.9759814453125 24.0462421874999 2 2 2
56 0 0 1 3 4 3 1 0 0 0 8.82400000000001 9.55799999999997 14.822 2 3 3
31 0 0 0 4 3 3 1 0 0 0 6.79460156249997 7.25746093750002 6.77221582031248 3 3 3
55 1 0 0 2 2 2 1 0 0 0 10.602771484375 14.7055429687499 15.45554296875 3 3 3
59 0 1 0 1 2 1 1 0 0 0 18.4239628906249 18.3673222656251 21.60990234375 3 3 2
33 0 1 0 4 5 2 1 0 0 1 24.9629687499996 25.3875292968761 23.3367285156261 2 2 2
34 0 0 0 4 2 3 1 0 0 1 39.4999999999995 22.2500000000003 58.2892656249985 3 2 2
34 1 0 0 12 7 7 1 0 0 1 23.8563515625004 27.5826464843753 30.0699042968752 3 3 2
42 0 1 0 2 3 1 1 0 0 1 25.4847988281256 29.057197265625 31.7704394531243 2 2 1
35 0 0 0 6 2 9 1 0 0 0 9.70170312500005 1.64745727539061 8.93571777343753 3 3 3
39 0 1 0 9 3 9 1 0 0 1 15.049 15.6051572265625 16.6041582031251 2 2 2
38 0 0 0 4 6 4 0 1 0 0 15.0281796875001 11.763513671875 11.875240234375 3 3 3
31 1 0 0 5 4 3 0 1 0 0 19.164935546875 30.6264296874985 31.4121250000003 2 2 3
37 0 0 0 12 12 5 1 0 0 1 18.9041015624999 24.5046191406247 20.690619140625 2 2 3
39 0 1 0 2 4 3 1 0 0 0 3.84602758789064 3.42950048828125 8.83088964843751 3 3 3
35 0 1 0 3 1 1 1 0 0 0 1.72063562011719 7.63324560546877 2.93284057617188 3 2 3
48 1 0 0 6 4 5 1 0 0 0 23.2732500000003 24.6789843750008 28.418390625 3 2 2
30 0 0 0 2 4 9 1 0 0 0 11.774986328125 14.474669921875 10.341388671875 3 3 3
45 0 0 0 4 6 6 1 0 0 1 21.308314453125 22.5173222656245 24.1044433593759 2 2 2
43 0 0 0 7 9 4 1 0 0 1 6.98416259765624 2.23404223632814 7.07514355468747 3 3 3
36 0 0 0 4 1 3 1 0 0 0 7.61619287109374 7.76620898437501 1.69121655273437 2 3 3
48 0 1 0 2 4 1 1 0 0 1 17.1599999999999 14.095865234375 7.02321679687504 3 3 3
31 0 0 0 4 5 6 1 0 0 0 9.64295117187496 9.05035937499995 12.0733789062499 3 3 3
41 0 0 0 3 5 4 1 0 0 1 18.7224023437501 19.292841796875 20.6570156249999 3 2 2
16 0 0 0 4 3 6 0 0 1 1 0.06 0.06 0.915372192382808 3 3 3
32 0 1 0 2 2 2 1 0 0 0 25.1582851562497 20.7521074218749 22.4030214843746 2 2 2
35 1 0 0 4 4 7 1 0 0 0 13.928109375 6.31296679687502 14.4447597656249 2 2 3
49 1 0 0 6 12 12 1 0 0 0 17.7710859375 19.4533945312499 21.25478125 3 3 3
37 0 1 0 3 9 4 1 0 0 1 39.9667421874997 38.6538476562504 43.4285703124986 2 2 2
47 0 0 1 4 2 2 1 0 0 0 10.725 12.8999999999999 9.04295605468745 2 2 2
43 0 1 0 3 2 1 1 0 0 0 21.927486328125 23.0930136718753 23.9445136718742 2 3 3
37 0 0 0 7 6 3 1 0 0 0 1.13689147949219 0.295856689453126 7.18946874999996 3 3 2
41 0 0 0 4 3 7 1 0 0 1 17.5297460937501 9.7428017578125 9.41579101562503 2 2 1
56 0 0 0 5 7 4 1 0 0 1 13.9533408203125 19.07453125 15.97774609375 2 2 2
33 1 0 0 7 6 1 1 0 0 0 21.1379999999999 25.9049238281255 11.4219521484375 2 3 2
35 1 0 0 3 5 9 1 0 0 1 59.2971484375023 59.4208320312498 64.3972460937505 2 2 3
37 1 0 0 12 4 1 1 0 0 1 74.5181562500031 78.0600468749967 79.2609687499974 3 3 3
38 0 0 0 4 4 5 1 0 0 0 41.1314101562505 37.4286367187507 31.1786699218736 2 2 2
38 1 0 0 12 9 1 1 0 0 0 35.6911250000003 36.6376171875009 37.2123789062516 2 2 2
43 1 0 0 5 3 3 1 0 0 1 122.499999999998 84.576921874999 0.101199996948242 3 3 3
32 0 1 0 3 7 6 1 0 0 0 10.6921943359375 13.133609375 16.4676972656251 3 3 3
32 0 1 0 5 5 7 1 0 0 1 34.826789062501 37.1080039062495 36.5138554687508 3 2 2
39 0 0 0 10 9 1 1 0 0 1 41.43187109375 40.7353359374985 22.1632499999996 2 2 2
36 0 1 0 1 2 2 1 0 0 0 2.081701171875 11.842171875 9.09302343750002 3 3 3
49 0 0 0 4 4 3 1 0 0 1 3.47245141601563 18.22534375 25.0029648437511 2 3 2
37 0 0 0 5 7 4 1 0 0 1 16.285302734375 16.257302734375 22.6361582031242 2 2 2
35 0 0 0 5 4 4 1 0 0 0 8.11553173828124 7.66097998046873 8.17521728515626 3 3 2
48 0 0 1 3 2 3 1 0 0 0 1.62375 3.79308032226563 8.01275976562501 2 3 2
40 0 1 0 10 10 9 0 1 0 1 97.0739062499958 104.588742187503 87.0646640624975 2 2 2
33 0 1 0 12 7 6 1 0 0 1 25.0227558593739 24.0184765625001 25.8016464843746 3 3 3
38 0 0 0 2 2 2 1 0 0 0 4.63494531249999 4.75739990234376 6.76397607421872 2 2 2
33 0 0 0 3 6 6 1 0 0 0 33.2833710937507 34.2381054687491 39.1227031250001 2 3 2
50 0 1 0 4 1 3 1 0 0 0 7.1058173828125 7.14449999999997 7.1419501953125 2 2 1
38 1 0 0 3 6 7 1 0 0 0 0.769770263671873 3.33284057617186 3.44010742187501 2 2 2
47 0 1 0 6 4 3 1 0 0 1 33.3840000000004 36.5622734374994 41.37226953125 3 3 3
38 0 1 0 6 8 3 1 0 0 0 2.35096459960938 4.63080126953124 4.78516015625 2 2 3
62 0 0 0 2 1 5 1 0 0 1 10.32925 10.86528125 10.9132812500001 2 2 2
36 0 0 0 5 9 9 1 0 0 1 17 17.5600000000001 21.4999999999999 2 3 3
39 0 1 0 3 2 4 1 0 0 1 26.1620234375006 25.0031328125004 25.9219394531242 2 3 2
33 0 1 0 3 3 3 1 0 0 0 19.3644667968749 12.894802734375 15.7724130859375 3 3 3
38 0 0 0 2 2 3 1 0 0 0 4.78891552734376 4.39141796874999 5.85189453124998 3 2 2
33 0 0 0 6 7 7 1 0 0 0 7.5072412109375 8.15269238281252 7.77199462890625 3 3 3
40 0 0 0 2 3 4 1 0 0 0 9.32616406249996 12.617107421875 13.8285039062499 3 3 3
30 0 0 0 5 6 6 1 0 0 0 14.104849609375 15.0732705078124 17.077560546875 3 2 3
35 1 0 0 4 7 6 1 0 0 0 21.9455156249999 20.3262558593749 21.068240234375 2 2 3
42 0 0 0 8 9 9 1 0 0 1 26.0029999999997 26.2151621093757 27.956662109374 3 3 2
47 0 0 0 6 4 6 1 0 0 1 25.0092382812505 15.213541015625 18.4041582031249 2 2 1
40 0 0 0 6 7 9 1 0 0 0 10.9858515625 16.2445976562501 15.0768212890625 2 2 1
43 0 1 0 1 3 5 1 0 0 0 7.91977197265623 4.96714306640624 9.39852441406252 2 1 2
18 0 1 0 11 6 10 0 0 1 0 3.77868847656251 7.23744189453126 10.1237880859375 2 2 2
33 1 0 0 3 4 3 0 0 1 1 27.12417578125 27.3302402343737 30.0106249999985 3 3 3
32 0 1 0 5 2 5 1 0 0 0 22.4422617187496 25.4115488281245 25.6937656249988 2 2 2
31 0 1 0 6 7 9 1 0 0 1 55.6049101562526 86.9999999999981 109.000000000002 2 2 3
45 0 0 0 1 1 1 1 0 0 0 10.3988583984376 9.9426337890625 9.43278906250002 2 2 2
28 0 1 0 3 1 3 1 0 0 0 7.118857421875 10.04800390625 12.2460332031249 2 3 2
48 0 0 1 8 12 4 1 0 0 1 39.4900195312496 34.4588515625013 46.4383515624987 3 2 2
33 0 0 0 4 6 12 1 0 0 1 30.6000000000008 32.0999999999998 36.7999999999992 3 3 2
38 0 1 0 2 2 1 0 1 0 0 22.739277343749 21.31416796875 18.2997382812501 2 2 2
39 0 1 0 5 5 1 1 0 0 1 29.0964550781262 29.6463789062515 30.376890625 2 1 2
37 0 1 0 5 3 2 1 0 0 0 2.120814453125 2.01547656250001 1.6329765625 2 2 2
32 0 1 0 4 4 7 1 0 0 1 20.163509765625 21.213689453125 22.2189062499993 2 2 2
38 0 0 0 8 7 4 1 0 0 0 35.1304218750014 43.0154921874982 45.4031171874984 2 2 2
31 0 1 0 4 5 3 1 0 0 0 13.6081982421875 16.525412109375 15.7175771484375 2 3 3
59 0 0 0 1 8 5 1 0 0 1 5.644046875 4.98150341796877 13.714869140625 3 3 3
51 0 1 0 5 5 5 1 0 0 1 11.0387353515625 9.60982324218751 15.9436826171875 2 3 2
61 0 0 0 6 3 4 1 0 0 1 11.854080078125 10.9872734375 11.5489599609375 2 2 2
36 1 0 0 7 8 6 1 0 0 1 35.76219921875 37.7789843749996 39.5303710937504 2 3 2
41 0 1 0 8 6 4 1 0 0 1 4.28999999999999 12.213 24.8396718749999 2 2 3
39 0 0 0 5 2 5 1 0 0 0 3.95040185546873 14.85772265625 7.35962939453124 2 3 2
32 0 1 0 3 3 1 1 0 0 1 20.5785742187499 18.9669414062501 13.2150722656251 3 3 3
36 0 1 0 3 6 9 1 0 0 0 11.212943359375 11.9323369140625 10.264912109375 2 2 2
35 0 0 0 12 12 12 1 0 0 1 4.62399999999999 7.77099999999998 12 2 2 3
37 1 0 0 5 6 6 1 0 0 0 21.316318359375 24.5766874999991 27.8755488281238 2 2 2
33 0 1 0 4 2 3 1 0 0 0 9.59538085937503 13.210162109375 18.1486738281249 3 3 3
30 0 1 0 2 7 8 1 0 0 0 1.76995678710938 1.88924047851563 2.20210375976563 3 3 3
36 0 1 0 2 4 6 1 0 0 0 17.856640625 18.26605078125 19.0521972656251 2 2 2
39 1 0 0 7 7 7 1 0 0 0 20.25923828125 20.65 20.5602832031249 2 2 3
29 0 1 0 4 3 2 1 0 0 1 11.29373046875 16.1155136718751 36.2118984375001 2 3 3
36 0 1 0 8 9 4 0 0 1 1 20.3605937499999 17.1697578125 17.3634765625 3 2 2
28 0 1 0 2 3 2 1 0 0 1 19.8587402343751 21.1477128906251 23.4291914062503 2 2 3
55 0 1 0 6 6 5 1 0 0 1 46.2500000000013 44.1230781249979 50.0230781250011 2 2 2
70 0 1 0 6 2 1 1 0 0 1 14.8758437500001 13.49468359375 16.331083984375 3 3 3
56 0 1 0 3 4 10 1 0 0 1 29.7583730468752 31.3031230468751 31.7499999999988 2 3 2
28 0 0 0 5 1 1 1 0 0 0 4.28678515625001 5.76812353515623 5.10671484375 2 3 2
34 0 1 0 12 7 9 1 0 0 1 32.7249414062508 32.1100585937502 37.5286367187495 3 3 3
61 0 0 1 5 7 8 0 1 0 1 17.2719999999999 17.0359999999999 19.1079999999999 2 2 2
30 0 0 0 3 2 3 1 0 0 1 21.4060859375 15.779474609375 15.06398046875 3 3 3
44 0 0 0 3 1 5 1 0 0 0 8.48546191406248 9.27003125000004 9.558779296875 2 3 3
67 0 0 1 2 6 2 1 0 0 1 6.61940673828125 6.92764404296872 7.10167138671875 2 2 2
43 0 0 0 9 12 10 1 0 0 0 8.20323339843755 16.2124716796875 25.5092382812507 3 3 3
37 0 1 0 2 3 2 1 0 0 1 38.5270742187482 30.6000000000008 31.0000000000005 3 3 3
29 0 1 0 5 6 5 1 0 0 1 24.00828515625 17.0978515625 14.8899999999999 3 2 2
33 0 1 0 1 2 5 1 0 0 0 2.87340478515626 7.6192744140625 7.88696777343752 3 3 3
32 0 0 0 6 3 12 1 0 0 1 14.061658203125 14.9623505859375 16.0906660156249 2 3 2
30 1 0 0 4 3 4 1 0 0 0 6.35503515624999 31.8714218749996 35.0146171874984 3 3 3
35 0 0 0 3 3 3 1 0 0 0 17.089693359375 16.2537900390625 17.00759375 3 3 3
46 0 1 0 8 8 8 1 0 0 1 28.9043398437499 27.095017578125 28.5115468750002 2 2 2
27 0 1 0 11 8 9 1 0 0 1 17.87271875 21.4158203125 19.5535703125 2 2 3
39 1 0 0 1 4 6 1 0 0 1 27.1447050781248 37.020671874999 6.05450976562502 2 3 3
39 0 1 0 1 1 1 1 0 0 0 2.13171044921874 4.94198291015625 6.55753466796874 2 2 2
40 0 0 0 1 2 2 1 0 0 1 14.8552158203125 15.8624111328124 21.225330078125 2 3 3
43 0 0 1 3 4 4 1 0 0 1 14.56 16.12 16.694265625 2 2 2
53 0 0 0 3 4 4 1 0 0 0 11.5415419921875 11.7321425781249 14.2074892578125 2 2 2
40 0 0 0 3 4 7 1 0 0 1 29.8262148437502 27.8975585937511 24.0999999999989 3 3 3
52 1 0 0 9 9 5 0 0 0 1 37.6953437499997 39.8415234374993 32.4617128906265 3 3 2
33 0 1 0 7 9 3 1 0 0 1 10.7158359375 30.8569472656252 15.6347431640625 3 3 3
30 0 1 0 4 3 1 1 0 0 0 29.8660351562506 28.2918164062486 29.2038867187513 2 2 2
32 0 0 0 2 1 3 1 0 0 0 8.75178710937499 11.385935546875 6.14755712890625 2 2 2
30 1 0 0 6 9 10 1 0 0 1 43.3625507812505 35.5251718750017 37.4012812499992 2 2 3
33 1 0 0 4 3 3 1 0 0 0 5.67804638671878 7.47557177734376 8.07446191406253 3 3 2
28 0 1 0 4 4 3 0 1 0 0 18.6720234374999 21.5030546874999 11.6004638671875 3 3 3
58 0 0 0 9 12 12 1 0 0 1 2.71317114257814 13.404 16.3320000000001 2 2 2
42 1 0 0 5 4 12 1 0 0 1 42.8984726562495 50.2193984374986 52.4999999999992 2 2 2
19 0 1 0 5 5 6 0 0 1 1 0.0999999999999999 5.17946191406253 2.29698681640625 3 3 3
34 0 0 1 3 2 3 1 0 0 0 3.688330078125 3.67891333007812 3.83327490234375 3 2 2
56 0 0 0 2 5 4 1 0 0 1 75.3141093750003 57.0927421875012 75.5052578124975 3 3 3
29 0 0 0 6 6 9 1 0 0 1 33.9937265625015 33.3197148437495 32.5322910156256 2 3 2
34 0 0 0 4 7 10 1 0 0 1 23.6115468749992 40.9204804687505 27.4711328125011 3 3 3
38 0 0 0 4 2 4 1 0 0 0 15.0641025390625 15.5507939453125 14.9177207031251 3 3 3
29 0 1 0 2 3 1 1 0 0 0 20.5423886718751 22.3808339843753 23.4180136718757 2 2 2
34 0 1 0 4 6 5 1 0 0 1 162.58825 38.3923281250001 31.6160507812492 2 2 2
32 0 1 0 6 6 2 1 0 0 0 5.56262695312499 10.0181103515625 6.85624609374996 3 3 3
33 0 1 0 9 12 10 1 0 0 1 60.999999999997 60.8000000000025 55.7999999999999 3 3 2
35 0 1 0 2 3 2 1 0 0 1 32.7500000000001 34.0999999999997 35.7753203125011 2 2 2
35 1 0 0 8 6 8 1 0 0 1 41.5913906250012 43.4411093750021 45.2145507812511 3 2 3
31 0 0 0 2 2 5 1 0 0 0 11.45126171875 11.2046191406251 10.6641572265625 3 2 2
37 0 0 0 9 11 7 1 0 0 1 36.7162695312514 28.0008359374998 30.7835664062506 3 2 2
36 0 1 0 6 3 6 1 0 0 0 24.7000000000008 10.2864501953125 4.28407177734373 3 3 2
36 0 0 0 3 3 3 1 0 0 0 3.67997705078123 3.56531347656252 2.91065014648437 3 3 2
61 1 0 0 9 3 1 1 0 0 1 44.5957265624995 50.6383359374975 46.8537695312494 2 3 2
47 0 0 1 8 5 6 1 0 0 1 35.8751796875007 37.57448828125 37.0244843749983 2 2 2
29 1 0 0 3 3 11 1 0 0 0 18.64423046875 13.8221113281251 14.51614453125 3 3 3
34 0 0 0 9 4 6 1 0 0 0 0.86571423339844 12.1651142578125 13.2702080078125 3 3 3
40 0 0 0 6 3 4 1 0 0 0 3.96618139648437 1.57419873046876 5.13928027343748 2 2 3
40 0 0 0 1 1 3 1 0 0 0 22.2993261718742 22.1981542968758 26.3619570312507 2 2 2
29 0 1 0 6 2 5 1 0 0 1 21.65417578125 21.84 23.7132304687508 3 2 2
40 0 0 0 3 1 3 1 0 0 0 9.66556347656251 13.2537373046875 7.57689208984376 3 3 3
32 1 0 0 1 2 1 1 0 0 0 13.562 4.54561474609376 2.97463208007812 2 2 1
25 0 1 0 6 1 4 0 0 1 0 22.1804062499996 23.1788964843753 25.5741679687496 2 3 2
44 0 0 0 6 12 4 1 0 0 1 32.5600000000008 24.7000000000008 25.9999999999995 3 2 2
32 0 0 0 12 12 12 1 0 0 1 16.7330117187499 27.8873730468741 26.1300000000011 3 2 3
53 1 0 0 2 5 5 1 0 0 1 0.0500000000000002 9.20663867187505 13.5943095703125 3 2 2
32 0 0 0 2 2 3 1 0 0 0 22.9108789062504 25.2582382812488 26.4571582031261 2 2 2
55 0 0 1 2 1 4 1 0 0 1 8.96224023437501 10.4413798828125 10.427400390625 3 3 3
35 0 0 0 11 12 10 0 1 0 1 30.5100371093748 32.5136992187514 33.5536992187507 2 2 2
35 0 0 0 4 9 6 1 0 0 0 6.762701171875 11.83215234375 17.0720703125 3 2 2
32 0 1 0 4 3 6 1 0 0 1 44.0000000000001 44.8000000000011 51.8000000000013 3 3 3
32 1 0 0 2 2 2 1 0 0 0 3.08894531250001 1.98095349121095 2.59548706054687 3 3 3
34 0 0 0 4 3 3 1 0 0 1 23.4110312499995 23.9755117187495 25.5284101562493 2 2 2
29 0 0 0 4 5 3 1 0 0 0 7.01448095703125 5.76026464843747 9.81277343750003 2 2 2
32 0 1 0 6 6 10 1 0 0 1 23.0500000000001 23.0799999999992 24.6799999999994 3 2 2
27 0 0 0 3 3 6 1 0 0 0 10.7959775390625 9.82901367187497 10.041416015625 2 3 3
73 0 0 1 2 3 2 1 0 0 0 4.25419677734377 4.07431372070312 4.16889453124998 3 3 3
35 0 0 0 3 3 3 1 0 0 0 17.4133945312501 17.713625 21.13 3 3 2
39 0 0 1 9 6 8 1 0 0 1 18.2000000000001 12.0698759765625 8.17262646484376 2 3 3
39 0 1 0 8 4 12 1 0 0 1 34.9184140625007 39.6928632812487 38.1249999999995 2 3 2
34 0 0 0 2 7 5 0 1 0 1 12.37467578125 12.8983994140625 17.09385546875 2 2 3
35 0 1 0 2 7 8 1 0 0 0 14.2467275390625 15.3131279296874 14.543859375 2 2 2
42 0 1 0 4 3 5 1 0 0 1 19.7121015625 20.818626953125 20.610962890625 2 3 2
54 0 0 0 3 4 4 1 0 0 0 18.680138671875 19.045966796875 20.1195117187499 3 3 3
50 1 0 0 1 1 1 1 0 0 0 28.8550546875002 29.3550546875005 31.7851875000008 2 2 1
37 0 0 1 3 12 12 1 0 0 1 17.3 17.4499999999999 21.1999999999999 3 3 2
32 0 1 0 5 4 1 0 0 1 0 19.537125 24.2599335937499 24.3696640625002 2 2 2
39 0 1 0 7 7 5 1 0 0 0 27.3739785156255 28.2043164062495 29.1543828124992 2 2 2
34 1 0 0 2 1 2 1 0 0 0 23.4182617187502 23.5205058593758 24.2193535156247 2 3 3
37 0 0 1 4 3 1 1 0 0 0 6.51573974609376 8.64185351562501 5.92343847656248 1 1 2
43 0 0 0 3 3 3 1 0 0 0 1.40606176757813 1.46496667480469 1.57842028808594 3 3 3
52 1 0 0 4 5 4 1 0 0 1 20.27292578125 20.2834648437499 20.6036953125 2 2 2
25 0 0 0 3 3 3 1 0 0 0 17.0069999999999 18.2000000000001 19.3379999999999 2 2 2
46 0 0 1 5 5 3 1 0 0 0 8.91213671875001 9.76302734374998 8.02047900390622 1 3 2
34 0 0 0 5 5 1 1 0 0 0 10.5089824218751 18.5093554687499 18.805056640625 3 2 3
31 1 0 0 8 9 3 1 0 0 1 19.33316796875 26.1718515624989 32.3295000000007 2 3 3
29 0 0 0 9 4 9 0 1 0 1 16.9464296875 15.64904296875 12.00923828125 3 2 2
40 0 1 0 4 5 7 1 0 0 1 14.63928515625 12.428619140625 18.2424414062501 2 2 2
33 0 0 0 12 7 8 1 0 0 1 18.294388671875 17.4133945312501 18.0138574218751 2 2 1
42 0 0 0 8 9 9 1 0 0 1 24.8399999999996 27.7225000000008 28.3224999999988 2 2 2
36 1 0 0 2 3 1 1 0 0 0 10.63269140625 10.95453515625 10.7683310546875 3 2 2
43 0 1 0 8 8 6 1 0 0 1 6.65 6.52739697265628 6.70000000000002 3 3 3
36 1 0 0 3 1 2 1 0 0 0 37.4987460937517 38.2414765625015 39.1056796874985 3 3 3
32 0 1 0 12 8 10 1 0 0 1 49.759585937499 52.8406484375017 60.3362343749993 3 3 2
57 0 1 0 7 9 6 1 0 0 0 10.14 15.9369873046875 22.9866718750008 2 2 2
44 0 1 0 2 1 12 1 0 0 1 18.78421875 18.9617148437499 18.525126953125 2 2 3
27 0 0 0 9 3 6 1 0 0 0 1.371701171875 4.78799414062498 8.79012792968748 3 1 2
32 0 0 1 3 3 8 1 0 0 1 23.897408203125 26.5387636718757 22.4512636718754 2 2 2
36 1 0 0 7 6 4 1 0 0 1 51.6800000000009 57.1099999999995 81.1375156249968 2 3 2
27 0 0 0 3 4 3 1 0 0 1 19.6855625 18.9072187500001 18.434 2 2 3
44 0 1 0 12 11 4 1 0 0 1 32.8625859375007 34.3764453124989 36.0277148437514 2 2 3
67 0 1 0 5 5 4 1 0 0 0 11.7874960937499 13.7333525390624 7.03639111328122 3 3 3
34 1 0 0 2 2 2 1 0 0 1 28.55196484375 29.3325644531246 31.112669921876 3 2 2
29 0 0 0 7 6 5 1 0 0 0 18.03929296875 9.07116210937502 10.18709375 2 2 2
56 1 0 0 3 2 3 1 0 0 1 35.1489726562509 9.11400000000002 24.2747675781243 2 1 2
32 0 1 0 3 4 12 1 0 0 1 26.2822187499995 26.6121289062488 28.1976894531261 2 2 2
33 0 0 0 2 3 4 1 0 0 1 25.8192324218743 30.2692304687494 30.2000000000012 3 3 3
23 0 0 0 9 5 7 0 0 1 0 6.65296142578126 14.36958203125 16.0655556640624 2 3 2
34 0 1 0 6 7 9 1 0 0 1 19.1307695312499 23.5153828125004 42.6428554687506 3 3 3
28 0 1 0 3 1 3 1 0 0 0 6.38979443359377 10.5618193359375 10.0617646484375 3 3 2
34 0 1 0 10 10 10 1 0 0 1 34.826789062501 34.2263281249994 37.2286367187507 2 2 2
35 0 1 0 8 10 9 1 0 0 1 59.977140624998 13.014466796875 43.6187929687487 3 2 3
59 0 1 0 2 2 2 0 1 0 0 19.146107421875 22.5223164062496 22.8345546875006 3 2 3
42 0 0 0 9 8 6 1 0 0 1 16.146 16.888734375 16.666 2 3 3
49 0 1 0 12 6 10 1 0 0 1 14.8739541015625 15.0857734375 14.3973437500001 3 3 3
25 0 0 0 4 4 9 1 0 0 1 19.12538671875 17.4133945312501 18.89683203125 3 3 3
34 0 0 1 1 1 1 1 0 0 0 10.08896484375 9.41595996093751 5.37390039062501 2 2 1
27 0 1 0 3 2 3 1 0 0 0 1191.10349999997 15.478392578125 18.788623046875 3 3 3
27 0 1 0 3 3 1 1 0 0 1 19.2051972656251 17.4217988281251 24.8734902343761 3 3 2
49 0 1 0 6 4 4 1 0 0 1 18.3140878906251 15.912240234375 18.3729335937501 3 2 2
42 1 0 0 10 10 11 1 0 0 1 35.2773242187508 42.2286367187495 40.931410156249 3 2 2
35 1 0 0 3 4 3 1 0 0 0 21.1161660156251 16.5284179687499 10.842125 3 3 3
28 0 0 0 6 12 7 0 1 0 1 16.5965 12.0098505859374 12.97491015625 2 3 2
30 0 0 0 4 2 5 1 0 0 0 0.794817321777343 0.797526733398437 4.84825976562498 3 3 3
44 0 1 0 12 12 3 1 0 0 1 0.657142883300782 8.11037304687497 0.000600000023841858 2 2 2
33 0 1 0 6 9 9 1 0 0 0 18.814318359375 19.33478125 20.1152421875001 2 2 2
28 1 0 0 2 1 3 1 0 0 0 14.72497265625 1.2524541015625 7.1908408203125 2 2 3
29 0 0 0 5 6 4 1 0 0 0 10.3049326171875 9.78759667968754 10.75924609375 2 2 2
50 0 0 1 9 12 12 1 0 0 1 17.4199999999999 13.533 10.543 2 3 3
29 0 1 0 3 2 4 1 0 0 0 11.10950390625 8.92214355468746 6.50922656250002 3 3 3
32 0 0 0 10 7 6 1 0 0 0 7.14396191406248 1.9039005126953 7.10367822265628 3 3 3
33 0 1 0 2 6 9 1 0 0 0 22.0821230468759 17.9927363281249 13.1659462890624 3 2 2
47 0 0 0 7 2 5 1 0 0 1 18.914318359375 18.4101621093749 17.2536953124999 2 2 2
28 0 0 0 6 4 11 1 0 0 1 15.5063369140625 15.6 15.7356259765625 2 2 2
31 0 0 0 12 9 7 1 0 0 1 21.94676953125 22.336 22.7760000000006 2 2 2
45 0 1 0 8 9 6 1 0 0 1 15.7561337890625 17.8331113281249 20.51624609375 3 3 3
33 0 0 0 2 2 5 1 0 0 0 4.68577441406247 5.18193749999997 5.42813378906248 3 2 2
38 1 0 0 9 12 9 1 0 0 0 33.3296874999987 42.4375390624996 46.3056523437502 3 3 3
36 1 0 0 2 1 3 1 0 0 0 17.545712890625 17.939373046875 19.2196093750001 3 2 3
29 0 0 0 6 3 5 0 0 1 0 14.410734375 16.72980859375 11.18926171875 2 2 2
27 0 0 0 4 8 9 1 0 0 1 14.6332568359375 16.3815556640624 16.8069296874999 3 3 2
43 1 0 0 12 6 4 1 0 0 1 41.5513867187488 42.3803710937505 34.1667421874999 3 2 3
39 0 0 0 3 3 4 1 0 0 0 17.357048828125 13.3622763671875 9.31780468750002 3 2 2
33 0 0 0 6 5 4 1 0 0 1 20.7499999999999 17.2327636718751 23.753677734374 3 2 3
37 1 0 0 3 1 3 1 0 0 0 39.6682421875007 39.2269179687493 40.4750976562495 3 3 3
30 1 0 0 2 7 9 0 1 0 1 41.5000000000004 45.000000000002 47.2999999999988 2 3 3
30 0 0 0 5 9 4 1 0 0 1 96.6323593749975 24.0537382812499 25.8890078124988 3 3 3
42 1 0 0 9 12 8 1 0 0 0 62.4237656250002 65.3915468749999 88.8289609374989 3 2 3
39 1 0 0 9 7 12 1 0 0 1 62.6480390625016 63.3016015624976 10.857375 2 2 2
51 0 0 1 2 2 3 1 0 0 0 11.934 11.96 11.18 2 3 2
65 0 0 0 1 3 3 1 0 0 0 7.24081835937499 5.38011572265623 5.61203857421877 2 2 2
37 0 0 0 7 9 5 1 0 0 0 1.43579919433594 5.8142294921875 6.32876025390628 2 2 3
40 1 0 0 3 3 1 1 0 0 0 24.5759023437495 25.6777421874998 26.9477031250009 3 2 3
42 0 1 0 10 7 2 1 0 0 0 16.3422939453125 17.589638671875 18.43669140625 3 3 3
49 1 0 0 12 12 12 1 0 0 0 34.2017968750005 35.8115468750006 38.4141757812491 3 3 3
39 1 0 0 3 8 7 0 1 0 1 9.85434960937497 22.131685546876 23.8323339843739 2 2 3
47 1 0 0 3 4 2 1 0 0 0 1.850078125 1.98095349121095 2.33753833007814 3 3 3
36 0 0 0 7 2 3 1 0 0 0 10.0451835937499 12.1737724609375 22.5019257812511 2 2 3
40 0 0 0 8 2 12 1 0 0 1 6.10080175781248 18.550599609375 20.0000000000001 2 2 2
32 0 1 0 3 5 7 1 0 0 0 2.86980932617188 4.30758398437502 18.6557265624999 3 3 3
34 0 1 0 3 1 2 1 0 0 1 25.8198613281255 26.4203242187494 27.9740429687502 3 2 3
36 1 0 0 12 12 12 1 0 0 1 25.0573222656249 37.8435546874986 53.3219375000017 2 2 3
60 0 1 0 5 2 2 1 0 0 1 13.6444345703125 14.7653125 16.3563515624999 3 2 3
31 0 1 0 7 6 7 1 0 0 1 15.7381064453124 17.605982421875 16.896998046875 2 2 2
32 0 1 0 5 4 4 1 0 0 1 15.7120097656249 15.326654296875 15.6768847656249 3 3 3
31 1 0 0 7 4 2 1 0 0 1 21.5349003906249 24.7705253906253 24.925173828126 2 3 3
35 0 1 0 4 6 2 1 0 0 0 6.38021777343746 1.95522717285156 3.73311303710938 2 2 3
39 1 0 0 9 5 5 1 0 0 1 41.1812929687515 42.4445703124981 45.8607382812496 3 2 2
31 0 0 0 5 3 10 1 0 0 1 12.685716796875 11.8219863281251 13.9405869140625 2 2 2
47 0 0 0 4 8 3 1 0 0 0 23.802078125 24.0413906249988 34.2916406249999 3 3 2
65 0 0 1 3 1 1 1 0 0 0 4.54046386718752 6.75460009765629 4.70965527343752 3 2 2
34 0 1 0 4 3 4 1 0 0 1 21.61662890625 23.567597656251 27.6212480468762 2 2 3
24 0 0 0 9 5 9 1 0 0 1 15.2240000000001 18.2399999999999 22.9320000000006 3 2 3
36 0 0 0 2 4 4 1 0 0 1 24.1572460937503 23.601335937499 15.20396484375 3 3 2
32 0 0 0 2 1 2 1 0 0 1 12.6013945312501 15.1187958984376 20.0745878906251 2 2 2
30 0 0 0 12 4 12 1 0 0 1 9.04153222656246 0.0619999999999999 18.4254785156249 2 2 2
46 0 0 0 1 1 1 1 0 0 0 8.70669726562499 10.168705078125 10.4706796875 3 3 2
43 0 1 0 7 1 7 0 0 1 0 23.5500000000009 24.3497773437503 27.0499999999993 3 2 2
43 0 1 0 9 9 11 1 0 0 1 19.5536406249999 22.2492988281242 23.4306230468748 2 3 3
26 0 1 0 9 9 4 1 0 0 0 8.26850390625 10.2483330078126 9.51548535156252 2 3 2
45 0 0 0 2 7 4 1 0 0 1 7.0800771484375 2.64927905273439 7.65699999999997 2 2 3
30 0 1 0 4 7 8 1 0 0 0 8.54573730468754 15.08618359375 12.052689453125 2 2 2
32 0 1 0 8 10 10 1 0 0 0 19.2184316406251 21.442263671875 24.418013671874 3 3 2
58 1 0 0 5 7 5 1 0 0 0 21.4287812500001 23.9626425781259 27.2104746093754 3 3 3
43 0 1 0 4 4 1 1 0 0 0 13.39 12.714 18.545078125 3 3 3
46 0 0 1 3 7 1 1 0 0 1 10.8456650390625 11.468822265625 12.0692841796875 2 2 2
26 0 0 0 2 4 3 0 0 1 0 4.0539140625 16.51733203125 15.0444228515625 2 2 2
55 1 0 0 3 3 4 1 0 0 0 8.88472753906252 11.948857421875 4.81552246093751 2 3 2
30 0 0 0 4 4 5 1 0 0 0 10.5360048828125 11.1860048828125 12.9999999999999 3 2 2
33 1 0 0 7 7 12 1 0 0 0 27.5069277343754 29.1521933593743 30.2154726562512 3 3 2
27 0 0 0 3 5 3 1 0 0 0 15.4215126953125 10.50782421875 12.8913798828125 3 3 2
37 0 1 0 5 5 7 0 0 1 1 4.33913476562501 5.36812939453123 8.08822167968747 2 2 2
33 0 0 0 8 5 8 1 0 0 1 20.2216914062501 19.6199999999999 20.4645820312499 3 3 2
30 0 1 0 7 10 7 1 0 0 0 18.49784765625 25.9999999999995 27.0499999999993 3 3 3
28 0 1 0 2 3 1 1 0 0 0 16.13700390625 17.4988046875 20.23401171875 3 3 2
34 1 0 0 10 12 12 1 0 0 1 110.499999999995 90.7300000000022 32.0108671874986 2 3 3
40 1 0 0 3 5 4 1 0 0 0 4.72920117187501 7.209486328125 9.10728124999999 2 3 3
34 0 0 0 2 3 2 0 1 0 0 19.1262734375001 24.4457050781259 13.1482871093751 2 2 2
39 0 0 0 3 4 5 1 0 0 0 15.92580859375 5.06550292968752 16.9238886718751 2 2 3
40 0 1 0 10 7 4 1 0 0 0 10.8710546875 11.1079599609375 12.0441025390625 2 2 2
41 0 1 0 4 4 7 1 0 0 1 24.4628164062511 24.06593359375 29.6739882812489 2 3 3
33 0 0 0 9 3 4 1 0 0 1 18.66545703125 21.3092382812501 21.61662890625 2 2 2
27 0 1 0 3 5 2 1 0 0 0 21.7580820312501 25.0606249999997 28.8721718750014 3 2 2
32 0 1 0 2 1 1 1 0 0 1 18.7199999999999 20.1200000000001 30.9595996093747 3 2 3
26 0 1 0 12 12 12 1 0 0 0 12.04223046875 16.9205976562501 16.6106816406249 2 2 2
35 0 1 0 2 6 9 1 0 0 1 23.4000000000002 23.4000000000002 27.3780000000012 2 2 2
41 1 0 0 2 2 2 1 0 0 1 31.6242910156262 32.1235449218748 35.5758710937484 2 2 2
29 0 0 0 1 5 8 1 0 0 1 6.04499999999998 7.52249999999999 9.30000000000002 3 3 3
26 0 1 0 4 3 3 1 0 0 0 12.2196376953125 13.204630859375 16.546 2 2 2
25 0 0 1 3 10 6 1 0 0 1 12.3823232421875 10.30201953125 2.93954858398438 2 2 2
37 1 0 0 9 12 9 1 0 0 1 50.0346054687478 60.66916796875 70.0000000000003 2 3 2
34 1 0 0 8 9 6 1 0 0 0 5.35239160156247 13.8484453125001 15.3859140625 3 3 3
31 0 0 0 2 5 3 1 0 0 0 1.96841040039063 2.73867919921875 2.04527001953125 2 3 3
59 0 1 0 1 1 2 0 1 0 0 17.257275390625 9.64981835937505 6.23939355468752 2 2 2
29 0 1 0 3 4 2 1 0 0 0 14.28162890625 18.1527773437501 15.285447265625 2 2 2
30 0 0 0 5 6 3 1 0 0 0 15.9842958984374 16.7588925781251 17.3053125 2 2 2
34 0 1 0 5 12 4 1 0 0 1 22.0604394531243 23.0007773437498 28.5970078124992 2 2 2
39 0 1 0 5 12 12 1 0 0 1 49.341500000002 58.4800000000023 53.8427773437523 3 3 3
37 0 0 0 7 6 3 1 0 0 0 11.728865234375 21.513572265625 15.878240234375 3 3 3
45 1 0 0 6 6 7 1 0 0 1 39.3416562499988 8.12947265624999 36.4643593749995 3 3 2
60 0 0 1 1 3 2 1 0 0 1 18.074400390625 19.7940000000001 18.5939999999999 2 2 1
30 0 0 0 5 11 4 0 0 1 1 22.5581367187505 22.4872988281254 27.409607421874 2 2 3
27 1 0 0 1 2 2 1 0 0 0 5.36263769531247 1.17657812500001 1.75868237304687 3 3 2
57 1 0 0 11 8 6 1 0 0 0 63.976679687499 78.8381093749975 90.885156249999 3 3 3
50 0 1 0 7 5 5 1 0 0 0 18.875193359375 16.9196953125001 20.32871484375 2 2 3
33 1 0 0 5 3 3 1 0 0 1 40.8874296875015 45.0175507812515 36.8408281250008 2 3 3
28 0 1 0 5 3 4 1 0 0 1 36.7500000000006 43.8060039062495 15.30600390625 3 3 3
28 0 1 0 10 8 6 1 0 0 1 17.000775390625 19.21478125 19.21478125 2 2 2
42 0 0 0 7 3 3 1 0 0 1 12.0459033203125 12.6885820312501 13.91265625 2 2 3
32 0 1 0 3 3 9 1 0 0 0 6.71790673828121 10.8102109375 9.40075585937503 2 3 2
38 0 1 0 4 4 6 1 0 0 1 12.93535546875 20.6558906250001 28.7392578124987 3 3 3
49 0 0 0 1 3 2 1 0 0 1 32.7251738281251 36.2636249999988 37.2884531250012 2 2 2
35 0 1 0 3 4 3 1 0 0 0 43.8337187500019 44.4341796875015 54.8420312500022 2 2 2
39 0 1 0 7 2 6 1 0 0 1 24.6652089843758 149.934578125 171.779171875006 3 3 3
37 0 0 0 3 5 3 1 0 0 1 3.33622607421874 3.47925024414061 4.49999999999999 3 3 3
40 0 0 0 7 3 5 1 0 0 1 21.4999999999999 21.9999999999999 18 2 3 2
32 0 0 0 12 12 12 1 0 0 1 128.701570312499 125.083093749997 108.2184765625 3 3 3
38 0 1 0 1 1 4 1 0 0 0 1.371701171875 2.89944970703125 1.03382006835938 3 3 2
47 0 0 0 1 1 2 1 0 0 1 19.812 19.11 18.4599999999999 3 3 2
30 0 1 0 5 7 6 1 0 0 1 14.9408359375 16.836 15.0080595703125 3 3 3
30 0 0 0 12 12 12 1 0 0 1 10.81526953125 5.16384619140626 20.911845703125 3 2 3
49 0 1 0 2 5 5 1 0 0 0 11.62431640625 13.210162109375 13.8106240234375 2 2 2
20 0 0 0 4 5 6 0 0 1 0 1.61395703124999 0.363514526367185 3.73749999999999 2 2 2
28 0 1 0 3 3 4 1 0 0 1 19.2139550781249 19.6757226562501 21.35960546875 2 2 3
50 0 1 0 12 12 12 0 1 0 1 15.612009765625 16.8129335937499 16.2124707031251 2 1 2
24 0 0 0 5 5 1 1 0 0 0 15.8769111328125 19.2247812500001 18.25259765625 3 3 3
35 0 0 0 2 4 4 1 0 0 0 16.251470703125 20.6327187499999 18.329880859375 2 2 3
37 0 0 0 1 3 6 1 0 0 0 23.4293730468754 26.3499785156257 26.9362402343742 2 2 2
36 0 0 0 10 1 8 1 0 0 1 16.172 17.0829179687499 17.5844257812501 2 2 2
30 1 0 0 2 3 5 1 0 0 0 15.6407109375001 16.29237890625 17.3933027343749 2 2 2
29 0 1 0 6 6 4 1 0 0 1 14.7557763671874 10.79972265625 10.5261142578125 2 2 2
36 0 0 0 3 3 4 1 0 0 1 10.7182509765625 12.606708984375 14.68129296875 2 2 2
24 0 0 0 1 3 4 0 0 1 0 12.463748046875 10.721087890625 3.38756909179688 3 3 3
44 0 1 0 5 5 7 1 0 0 0 30.7131015625 31.7757363281262 25.5377578125003 2 3 3
31 0 1 0 5 5 2 1 0 0 1 17.8384355468751 13.2487119140625 12.987119140625 1 2 2
17 0 0 0 12 2 10 0 0 1 1 11.61510546875 13.30005859375 14.4050351562501 3 2 3
24 0 0 0 2 2 1 0 0 1 0 8.74798046875002 7.27407226562504 8.41778222656247 1 3 3
22 0 0 1 11 12 12 0 0 1 1 11.04394921875 18.6157167968749 15.1148505859375 3 2 2
59 0 0 0 2 2 3 1 0 0 0 2.93232006835937 2.44303027343749 4.43061718749999 3 3 3
29 0 1 0 5 1 2 1 0 0 0 19.0681914062501 20.301521484375 19.66245703125 3 2 3
49 0 0 0 2 3 4 1 0 0 0 14.30554296875 14.78054296875 15.385 2 3 2
32 0 0 0 3 3 1 1 0 0 0 12.9981484374999 16.5770429687499 15.5551572265625 2 2 3
30 0 1 0 6 4 6 1 0 0 0 7.99836962890625 10.694044921875 13.3637949218751 2 2 2
28 0 0 0 7 5 5 1 0 0 0 49.3161484375001 47.0376406250022 65.1575039062531 2 3 3
51 0 0 0 2 2 2 1 0 0 0 2.83772851562501 2.46924096679689 7.25887890625001 2 2 2
37 0 0 0 7 6 3 1 0 0 1 20.7231757812499 18.5269531249999 21.05769140625 2 1 1
29 0 1 0 6 6 7 1 0 0 0 28.5914218750013 33.8638593750011 36.1277148437502 3 3 3
27 0 0 0 2 2 4 0 1 0 0 8.03310009765623 9.04506249999999 12.0262119140625 2 2 3
87 0 0 1 1 3 1 1 0 0 1 5.81089794921874 4.73969628906252 4.93203906249998 3 3 3
43 0 0 0 6 8 12 0 1 0 1 23.1474003906261 32.6525273437512 29.7723261718741 2 2 2
32 0 0 0 8 3 3 1 0 0 0 10.1070771484375 7.24209960937497 9.61296484374996 3 3 3
33 1 0 0 8 8 4 1 0 0 1 18.7183964843751 21.4371171875 10.6587265625 3 2 3
30 0 0 0 3 3 3 1 0 0 1 7.20000000000002 8.50000000000002 13.5 2 3 2
36 0 1 0 3 8 9 1 0 0 0 13.7256171875 7.11356445312503 34.8382890625015 3 3 3
51 0 1 0 5 8 7 1 0 0 1 60.1054374999997 21.8500000000001 6.50000000000001 2 2 2
32 0 0 0 6 3 6 1 0 0 0 16.6604296874999 19.13507421875 9.42262988281252 3 3 2
29 1 0 0 1 3 6 1 0 0 1 35.5138593749997 36.5020781250015 42.2557421874984 2 2 3
36 0 1 0 12 11 12 1 0 0 1 51.0392617187489 52.2401835937481 61.2471132812515 3 2 2
32 1 0 0 7 3 10 1 0 0 0 13.7995107421875 14.8008671875 15.1191103515625 2 2 2
30 1 0 0 4 4 4 1 0 0 0 15.2637412109374 15.515935546875 16.4243183593751 2 2 2
27 0 1 0 1 2 2 1 0 0 1 14.1062363281249 15.7645488281251 21.7765234375001 3 3 3
32 0 1 0 8 12 12 1 0 0 0 15.9558662109375 31.1629824218764 33.2799999999985 3 2 2
28 1 0 0 5 4 9 1 0 0 1 12.1990166015625 15.612009765625 20.95348046875 2 2 2
26 1 0 0 12 12 10 1 0 0 1 26.6910527343742 28.6725761718754 30.7032324218737 3 3 3
29 0 1 0 6 5 5 1 0 0 1 23.8203242187492 28.9013515625 31.6437695312494 3 2 2
35 1 0 0 1 2 2 1 0 0 0 4.27416748046874 4.99137695312499 6.82741943359372 2 3 3
34 0 0 0 1 1 1 1 0 0 1 21.7407050781249 25.5281347656244 32.6641972656251 3 3 3
31 0 1 0 9 12 12 1 0 0 1 74.4769062499967 103.821242187504 123.910164062495 3 3 2
44 0 1 0 2 5 3 1 0 0 1 5.86036279296877 1.52851123046874 20.0572773437501 2 2 1
33 1 0 0 5 9 7 1 0 0 1 19.5069296875 21.506927734375 27.500000000001 3 3 3
31 0 1 0 8 4 12 0 0 1 1 2 4.17142822265623 7.69021923828124 3 3 3
27 0 0 0 1 8 1 1 0 0 1 9.80258398437497 23.0391933593761 8.313599609375 2 2 3
30 0 0 0 8 9 9 1 0 0 1 20.5 23.5435996093751 19.5 3 3 3
42 0 0 0 11 8 12 1 0 0 1 16.29 23.9356445312505 21.0792382812501 2 3 2
28 0 0 0 4 2 6 1 0 0 0 0.769178222656251 0.712979370117185 0.712979370117185 2 3 2
50 0 1 0 8 9 8 1 0 0 1 19.5 25.9999999999995 28.9999999999997 2 2 2
31 0 1 0 2 6 2 1 0 0 0 8.97791992187505 10.4452568359374 9.74700292968752 2 2 2
39 1 0 0 5 3 3 1 0 0 1 34.9829101562486 35.973671875001 26.5722753906263 3 3 3
46 1 0 0 4 7 3 1 0 0 0 29.6178007812514 31.309191406251 32.5352226562505 1 1 1
36 0 0 0 7 6 6 1 0 0 1 28.9409296874986 28.9999999999997 30.4999999999999 3 3 2
33 0 0 0 3 1 1 1 0 0 1 21.09459765625 22.869585937499 26.309999999999 2 3 2
36 1 0 0 6 5 4 1 0 0 0 26.1561210937492 25.2812929687493 25.9958437500002 2 2 2
38 0 1 0 3 1 2 1 0 0 0 8.36795703125002 3.93998022460938 8.85970703124999 3 3 3
26 0 1 0 8 7 3 1 0 0 1 19.1879999999999 20.3319999999999 29.5285722656253 3 3 2
33 0 0 0 12 11 8 1 0 0 1 25.6549492187494 7.69908544921874 7.85714306640627 3 3 3
26 0 0 0 12 6 3 1 0 0 1 4.50060009765625 0.00120000004768372 7.70000000000003 3 2 2
35 0 1 0 6 5 9 1 0 0 1 39.5150117187489 47.7367187499982 58.5217109375024 3 2 3
29 0 1 0 9 10 5 1 0 0 0 13.3662822265625 17.8030781250001 10.9346396484375 3 3 3
39 0 1 0 7 7 9 1 0 0 1 32.9941718750008 34.7342851562491 36.5356718749992 2 2 2
28 1 0 0 3 2 5 1 0 0 1 29.7781210937489 18.668359375 38.6336992187509 3 3 3
35 0 1 0 12 5 9 1 0 0 1 34.9170898437498 17.1110859375 17.679546875 2 2 2
31 0 0 0 2 5 4 1 0 0 0 11.5880517578125 16.2177343750001 16.8035332031251 3 3 3
40 0 0 0 12 3 12 1 0 0 1 1.5 22.4914277343748 16.6271992187501 3 3 3
34 1 0 0 11 12 8 1 0 0 1 0.00619999980926515 21.0005996093751 51.0000000000019 2 3 2
45 1 0 0 1 1 2 1 0 0 0 22.5716425781255 12.15371875 20.5004589843751 3 3 2
22 0 0 0 2 2 3 1 0 0 0 6.71599414062499 5.26206054687502 7.12195117187503 3 2 2
31 0 0 0 10 3 9 1 0 0 0 9.30336328125001 10.9294531250001 9.83221289062504 3 2 2
31 1 0 0 3 3 2 1 0 0 0 17.4433710937501 17.8075058593751 14.0673125 3 3 3
27 1 0 0 2 2 6 1 0 0 0 16.6601953125 20.844900390625 25.7344824218745 3 3 3
33 0 1 0 7 8 5 1 0 0 0 24.0184765625001 24.4788242187512 9.22217968749996 3 3 2
70 0 0 0 8 5 9 1 0 0 1 17.0831699218749 14.61162890625 14.7330849609374 3 3 3
35 0 0 0 4 1 2 1 0 0 1 22.5800488281252 24.7345527343757 23.1626367187502 3 3 3
22 0 0 1 5 5 4 1 0 0 0 14.7500000000001 15.625 16.2499999999999 3 3 3
52 0 1 0 3 1 3 1 0 0 1 29.7965214843743 13.4610390625 11.64658203125 2 2 2
30 0 0 1 6 5 6 1 0 0 1 14.570591796875 9.35700195312496 16.64 2 2 3
45 0 0 0 6 9 4 1 0 0 1 16.75 17.22 19.57 2 2 2
33 1 0 0 3 5 12 1 0 0 1 1.42000000000001 4.90000000000001 8.79463867187496 2 2 2
48 1 0 0 2 2 1 1 0 0 0 14.013267578125 9.65690234374997 9.77355273437501 1 2 2
24 0 0 0 11 10 10 1 0 0 1 19.4 23.511085937499 17.1610859375 3 2 3
23 0 0 0 6 3 6 1 0 0 0 9.63381835937502 7.83012207031251 11.725251953125 2 3 3
27 0 0 0 9 8 3 1 0 0 0 6.80460791015626 8.32522656250003 9.17466699218751 2 2 2
31 0 1 0 8 6 5 1 0 0 1 19.1491699218749 24.1590507812505 28.0158320312498 3 2 2
39 0 0 0 3 4 4 1 0 0 0 10.4103408203125 12.7147099609375 14.908380859375 2 2 2
23 0 0 1 1 8 3 1 0 0 0 2.56159912109375 3.55028002929689 2.50668017578125 2 2 3
30 1 0 0 3 1 3 1 0 0 0 28.4157050781238 28.9702773437512 24.2664414062499 3 3 2
34 0 1 0 1 2 5 0 0 1 1 12.472232421875 11.05 11.375 2 2 2
27 0 0 0 4 3 2 1 0 0 0 11.9150810546876 9.67950976562505 9.72377441406253 3 3 3
33 0 1 0 9 8 9 1 0 0 1 12.19 13.5200000000001 15.08 3 3 3
28 1 0 0 9 5 3 1 0 0 0 26.4203242187494 26.0882167968752 25.8911796874989 3 3 3
27 0 0 0 8 6 5 1 0 0 1 11.955802734375 5.975400390625 20.1696796874999 3 2 3
32 0 0 0 2 3 4 1 0 0 1 8.1513627929687 7.47305859375002 11.4765283203125 2 2 3
32 1 0 0 8 7 10 1 0 0 0 11.9243720703125 13.3214082031249 13.8699423828125 3 3 3
32 0 1 0 9 11 12 1 0 0 1 15.2 15.2 7 2 3 3
29 0 0 0 7 3 5 1 0 0 0 16.0270390625 15.9249999999999 15.1158193359375 2 2 2
35 0 1 0 1 1 1 1 0 0 0 6.89942773437498 5.85191162109371 6.25714257812501 2 3 3
27 0 1 0 8 4 10 1 0 0 0 19.149578125 24.3360000000007 23.8159999999997 2 2 2
38 0 0 0 6 8 5 1 0 0 1 25.2194003906243 28.9917519531252 28.9602773437488 3 2 2
47 0 0 0 12 5 6 1 0 0 1 19.209306640625 20.9530175781249 21.6321210937501 2 2 2
39 0 0 1 12 12 12 1 0 0 1 10.84891015625 10.94901953125 2.68858740234374 2 2 2
24 1 0 0 5 4 3 1 0 0 0 15.5362919921875 15.535 20.556806640625 3 3 3
29 0 1 0 7 10 5 1 0 0 1 29.4059999999999 34.7989843750018 40.1029843750003 2 2 2
56 1 0 0 12 9 9 1 0 0 1 30.0000000000002 21.3699999999999 3.24999999999999 3 2 3
39 0 0 0 2 3 4 1 0 0 1 24.0784765625002 26.7025410156256 29.1043886718758 2 2 2
48 0 1 0 2 2 1 1 0 0 0 16.1882021484376 16.842609375 21.40632421875 2 3 3
30 1 0 0 5 4 9 1 0 0 0 33.4877617187492 36.2228007812513 38.9718085937504 2 2 2
41 0 0 0 3 2 5 1 0 0 0 4.71112109374999 6.58924023437498 7.29671777343749 3 3 3
32 1 0 0 3 2 3 1 0 0 0 8.26165625000002 12.5530839843749 5.83517529296873 3 3 3
22 0 0 1 5 4 4 1 0 0 0 7.32841845703124 13.0792587890625 5.673060546875 2 2 2
30 1 0 0 3 2 2 1 0 0 0 27.8117773437511 28.0460917968763 22.7725000000008 3 3 3
30 1 0 0 1 2 5 1 0 0 0 22.5363359374992 25.8438808593737 27.5792148437492 2 3 3
42 1 0 0 12 9 11 1 0 0 1 32.57448046875 26.8976835937502 22.5092382812508 2 2 2
35 1 0 0 9 5 6 1 0 0 1 36.8070976562488 37.6631406250018 37.2605078125008 3 3 3
28 0 0 1 4 4 2 0 0 1 1 12.3577958984375 13.933326171875 23.9954296874989 2 2 2
28 0 0 0 6 2 4 1 0 0 1 19.9745000000001 20.9495 21.4499999999999 2 2 2
38 1 0 0 6 9 12 1 0 0 0 35.4261171875015 26.009087890626 17.14173828125 3 2 2
34 0 0 0 1 2 1 1 0 0 0 3.84164550781251 6.46434570312503 1.34277770996094 2 2 2
36 0 0 1 9 5 7 1 0 0 1 3.83939331054687 5.18267382812501 6.56780322265626 2 2 2
40 0 0 1 9 9 12 1 0 0 0 8.74867773437502 9.36749121093748 10.1499287109375 2 2 2
22 0 0 1 2 1 3 1 0 0 0 7.90362158203123 9.02909765624998 8.87853710937496 2 2 2
28 0 0 0 4 4 4 1 0 0 0 15.9043964843749 16.30232421875 15.439365234375 3 3 2
32 0 0 0 6 3 9 1 0 0 0 36.0611992187511 37.0322226562505 40.4286406249986 3 3 2
36 0 1 0 2 3 2 1 0 0 0 23.9453320312504 25.95196875 26.7132187499994 3 2 2
30 0 1 0 6 9 9 1 0 0 1 22.2872949218749 25.4782890624994 32.0496289062487 3 2 3
30 1 0 0 5 8 8 1 0 0 0 3.20809423828124 12.32469921875 11.7810625 3 2 3
50 0 1 0 5 3 1 1 0 0 0 4.26371240234376 6.47625000000001 7.80057861328127 2 2 2
27 0 0 0 2 3 4 1 0 0 0 7.42773144531252 10.3959609375 1.44069360351562 2 3 2
29 1 0 0 9 9 6 0 0 1 1 27.4489609374987 27.8516894531251 31.0389433593753 2 2 2
57 0 0 1 3 4 6 1 0 0 0 2.21405004882814 2.27681054687499 2.32826367187499 2 2 2
40 0 0 0 2 4 3 1 0 0 0 31.4499453125016 27.2778945312512 22.505226562499 3 2 3
39 0 1 0 6 3 3 1 0 0 1 29.4999999999997 22.7500000000001 20.5 2 2 2
38 0 1 0 6 7 10 1 0 0 1 30.0759999999995 33.6911914062497 32.0444609374996 3 3 3
64 1 0 0 3 3 3 1 0 0 1 9.77479394531252 17.4956875000001 20.230404296875 2 2 2
33 0 1 0 5 6 3 1 0 0 1 25.2103144531239 29.3441347656257 32.851148437499 3 2 3
33 0 1 0 6 5 4 1 0 0 0 14.9314208984375 17.8144101562499 19.10675 2 3 3
38 0 1 0 6 3 2 0 1 0 0 18.294748046875 17.995171875 18.6698437500001 2 3 3
56 0 0 0 1 1 1 0 0 1 0 10.1610625 5.23870019531251 5.09960937500001 2 3 2
59 0 1 0 6 2 4 0 0 1 0 35.2244609374996 12.2217578125 15.0313291015626 2 2 3
35 0 0 0 2 4 4 0 0 1 0 19.69036328125 16.7930097656251 20.9118203124999 2 2 3
31 0 1 0 9 6 5 1 0 0 1 16.667498046875 15.214408203125 12.84691015625 3 2 2
60 0 1 0 8 5 12 0 1 0 1 5.8101484375 11.484705078125 11.0941953124999 2 2 2
49 0 1 0 1 2 2 1 0 0 1 28.7999999999989 27.9499999999987 26.2596992187507 3 3 3
59 0 0 1 2 2 7 0 0 1 1 13.932619140625 12.208619140625 13.0288388671875 3 3 3
55 0 1 0 3 4 4 1 0 0 1 16.877021484375 17.96662109375 2.69607153320311 2 2 2
36 0 1 0 4 7 5 1 0 0 1 11.350265625 30.0921679687493 24.4087773437489 2 2 2
35 0 1 0 1 2 2 1 0 0 0 11.33307421875 11.2360810546875 10.4395908203125 3 2 2
29 0 0 0 9 5 3 0 0 1 0 15.5623388671875 20.1851796875 14.5194716796875 2 3 1
76 0 1 0 1 1 2 1 0 0 1 7.23360009765627 6.16991259765624 11.440888671875 2 2 1
36 1 0 0 6 9 6 0 1 0 0 27.0489101562502 22.1857656249993 16.709552734375 2 2 2
49 0 1 0 4 3 3 1 0 0 0 24.8245156250012 20.2194746093749 25.115728515626 2 3 3
49 1 0 0 6 6 7 1 0 0 1 48.344226562502 48.0276523437503 31.5168593750004 2 2 2
67 0 0 1 8 9 7 0 1 0 1 8.67191015625003 9.21480273437501 7.46367871093748 3 3 3
73 0 1 0 2 2 2 1 0 0 1 21.0552890624999 23.1704648437511 23.7019492187494 3 3 3
74 0 1 0 6 5 2 1 0 0 0 2.55880981445312 3.46441406249999 2.62905468749999 2 2 3
33 0 0 0 6 4 4 0 0 1 0 13.1713164062499 13.56228125 16.878880859375 2 2 2
73 0 0 0 3 3 5 1 0 0 1 9.3352392578125 9.27385546874998 9.77862207031246 3 2 3
34 0 1 0 1 1 1 0 0 1 1 6.91067675781251 8.31240039062495 7.33650048828128 1 1 1
39 1 0 0 8 6 9 1 0 0 0 13.3303662109375 13.5439111328125 2.76374584960939 2 2 3
60 0 1 0 2 6 1 0 0 0 0 17.0728359375001 8.5696083984375 4.64677587890624 2 2 3
50 0 1 0 6 7 7 1 0 0 1 25.2194003906243 25.73393359375 28.1357812499999 2 2 2
37 0 0 1 6 1 7 1 0 0 0 7.10266748046874 7.15629443359375 1.77924047851562 2 3 3
56 0 1 0 5 4 5 0 1 0 1 14.5000000000001 15.5749999999999 16.75 3 2 3
29 1 0 0 9 6 7 0 0 1 1 16.2724707031251 17.0813769531251 35.7108203124988 3 3 3
68 0 0 1 1 1 1 1 0 0 0 2.25880981445313 2.40601953124999 2.25244409179688 3 3 2
55 0 0 0 6 7 6 1 0 0 1 26.1208789062496 26.9400761718759 26.9101601562498 3 3 3
56 0 0 1 2 3 3 1 0 0 0 3.83720043945312 4.04112011718749 4.61660009765624 2 2 3
46 0 1 0 6 2 6 0 1 0 1 19.25080859375 13.784916015625 13.2101064453126 3 3 2
43 1 0 0 6 7 9 1 0 0 1 34.9999999999982 34.9990859375003 36.7147812500011 3 3 2
40 0 1 0 3 4 6 1 0 0 0 12.19492578125 12.19747265625 13.4761650390625 2 2 2
40 1 0 0 3 2 1 1 0 0 0 19.394185546875 12.1438671875 4.55063916015626 2 3 2
32 0 1 0 5 2 7 0 0 1 0 19.21262109375 18.538306640625 13.0874755859375 2 2 3
61 0 1 0 5 6 9 0 0 0 0 0.120000000000001 5.68219677734377 10.3699414062501 3 3 3
53 0 1 0 6 4 9 1 0 0 1 14.6872226562501 22.9445234375003 21.9116171874999 3 3 3
56 0 0 1 2 1 5 1 0 0 0 3.396 3.84308032226564 3.897 3 3 2
55 0 0 0 3 3 2 1 0 0 1 29.1704394531241 30.6535800781244 32.3228632812513 2 3 3
49 0 0 0 3 1 1 1 0 0 0 10.6118603515626 5.476212890625 8.56049999999998 3 2 2
59 0 0 1 8 3 3 1 0 0 0 3.68400000000001 7.89692919921875 8.17050390624999 3 2 2
61 0 0 1 3 4 2 1 0 0 1 10.50383984375 10.667759765625 10.6679999999999 3 2 3
39 0 1 0 2 1 2 1 0 0 1 15.1204619140624 24.9015878906259 20.56828515625 2 2 2
44 0 1 0 9 10 8 0 1 0 1 26.6240136718739 28.4900000000013 21.2113847656251 3 2 2
41 0 0 0 9 9 6 1 0 0 1 21.6666289062499 24.9732109375007 28.6135117187496 3 3 3
74 0 0 1 1 5 3 0 0 1 1 8.15290722656247 8.6836611328125 9.13977734375004 3 3 3
17 0 0 0 2 3 4 0 0 1 1 0.531428527832029 1.62484985351563 4.49624072265624 3 3 2
54 0 0 0 3 6 5 1 0 0 1 27.6450351562509 31.3539257812514 28.0291210937494 3 3 3
40 1 0 0 4 2 4 0 1 0 0 17.345603515625 15.6736806640625 16.8015390625 2 2 2
27 0 0 0 5 6 5 0 0 1 0 10.0346513671875 12.6324619140625 14.66635546875 2 2 2
42 0 1 0 8 9 5 1 0 0 1 30.8555761718756 29.4191132812497 31.3596992187497 2 2 2
31 0 1 0 6 6 4 1 0 0 0 8.07295849609377 8.66271874999998 7.56364062499997 3 3 3
38 0 0 0 6 9 12 1 0 0 1 27.0000000000009 23.9645332031246 33.5327812499986 2 3 2
68 0 0 0 5 1 5 1 0 0 0 6.51108789062498 3.18270678710937 3.44270678710939 3 3 3
66 0 0 0 2 2 1 0 0 0 0 11.1175888671874 8.89149218749998 9.42262207031252 3 3 3
55 0 0 1 3 3 5 0 0 1 1 8.25599999999996 12.4490400390625 13.3709404296875 1 2 2
49 0 0 0 1 1 1 1 0 0 0 5.03652099609373 4.37609765625001 5.75834667968746 2 2 2
59 0 1 0 5 4 4 1 0 0 1 25.8425175781251 26.6533476562488 29.8022148437499 2 3 2
45 0 0 0 3 5 3 1 0 0 0 0.650700073242185 0.00120000004768372 7.67500000000001 3 2 2
75 0 0 1 3 5 3 1 0 0 1 9.93110156250001 9.49561523437495 9.31038281250003 3 3 3
68 0 1 0 2 4 4 0 0 1 0 10.886736328125 14.25119140625 14.672755859375 3 3 3
76 0 0 1 1 1 1 1 0 0 1 6.94188574218748 10.0778583984375 10.287201171875 3 3 3
58 0 0 0 2 3 3 0 1 0 0 11.97921484375 12.1056025390625 9.99704589843752 3 3 3
65 0 0 0 4 4 3 0 0 1 1 14.411951171875 14.057271484375 14.919625 2 2 2
53 0 0 0 3 2 1 0 1 0 1 4.02689965820311 4.63407861328124 4.15679931640623 2 2 2
25 1 0 0 3 5 11 0 0 1 1 19.2675683593749 25.4055429687501 28.7078515624986 2 2 3
23 1 0 0 7 2 2 0 0 1 1 28.3573945312495 38.4383203125015 37.1951171875014 2 3 3
68 0 0 0 1 1 1 0 0 0 0 16.497263671875 11.641373046875 17.15178125 3 3 2
67 0 0 1 2 2 4 0 0 0 0 8.50360937499995 6.89696630859371 11.9079462890625 1 3 2
29 0 0 0 5 6 5 0 0 1 0 17.000537109375 15.311779296875 13.2099306640625 3 2 2
37 0 1 0 4 1 5 1 0 0 0 9.05888085937501 14.111150390625 12.350650390625 2 3 2
38 0 0 0 3 2 6 1 0 0 1 17.817625 18.40716015625 19.28531640625 3 3 2
64 0 1 0 8 9 8 1 0 0 1 15.6787460937499 14.7439404296875 19.480685546875 3 3 3
62 0 0 0 3 1 2 1 0 0 0 8.03740917968752 7.56512304687499 8.43393945312503 3 3 3
40 0 0 0 6 6 6 1 0 0 1 12.7943388671874 17.5335332031249 19.038556640625 3 3 3
37 0 1 0 3 4 6 0 0 1 1 16.81493359375 21.764515625 25.4292460937491 3 3 3
67 0 0 1 1 2 2 0 1 0 0 5.54435156249999 5.93826123046873 8.74534765625001 3 3 3
63 0 0 1 4 2 3 0 0 0 0 9.08504101562504 11.065572265625 11.118474609375 3 3 3
47 1 0 0 7 12 10 0 1 0 1 22.9689101562511 33.2293945312516 40.1900781250011 2 2 1
53 0 0 0 8 10 5 0 0 0 1 20.8 29.9000000000007 35.4999999999998 3 3 3
43 1 0 0 5 3 8 1 0 0 0 2.65751196289062 6.24019189453128 25.7600000000003 3 2 2
64 0 1 0 6 9 8 0 0 0 1 11.67 17.0696562500001 21.668806640625 3 3 3
54 0 0 0 7 4 6 0 0 1 1 15.5863964843751 16.8999999999999 18.7878515625 2 2 2
38 0 1 0 2 2 2 1 0 0 0 12.4902822265626 7.07483447265628 10.6879062500001 2 2 3
18 0 0 0 3 12 2 0 0 1 1 5.70394970703127 11.358126953125 15.839302734375 1 2 2
34 0 0 0 7 3 4 1 0 0 0 9.72883984375 13.9627031250001 18.0665175781251 3 3 3
53 0 1 0 5 3 3 1 0 0 1 35.3272656250006 39.214511718751 42.1650117187496 3 3 2
36 0 0 0 5 2 9 1 0 0 1 18.3569296875 19.1 19.5 3 2 2
41 0 1 0 9 9 9 0 1 0 1 15.7273486328125 33.7800000000003 31.9799999999986 3 3 3
50 0 1 0 3 5 4 1 0 0 1 19.82880859375 32.0375312500006 38.7295624999983 1 2 2
23 0 0 0 4 12 12 1 0 0 1 16.64 28.9302265624999 61.2999999999999 3 3 3
18 0 0 0 5 3 4 0 0 1 0 3.24249438476564 10.5165966796875 11.039 3 3 2
45 0 1 0 7 6 2 1 0 0 1 42.6108359375006 44.6666289062492 27.4754179687509 3 3 2
44 0 0 0 4 4 9 1 0 0 0 18.9859140625 19.019908203125 20.46991015625 2 2 2
19 0 1 0 7 2 3 0 0 1 0 4.89294628906249 7.17552001953124 10.8274492187499 2 3 2
34 0 0 0 5 9 3 1 0 0 1 19.8000000000001 22.7000000000001 24.4947441406246 2 2 2
34 0 0 0 6 8 7 1 0 0 0 24.1579667968757 26.5447890624988 27.9759589843742 2 3 3
60 0 1 0 3 4 6 1 0 0 1 11.86 14.5000000000001 14.5215 3 3 3
58 0 0 0 6 11 5 1 0 0 0 1.94529272460938 3.63138720703125 2.52121362304687 2 3 3
40 0 0 0 6 9 5 1 0 0 1 31.0000000000005 31.4120078124994 31.6120097656259 3 3 3
60 0 0 1 5 4 3 1 0 0 1 7.53999999999998 8.163919921875 8.58000000000002 3 3 3
48 1 0 0 10 3 3 1 0 0 0 37.9845664062515 38.2668828124992 37.3227734374998 3 3 3
48 1 0 0 6 9 5 1 0 0 1 48.76692578125 54.0415703125018 55.8429570312523 2 2 2
52 0 0 1 2 3 2 0 1 0 1 13.4079892578124 14.04978515625 14.406451171875 2 2 2
16 0 0 0 1 3 2 0 0 1 1 0.06 0.289235290527345 3.25337377929689 2 2 2
56 0 0 1 1 3 2 1 0 0 1 6.02735937499996 2.016 4.32282031250002 2 1 1
50 0 0 0 9 9 10 1 0 0 1 28.3937656249994 18.1909609374999 27.1203242187492 3 3 3
47 0 1 0 9 6 3 1 0 0 0 18.166880859375 20.4157050781249 28.1181093749995 3 2 3
74 0 1 0 5 6 8 0 0 0 0 6.10366796875003 11.5752705078125 6.20491796875002 3 3 3
37 0 1 0 1 1 1 1 0 0 1 26.4370937499998 24.0598613281242 23.4481347656258 3 3 3
61 0 0 1 7 1 1 1 0 0 1 9.87239941406246 9.97440039062497 9.35280078125 2 1 2
42 0 0 0 2 3 4 1 0 0 1 15.1929482421875 14.8872685546876 19.0447382812499 2 3 3
18 0 0 0 5 4 3 0 0 1 0 4.24255322265623 9.35760937500003 10.4 3 3 2
61 0 0 0 12 12 12 1 0 0 1 41.3499999999985 47.778253906249 51.180000000001 3 3 2
55 0 0 0 3 2 3 0 0 1 0 14.1433027343751 14.3230000000001 14.073 2 2 2
24 1 0 0 6 12 12 0 0 1 1 13.66815625 25.0635371093762 22.0715371093751 3 2 2
52 0 0 0 10 12 8 1 0 0 1 32.684 35.9999999999983 40.000000000001 2 3 3
23 0 1 0 11 12 11 0 0 1 1 19.8405527343751 20.686107421875 21.1259550781249 2 2 2
52 0 1 0 2 5 5 1 0 0 0 29.110164062499 30.4104414062508 31.069 3 3 2
39 0 0 1 8 8 9 1 0 0 0 7.20300195312503 7.38217138671873 7.48383691406253 3 3 3
44 0 0 0 6 5 6 1 0 0 1 9.79999999999997 14.16 11.8 2 2 2
19 0 0 0 8 9 10 0 0 1 0 1.80628833007814 4.13000000000001 1.93066943359375 3 3 3
58 0 0 0 4 5 5 1 0 0 1 16.5 27.7500000000006 135.000000000004 2 3 2
26 0 1 0 7 9 9 0 0 1 1 17.3646132812501 20.6899003906249 26.3116386718755 2 2 2
74 1 0 0 3 1 2 1 0 0 1 34.8618749999987 7.98469775390626 3.11674462890625 3 3 3
72 0 1 0 2 4 2 1 0 0 0 9.20542578125 7.68469775390624 9.81381250000001 3 3 2
83 0 0 1 1 1 1 0 1 0 0 5.29633154296876 5.37515039062498 7.08941748046871 3 3 3
73 0 0 0 5 6 4 1 0 0 0 9.20542578125 14.247134765625 12.119064453125 3 3 3
59 0 0 0 3 2 7 1 0 0 0 2.59200000000001 5.6810498046875 3.359595703125 2 3 2
53 1 0 0 4 6 5 1 0 0 0 1 6.08877099609377 11.78915234375 3 2 2
62 0 0 0 3 4 1 1 0 0 1 16.8999999999999 29.8800000000014 9.36000000000002 2 2 2
52 0 1 0 9 7 7 1 0 0 1 9.19060644531251 11.7090068359374 14.7272216796876 2 3 2
30 0 0 0 6 3 2 0 0 1 1 10.388 10.708 10.92 3 3 3
19 0 0 0 8 8 1 1 0 0 0 9.725248046875 16.2071386718749 18.1885 3 2 2
19 0 1 0 12 12 12 0 0 1 1 6.90387695312502 10.634 10.998 3 3 3
34 1 0 0 2 2 1 1 0 0 0 1.42415637207031 5.5716240234375 10.66409765625 3 2 1
56 0 0 0 6 8 6 1 0 0 1 18.0783007812499 16.722921875 15.3629189453125 2 3 2
49 0 0 0 1 1 5 1 0 0 0 7.40900000000002 8.11292041015622 9.99096093749997 3 3 2
64 1 0 0 3 4 2 1 0 0 1 16.8999999999999 21.9014609375 22.2118027343759 3 3 3
63 0 1 0 7 5 3 1 0 0 0 12.2974482421874 13.459595703125 17.2912812500001 3 3 3
44 1 0 0 4 4 7 1 0 0 1 30.8660312499988 13.1154755859376 27.701171874999 2 2 2
44 1 0 0 6 7 7 1 0 0 0 11.54421875 8.35199804687501 23.2831835937505 3 3 3
61 1 0 0 9 6 4 1 0 0 1 14.1960488281251 12.5407910156249 12.1506455078125 3 3 3
25 1 0 0 12 7 5 0 0 1 0 30.0000000000002 27.2668437499995 30.4302949218741 3 2 3
70 1 0 0 4 3 3 0 0 1 0 14.5109375 14.27352734375 16.223958984375 3 2 2
66 1 0 0 6 2 6 1 0 0 1 9.07104785156253 35.7254843749991 12.1979140625 3 3 3
63 0 0 0 1 5 2 1 0 0 1 15.944240234375 17.6069999999999 7.55398583984378 3 3 3
50 0 0 0 3 5 1 1 0 0 0 1.36380285644531 2.94104028320313 3.85084887695312 3 3 2
55 0 1 0 6 4 5 1 0 0 1 32.0207851562505 30.7212460937486 31.1120097656264 3 3 3
52 1 0 0 6 1 8 1 0 0 0 24.126558593751 30.8297929687485 27.9106249999994 3 3 3
19 0 0 0 8 9 9 0 0 1 1 5.66138867187498 4.14492871093751 3.36571435546875 3 2 2
52 0 0 0 9 9 4 1 0 0 1 29.798082031251 35.1355312500017 34.9847578124984 3 3 2
51 0 0 1 9 6 3 1 0 0 0 17.01 17.2700000000001 16.6636953125 3 3 2
37 0 1 0 1 3 2 1 0 0 0 12.7477832031251 13.394390625 14.23944921875 2 2 1
43 0 0 0 9 2 2 1 0 0 1 3.96900000000002 3.77528955078125 2.68169335937499 2 2 2
46 0 1 0 3 2 3 1 0 0 0 4.04715966796877 6.29704199218751 6.677130859375 2 2 2
73 0 0 0 3 2 1 1 0 0 0 2.89594042968751 3.14728076171876 4.81205664062503 2 2 2
29 1 0 0 8 6 5 1 0 0 0 23.1000000000003 13.521 54.128570312501 2 2 2
63 0 0 1 6 9 5 1 0 0 1 14.82 16.0269287109375 14.9571425781249 2 2 2
62 0 1 0 6 5 5 1 0 0 0 18.73878515625 19.1374765624999 20.213171875 2 2 2
37 0 0 1 1 2 9 0 1 0 0 21.5027148437501 14.747015625 27.3789628906254 2 2 3
23 0 0 0 2 3 5 0 0 1 1 3.03925537109374 7.64770996093753 3.48571435546876 2 2 2
61 0 0 0 9 8 5 1 0 0 1 3.91717309570311 3.89191577148436 7 3 2 2
26 0 1 0 6 3 5 1 0 0 0 22.2168593749992 24.0182460937495 23.8340351562496 3 3 2
69 0 0 1 2 2 1 1 0 0 0 3.5090966796875 2.43601953125 2.30363598632813 1 2 1
27 0 0 1 4 6 12 1 0 0 1 20.79741015625 6.29095361328128 9.17422363281248 3 2 2
61 0 1 0 4 6 3 1 0 0 0 14.9709667968751 16.6554921875001 19.17657421875 3 3 2
71 0 0 0 3 2 4 1 0 0 1 6.06242871093748 7.28553515625 10.678455078125 3 2 3
74 0 0 1 1 1 1 1 0 0 0 5.463482421875 3.21540405273439 2.65482763671876 3 3 3
66 1 0 0 4 4 4 1 0 0 1 20.3681679687501 21.0072714843749 22.1632324218742 2 2 2
67 0 1 0 1 5 3 1 0 0 0 4.99984326171876 5.27516601562501 5.54139160156252 3 2 3
22 0 1 0 2 2 2 1 0 0 0 10.9681923828125 11.3917421875 11.5633955078125 3 3 2
26 0 0 0 1 3 3 1 0 0 1 4.00060009765624 0.158599990844727 10.107201171875 3 2 3
40 0 0 0 1 4 5 1 0 0 1 12 9.14316699218751 6.25000000000002 3 3 3
42 1 0 0 2 1 2 1 0 0 0 8.74477148437499 12.5613408203126 16.58480859375 3 3 3
30 0 1 0 2 4 4 1 0 0 1 16.0321777343749 16.642638671875 16.715560546875 2 3 2
29 0 0 0 3 2 6 1 0 0 0 16.7165820312499 17.2911796875 20.9434394531251 2 2 2
37 0 1 0 6 5 9 1 0 0 0 7.02488085937501 6.11255517578127 8.80205371093754 3 3 3
31 0 1 0 10 2 3 1 0 0 0 5.44077832031252 5.57848925781252 9.08460058593753 3 3 2
60 0 0 0 1 3 3 1 0 0 0 5.32882031249998 8.34977734375 10.219736328125 3 3 3
22 0 0 0 3 2 4 0 0 1 0 10.4285712890625 9.05486328124997 7.01846386718748 3 3 3
42 0 0 1 3 1 4 1 0 0 0 15.351666015625 17.618021484375 17.36170703125 2 2 2
35 0 0 1 9 10 10 1 0 0 1 16.7440000000001 15.366 16.9520000000001 2 2 2
38 0 1 0 4 2 9 1 0 0 1 15.014041015625 8.99900000000001 14.662109375 3 3 3
34 0 1 0 3 2 1 1 0 0 0 2.55659033203126 3.9069543457031 3.31977734375001 2 2 3
25 0 0 0 1 3 3 1 0 0 0 10.49748046875 14.4483144531251 12.716890625 2 2 2
45 0 0 1 3 1 3 1 0 0 1 23.5150273437506 21.39750390625 19.71943359375 2 2 2
43 0 0 0 2 2 2 1 0 0 0 2.4354580078125 2.68555541992187 2.49542773437501 2 2 2
29 1 0 0 4 4 6 0 0 0 0 22.4453046874994 15.59041796875 36.2589101562507 2 2 1
34 0 1 0 2 9 4 1 0 0 0 15.401701171875 14.567396484375 17.5779140625001 3 3 2
36 0 0 0 3 2 3 1 0 0 1 24.7279003906249 28.8394179687488 41.3055429687517 2 2 2
56 0 0 1 2 3 3 1 0 0 1 15.7799160156249 16.6202851562501 16.57875390625 2 2 2
22 0 0 1 3 4 12 1 0 0 1 12.081892578125 13.90047265625 15.7441113281251 2 3 3
35 0 0 0 9 6 9 0 1 0 1 3.73939916992186 11.7 7.200888671875 2 2 2
44 0 0 0 1 2 1 0 1 0 0 12.1142119140625 9.63940234375002 8.89064648437502 3 3 2
67 0 0 1 8 6 1 1 0 0 1 8.50275390624997 7.2445107421875 8.030587890625 2 2 2
35 0 0 0 1 1 1 1 0 0 0 12.7092763671875 12.6120908203125 10.9107451171875 3 3 3
27 0 0 0 1 2 4 0 0 1 0 9.74301757812502 11.829751953125 10.412923828125 3 2 3
57 0 1 0 2 3 3 1 0 0 0 5.49280175781252 4.91999999999998 6.05113037109376 3 3 3
25 1 0 0 7 3 7 1 0 0 1 26.8706699218743 29.7857460937502 33.2007500000011 2 2 2
39 0 1 0 5 5 6 1 0 0 0 18.484775390625 17.5007734375 15.2888984375 2 2 2
66 1 0 0 3 3 4 1 0 0 1 16.1526142578126 8.85608007812498 17.0632324218749 2 3 2
66 0 1 0 3 2 5 1 0 0 0 12.616990234375 10.9572119140625 6.96938720703126 3 3 3
37 0 0 0 2 5 9 1 0 0 0 8.35524902343753 8.00438232421878 7.76883105468753 3 2 1
56 0 0 0 5 1 1 1 0 0 0 9.53883691406248 6.761201171875 7.08545068359372 3 3 3
22 0 1 0 8 10 3 0 0 1 0 10.443654296875 11.83 12.09 3 2 1
71 0 0 1 5 4 1 1 0 0 1 12.4955908203125 13.609748046875 11.9713056640625 3 3 2
54 0 1 0 9 7 4 1 0 0 1 27.5692128906241 33.5000000000014 37.4600000000007 2 2 2
21 1 0 0 8 10 6 0 0 1 1 1.00076983642578 14.227626953125 13.8 3 3 3
48 1 0 0 3 4 4 1 0 0 0 36.8010624999987 38.6268632812506 40.336730468748 3 3 3
85 0 0 0 3 1 1 1 0 0 1 10.6131953125 10.855169921875 18.495169921875 3 2 2
78 0 0 1 2 1 1 1 0 0 0 2.15613647460938 2.45721166992186 2.37482763671874 3 3 2
52 0 0 0 5 3 4 1 0 0 1 23.7090078124988 26.1200937499999 27.1610859374996 2 2 2
28 1 0 0 5 6 5 0 0 1 1 14.7189404296874 20.83394921875 22.8363281250006 2 2 2
57 0 1 0 7 8 8 1 0 0 1 31.5500000000013 38.4558124999997 61.1735585937517 2 2 3
56 1 0 0 9 5 3 1 0 0 0 11.8092080078125 12.624681640625 12.6521855468749 2 2 2
44 0 1 0 3 5 4 1 0 0 1 24.1184765625002 25.0092382812505 21.850353515625 3 3 2
39 0 0 0 3 1 2 1 0 0 0 11.7487724609375 12.1364404296876 10.348962890625 3 3 2
68 0 1 0 8 3 8 1 0 0 0 19.4948476562501 19.471515625 20.1250898437499 2 2 2
70 0 1 0 2 8 7 1 0 0 1 13.12296484375 15.3544238281249 12.5591914062501 3 2 3
59 0 0 1 8 3 6 1 0 0 1 24.9598906249989 27.9951406249997 26.358917968751 2 2 2
55 0 0 0 2 4 3 1 0 0 0 4.01386206054687 8.64186230468746 10.6036953125 2 2 2
74 0 0 0 2 2 2 1 0 0 1 12.231185546875 13.253564453125 12.7591601562499 2 3 3
71 0 1 0 3 6 3 1 0 0 0 3.18927026367188 5.60124121093752 4.17945947265623 2 1 2
68 1 0 0 8 8 4 0 1 0 0 14.231013671875 19.1878828125001 6.45349414062502 3 3 3
84 0 0 1 2 4 2 0 0 0 0 4.35559082031251 5.32157421875003 5.52634228515624 2 2 2
47 1 0 0 6 5 5 1 0 0 1 36.11962890625 38.9499062499987 37.7789843749996 2 2 2
47 0 1 0 12 11 11 1 0 0 1 23.5500000000009 22.5499999999994 25.5500000000013 2 2 2
48 1 0 0 12 12 9 1 0 0 0 25.7575078125002 25.6501660156244 25.8023417968739 3 3 3
19 0 0 0 5 3 4 0 0 1 0 7.06037304687501 10.710330078125 4.49569140624999 2 2 2
32 0 0 0 5 8 6 1 0 0 1 16.51 15.809142578125 10.4181923828125 3 2 2
38 0 1 0 4 6 6 1 0 0 1 12.982259765625 14.0085263671876 15.5531484375 3 3 3
64 0 0 1 3 5 4 1 0 0 0 3.93263793945313 3.48104980468749 1.61496874999999 2 2 2
52 1 0 0 4 3 2 1 0 0 0 22.4855859374992 17.5629785156249 7.38325341796873 2 2 2
57 1 0 0 1 1 4 1 0 0 1 21.8 14.1636357421875 12.6360000000001 3 2 2
21 1 0 0 8 12 7 0 0 1 1 0.372380004882812 22.1538457031251 35.8293007812483 2 2 2
69 1 0 0 2 1 2 0 1 0 1 17.0506015624999 18.2850820312501 17.6436523437499 3 2 2
44 1 0 0 2 1 2 1 0 0 0 17.1645468749999 15.025916015625 15.311779296875 2 2 2
65 0 0 0 1 3 2 1 0 0 0 2.84344067382814 3.054400390625 3.57139526367187 2 2 2
38 0 0 0 1 1 1 0 0 1 1 6.70342089843752 4.46561816406251 1.59505346679688 2 2 2
72 0 0 1 6 2 2 1 0 0 0 2.39491650390624 2.36452246093751 2.87954492187501 3 3 3
62 0 0 1 6 4 1 1 0 0 1 2.95886840820312 3.55813354492186 7.88610595703121 2 2 2
44 0 0 0 6 7 4 1 0 0 1 4.56400000000001 11.782 18.5999999999999 3 3 2
36 0 0 0 6 9 7 1 0 0 0 3.3402810058594 3.53347998046877 4.1781044921875 3 3 3
21 0 0 0 5 5 3 0 0 1 0 12.7399999999999 11.8276728515625 11.5805996093751 3 3 3
74 0 0 0 5 5 4 1 0 0 1 16.417515625 14.0591826171875 15.4169003906251 3 3 3
72 0 0 1 2 4 3 1 0 0 0 2.87226977539063 2.95181103515624 2.74485546875001 3 3 3
46 0 0 0 5 3 2 1 0 0 0 9.53999999999997 6.52199999999998 13.288849609375 3 3 3
47 0 0 0 5 4 5 1 0 0 1 29.1390312499992 32.0857968749989 36.5482656250017 3 3 2
28 0 1 0 6 5 9 1 0 0 1 13.44554296875 17.5534707031249 22.9568964843754 3 1 3
17 0 0 0 5 5 1 0 0 1 0 0.325772247314453 0.42940850830078 10.6942373046875 2 3 3
58 0 1 0 4 4 7 0 1 0 0 23.1533300781241 24.0092382812506 29.50623828125 2 3 3
17 0 0 0 4 6 4 0 0 1 0 0.343967956542968 0.354285705566405 7.80560937500003 2 2 2
20 0 0 0 5 3 6 0 0 1 0 6.36179785156249 5.58292285156247 5.25200000000001 3 2 3
44 0 0 0 12 11 12 1 0 0 0 4.19279882812499 0.00120000004768372 1.66 3 2 2
46 0 0 0 7 5 12 1 0 0 1 11.7492314453124 26.8540000000013 24.9999999999991 3 3 3
20 0 1 0 12 12 12 0 0 1 1 15.6120087890625 18.2209140625001 19.33176953125 2 2 2
18 0 0 0 6 12 12 0 0 1 1 5.17399999999998 9.99890429687503 12.775123046875 3 3 3
68 0 0 0 1 4 1 0 0 0 0 10.6632685546875 5.92835253906252 7.6145146484375 3 2 2
45 0 0 0 1 3 5 0 1 0 0 6.85971484375003 5.76277441406249 6.57032617187502 2 2 1
17 0 0 0 9 9 12 0 0 1 1 3.49181298828125 2.07621264648436 0.832692321777345 2 2 3
64 0 0 1 9 8 12 1 0 0 1 22.4999999999997 17.551087890625 28.3866171875006 2 3 3
42 0 0 0 3 5 4 1 0 0 1 20.041123046875 12.1095 10.79605859375 1 2 2
17 0 0 0 5 2 4 0 0 1 0 1.17539501953125 3.04545971679687 4.83514404296876 3 2 2
30 0 0 0 3 2 2 1 0 0 0 7.79811132812498 10.5365 11.05 3 2 2
27 0 0 0 2 2 3 0 0 1 1 9.54133984375004 10.5321015625 11.7870673828125 2 2 2
75 0 0 1 3 3 3 1 0 0 1 10.410857421875 9.52904492187503 9.788654296875 2 2 3
62 0 0 1 2 3 6 1 0 0 1 4.94261035156252 2.12068212890625 8.174826171875 3 3 3
37 0 1 0 12 10 12 1 0 0 0 8.06608496093752 7.27611669921873 9.75025390624999 3 2 3
35 0 1 0 9 4 5 1 0 0 1 44.1810000000012 14.964 31.6572656250012 3 2 3
39 0 1 0 1 1 2 1 0 0 0 6.58623437500001 9.79563085937501 10.7106123046875 2 2 2
40 0 0 1 5 6 8 1 0 0 1 14.5000000000001 14.3422666015625 16.185044921875 3 3 2
16 0 0 0 1 3 1 0 0 1 1 1.04365991210938 1.04 1.04 2 2 2
30 1 0 0 7 4 4 1 0 0 0 15.2972832031251 20.6407402343751 22.6148007812504 3 2 3
36 0 0 0 7 4 7 1 0 0 1 17.2487207031251 16.5509550781249 15.8657646484375 2 2 2
26 0 0 1 2 1 1 1 0 0 0 5.6173701171875 15.857091796875 8.84562792968747 2 2 1
72 0 0 0 2 3 4 0 0 1 0 8.37962890624997 12.218185546875 10.5287265625 3 3 3
57 0 0 0 2 3 1 1 0 0 0 0.0300000000000001 0.0500000000000002 0.02 3 3 2
54 0 0 0 2 4 5 1 0 0 1 19.017771484375 65.6527031249973 39.1390937500013 3 2 3
21 0 1 0 4 7 5 0 0 1 0 5.12011376953124 7.09759374999996 13.284662109375 3 3 2
62 0 0 1 1 1 2 0 0 1 0 7.61233154296875 6.18648046875002 5.57991894531253 2 2 2
62 0 1 0 4 2 5 1 0 0 0 10.87134375 12.544693359375 9.89029101562504 3 3 3
41 0 0 0 4 2 3 0 0 1 1 0.595 2.95153466796874 5.33591259765624 2 2 2
59 0 0 0 5 3 4 1 0 0 1 13.5119189453125 13.8774404296874 13.7745332031251 3 3 3
55 0 1 0 5 3 3 1 0 0 0 8.344919921875 8.28498046875 8.49325390624998 3 3 3
47 0 0 1 10 12 6 1 0 0 1 8.77739941406252 14.4450000000001 15.1960000000001 2 2 2
47 0 0 0 7 6 2 1 0 0 0 9.99999999999997 8.97971484375003 5.49600000000002 3 3 3
21 0 0 0 12 11 11 0 0 1 1 10.2932470703125 9.43171777343752 12.69344921875 3 3 3
20 0 0 0 5 4 7 0 0 1 0 1.62023486328126 8.45159570312495 11.4826044921875 2 2 3
65 0 0 1 1 3 2 0 0 0 0 4.51761962890624 4.60727197265623 6.22064550781247 3 3 3
56 0 0 1 1 1 1 0 0 1 0 6.39600000000004 12.02 10.225876953125 2 1 2
50 0 1 0 2 5 4 1 0 0 1 5.40000000000002 12.2 20.0000000000001 3 3 3
48 0 0 0 2 3 3 1 0 0 1 12 18.8 12.9999999999999 2 2 3
21 1 0 0 4 5 3 0 0 1 0 1.8313555908203 18.7569296874999 18.7569296874999 2 2 2
18 0 1 0 8 10 1 0 0 1 1 1.13251977539062 0.709754760742185 0.00120000004768372 3 3 3
66 0 0 0 2 1 2 1 0 0 0 1.64128308105469 4.34416113281251 4.19535253906249 2 2 3
50 1 0 0 3 4 1 1 0 0 1 19.5069296875 25.0434863281246 19.334642578125 2 3 2
30 0 0 0 8 8 8 1 0 0 1 19.122388671875 22.1374472656248 16.5619999999999 3 3 3
72 0 1 0 3 6 1 1 0 0 0 12.8734091796875 12.64577734375 12.489755859375 3 3 3
51 1 0 0 9 10 8 1 0 0 1 50.4988007812476 51.9397265624994 57.6443437500002 2 2 2
19 0 1 0 2 2 6 0 0 1 0 4.81941162109376 10.2558662109375 10.2849160156251 3 3 3
83 1 0 0 3 2 3 1 0 0 0 10.8465898437501 12.76012109375 11.365701171875 2 2 2
38 0 1 0 9 7 6 1 0 0 1 31.9056874999987 24.6218613281253 31.4394003906259 2 2 2
35 0 1 0 3 3 4 1 0 0 0 18.831228515625 20.8906640625 21.915890625 3 3 3
58 0 1 0 9 9 8 1 0 0 1 22.4134609375001 21.956 21.062 3 3 3
57 0 0 1 1 1 1 1 0 0 0 6.49800000000003 8.09800000000003 5.26900000000002 3 3 3
22 0 0 0 2 4 4 1 0 0 0 3.14256420898436 6.65527148437501 10.137103515625 3 2 2
39 0 0 1 6 2 5 1 0 0 0 4.58692675781251 5.88362402343752 8.83523437500002 3 3 3
69 0 1 0 6 5 7 1 0 0 1 8.88292578125002 10.12519140625 11.25906640625 3 3 3
77 0 1 0 3 3 5 1 0 0 1 22.7424101562492 26.3271093749997 24.1811093749994 2 3 2
60 0 0 1 12 12 12 1 0 0 1 44.0000000000001 9.24999999999999 92.0000000000021 2 2 2
21 0 0 0 12 12 11 0 0 1 1 10.04425390625 12.0244990234375 11.7140068359375 3 2 3
65 0 0 0 2 2 6 1 0 0 1 13.78 18.6984648437501 19.9984648437501 3 3 3
49 1 0 0 2 5 5 1 0 0 0 28.2036503906251 27.9538281250001 29.8789394531251 2 2 1
47 0 1 0 1 7 5 1 0 0 1 41.3316406249994 40.8914101562505 45.5242109375005 2 2 2
71 0 1 0 3 3 3 1 0 0 1 22.8769765625007 6.61599902343754 18.61919140625 3 3 3
71 0 1 0 3 3 2 1 0 0 0 10.69088671875 24.990544921875 12.3873525390625 3 3 3
67 0 0 1 1 3 3 1 0 0 1 3.96291625976563 5.606380859375 6.64064941406248 3 3 3
66 0 1 0 1 6 2 1 0 0 0 11.4961806640626 9.88343359375004 14.0711806640625 3 3 3
61 0 0 1 1 3 2 1 0 0 0 1.07806823730469 6.80306542968748 6.1746162109375 3 3 3
63 0 0 1 2 3 2 1 0 0 1 24.8299999999997 11.3172060546876 16.3055429687501 3 3 3
32 0 1 0 3 6 7 1 0 0 1 23.9720000000006 27.4000000000011 26.8800000000004 2 2 2
58 0 1 0 12 12 12 0 0 0 0 23.0500000000001 27.7500000000006 3.9045224609375 2 2 2
52 0 0 1 2 4 1 0 1 0 0 11.01398828125 11.1556181640625 11.906244140625 2 2 2
18 0 0 0 6 3 6 0 0 1 0 4.00576708984375 3.81443969726563 10.9103662109375 3 2 2
31 0 0 0 7 7 3 1 0 0 0 13.9295791015625 12.3867890624999 11.294966796875 2 3 2
36 0 0 0 3 3 6 1 0 0 1 17.72616015625 15.5675000000001 17.617458984375 3 3 3
63 0 0 0 1 2 3 0 0 0 0 16.3467324218749 15.0317773437499 14.4919609375 2 2 3
65 0 1 0 12 3 9 1 0 0 1 19.043927734375 6.75461914062498 23.9071249999994 2 2 2
38 0 0 1 2 3 2 1 0 0 1 20.3 12.8 28.4999999999988 2 2 2
73 0 1 0 3 2 2 1 0 0 1 5.65012548828127 6.77919140625004 4.72263378906252 3 3 3
56 0 0 0 2 1 6 1 0 0 0 7.24457275390627 7.67908984375003 7.89023876953126 3 3 3
60 0 1 0 2 2 2 0 1 0 0 17.2623828125 17.721498046875 17.3603691406251 3 3 3
50 0 1 0 5 4 5 1 0 0 1 20.777431640625 23.3092382812495 24.3184765625005 3 3 3
57 0 0 0 5 5 7 1 0 0 1 14.2307910156251 16.0321777343749 13.7055429687499 2 3 3
40 0 0 0 4 5 4 1 0 0 0 2.568853515625 1.90206726074218 12.615400390625 3 3 3
71 0 0 1 1 2 1 0 0 0 0 4.71032812499999 5.65412207031253 5.68640380859373 3 3 3
38 0 0 1 2 2 4 0 0 1 1 7.16686816406252 7.40928173828124 9.40654785156246 3 2 2
66 0 0 1 3 1 1 1 0 0 1 7.70672265625003 13.4584013671875 9.09446679687503 3 3 2
69 0 0 1 1 1 1 1 0 0 0 6.144888671875 3.54601953125001 5.68230126953122 2 2 2
38 0 0 0 2 1 3 1 0 0 0 10.4747333984375 10.33901171875 9.38494140624997 2 2 2
16 0 0 0 4 3 3 0 0 1 0 0.323634948730468 1.14183337402344 1.50916088867188 2 2 2
56 0 1 0 6 5 5 1 0 0 1 40.0267890624992 25.1373613281243 29.895464843749 2 2 2
54 0 0 0 4 10 2 1 0 0 0 3.34403491210938 4.21143994140626 2.75346093750001 3 3 3
69 0 0 1 5 5 2 1 0 0 1 11.7782470703125 13.1289892578125 7.60727197265627 3 3 3
65 0 0 1 4 2 3 1 0 0 0 10.86037890625 10.39210546875 10.9458837890625 2 2 2
66 0 0 1 5 2 6 1 0 0 1 6.58969726562497 6.79587841796878 7.18779687499999 2 2 2
60 0 0 1 2 3 3 1 0 0 0 9.74626757812497 9.23680664062499 9.89532226562499 2 3 3
46 0 1 0 5 4 5 1 0 0 0 31.8249414062506 31.8364882812492 29.4811132812509 2 2 2
19 0 1 0 9 11 9 0 0 1 0 12.5116259765625 12.9099306640626 13.7810810546875 3 3 3
38 0 1 0 5 3 3 1 0 0 1 3.439697265625 12.807435546875 10.1670947265625 3 2 2
44 0 1 0 4 5 4 0 1 0 0 10.2771240234375 9.47735156249997 8.09743798828122 3 3 3
72 0 0 0 5 5 8 1 0 0 1 12.7869619140625 9.46778710937495 6.9886357421875 3 2 2
52 0 0 1 1 2 2 0 0 1 1 9.33730957031255 8.83320019531248 9.00433496093748 2 2 2
48 0 0 0 7 6 3 0 0 1 1 14.63554296875 16.53 17.31025390625 3 2 2
58 0 0 1 7 8 12 1 0 0 1 23.2169843749998 30.2119999999988 39.3157460937506 3 3 3
24 0 1 0 4 3 3 0 0 1 1 6.92757910156251 11.752 13.5280449218751 3 3 3
38 0 1 0 3 3 3 0 1 0 0 33.9263632812487 30.7454101562494 32.1200703125012 3 2 2
31 0 1 0 6 5 5 1 0 0 1 1.22156005859375 17.8250000000001 32.215521484374 3 3 1
30 0 0 0 4 4 4 1 0 0 0 5.85376220703123 9.10087890625 7.73278613281251 2 3 2
59 0 0 0 12 12 12 1 0 0 1 27.1080351562497 58.4923281249978 79.8950000000009 3 3 3
67 0 1 0 5 3 6 1 0 0 1 9.39199316406245 8.79899609375001 10.310349609375 3 2 2
75 0 0 1 2 1 2 0 0 0 0 7.21557080078123 6.9436083984375 14.031109375 2 2 3
69 1 0 0 3 8 6 1 0 0 0 8.02406835937503 3.58728076171875 21.5143945312499 2 2 2
70 0 1 0 2 5 5 1 0 0 1 9.29199316406248 8.79899609375001 12.704787109375 2 3 3
41 0 0 1 2 2 3 1 0 0 0 11.6137802734374 7.80849511718749 7.48193701171873 2 1 2
53 0 0 0 2 1 1 1 0 0 0 1.8395 7.34800585937502 8.18498437499998 2 3 2
27 0 0 0 11 6 8 0 0 1 1 8.72734374999998 10.6795673828125 12.8138203125 3 3 2
47 0 1 0 10 7 5 1 0 0 1 18.9063867187499 19.37 20.907 2 2 2
22 0 1 0 7 3 3 1 0 0 1 9.67575781250002 12.909 13.3250000000001 3 3 2
17 0 0 0 4 4 7 0 0 1 1 2.52170654296875 3.4673076171875 1.92362268066406 2 2 2
38 0 1 0 9 7 8 0 0 1 1 20.573126953125 18.066630859375 14.2343017578125 2 2 2
36 0 0 0 3 4 4 0 0 1 0 9.16495996093752 17.95981640625 21.4578515625 2 2 2
55 0 0 1 7 5 7 1 0 0 0 15.2228115234375 17.92512109375 21.4478515625 3 3 3
36 0 0 0 9 10 6 1 0 0 0 14.036865234375 13.5068974609376 14.4246503906251 3 3 3
38 1 0 0 7 9 5 1 0 0 1 34.2083124999987 36.1457734374995 37.4646640625017 3 3 2
19 0 1 0 4 3 5 0 0 1 0 3.57141259765624 3.45525830078123 2.49856494140624 2 3 3
78 0 1 0 6 7 7 1 0 0 1 3.10800000000001 7.80617089843748 8.60490039062495 2 2 2
68 0 0 1 3 2 3 1 0 0 1 3.23420458984376 8.97942285156247 8.13951269531246 3 3 3
24 0 0 0 2 1 1 1 0 0 0 13.3288505859375 12.213306640625 11.9326904296875 2 2 2
28 0 1 0 3 4 4 1 0 0 1 10.075 4.88522802734377 12.4829707031251 2 2 2
36 0 0 0 2 2 4 0 1 0 0 21.4380000000001 11.79984765625 16.2481533203125 2 3 2
18 0 1 0 3 4 4 0 0 1 0 1.6055 7.63057714843748 11.0771572265625 3 3 2
30 0 0 0 3 2 3 1 0 0 0 23.5145000000003 24.8766582031255 26.2061210937499 3 2 2
29 0 0 0 3 8 5 0 0 1 1 0.19917999267578 4.64092187500001 13.9527958984375 3 2 2
28 0 0 1 3 2 2 1 0 0 0 3.92663867187499 8.7985205078125 12.7577734375 2 3 3
73 0 0 0 1 2 1 1 0 0 0 4.81739306640622 4.98104150390626 5.54232177734378 2 3 3
49 1 0 0 4 7 4 1 0 0 1 33.3316406249997 34.2323320312501 35.5653593750012 3 2 2
49 1 0 0 2 2 3 1 0 0 0 33.43975390625 32.6564316406247 32.7901601562506 3 2 2
65 0 0 1 2 1 1 1 0 0 0 5.3841953125 5.45389843750002 5.90747412109374 2 3 2
69 0 0 0 1 2 3 0 0 0 0 8.77164746093749 8.94119140625003 9.33476660156248 3 3 3
36 1 0 0 8 9 8 1 0 0 1 28.8221718750014 28.2217109375013 29.9030019531243 2 3 2
37 1 0 0 10 5 6 1 0 0 0 12.929625 13.05869921875 11.6945263671875 3 3 3
40 0 0 1 5 1 3 1 0 0 1 16.694849609375 17.00708203125 18.5999999999999 2 2 1
33 0 1 0 4 2 1 1 0 0 0 26.2045371093756 27.5693144531256 20.3412265624999 3 3 3
33 0 0 0 1 9 2 1 0 0 1 13.25 13.78 14.2800000000001 3 2 3
79 0 0 1 1 1 2 0 0 0 0 8.33691894531253 9.24722070312496 4.61939355468752 2 2 2
33 0 1 0 4 3 1 1 0 0 0 14.0255380859374 14.6338779296874 15.3457929687501 3 2 3
30 0 1 0 11 10 6 1 0 0 1 17 19.0000000000001 20.5 2 2 2
40 0 0 0 3 3 2 1 0 0 1 15.6809599609374 15.932533203125 17.970953125 3 3 3
38 0 0 0 3 2 1 1 0 0 0 11.2978876953125 12.620310546875 14.557083984375 2 3 2
65 0 1 0 3 4 1 1 0 0 1 19.2747812500001 20.107390625 21.5499999999999 2 2 2
62 0 0 1 9 5 6 1 0 0 1 8.32972265624996 8.42963671874997 6.68520019531253 2 2 2
59 0 0 1 2 6 6 1 0 0 0 13.2071591796875 14.3225917968749 17.9554335937499 3 3 3
38 0 1 0 4 2 6 0 1 0 0 17.8573906250001 16.75 17.5000000000001 2 2 2
48 0 1 0 9 9 9 1 0 0 1 21.91662890625 22.8175527343739 23.3877597656252 2 2 2
18 0 0 0 11 12 12 0 0 1 1 2.15006030273438 0.519479248046876 7.8923583984375 2 2 2
45 0 1 0 12 9 8 0 0 0 1 61.3966523437507 63.9105390624979 51.537648437498 2 3 2
43 0 0 0 9 5 6 1 0 0 0 9.03498632812503 12.5798544921875 14.259462890625 3 3 3
61 0 0 0 6 7 7 1 0 0 1 24.0896855468745 15.63744140625 23.6714550781258 3 3 2
58 0 0 0 1 1 1 0 0 0 0 11.7191337890625 17.5585546875001 13.264853515625 1 2 1
32 0 0 0 5 4 4 1 0 0 1 14.4710859375 16.3749033203125 24.691789062501 2 3 3
30 0 0 0 4 3 1 1 0 0 0 12.54 13.19 13.5820000000001 2 2 2
73 0 0 0 6 9 6 1 0 0 1 8.92798437499997 9.72157421874997 9.43753417968746 3 3 3
32 0 0 0 5 2 3 1 0 0 0 8.53958886718753 6.8175146484375 5.46540527343748 3 2 3
31 1 0 0 3 3 3 1 0 0 1 18.7569296874999 20.2751191406249 21.2223847656251 3 3 3
36 1 0 0 5 6 3 1 0 0 1 24.6452656250005 25.2096992187491 27.1203242187492 2 3 2
39 0 0 0 8 6 9 1 0 0 1 23.0583515624999 26.4209374999997 29.8204374999997 2 2 2
32 0 0 1 9 9 9 1 0 0 0 9.38740820312496 7.43424609375001 9.59868066406247 2 2 2
38 0 1 0 2 3 4 0 1 0 1 35.8522890624989 37.0499999999988 38.8881640624991 2 3 2
49 0 1 0 7 9 7 1 0 0 1 18.50716015625 19.909876953125 26.3895957031253 2 2 2
38 0 0 0 4 2 2 1 0 0 0 10.3340908203125 15.093552734375 18.0118710937499 2 2 2
47 0 0 0 4 2 1 1 0 0 1 19.5 21.1 22.3999999999993 3 3 3
38 0 0 0 1 4 3 1 0 0 1 28.7500566406264 28.7155136718756 22.2541035156243 2 2 2
55 1 0 0 3 4 4 1 0 0 0 7.29461669921872 9.63320019531248 9.95999999999996 3 3 3
65 0 1 0 2 5 7 1 0 0 1 12.5241640625 12.358888671875 16.9072714843751 3 3 3
26 1 0 0 3 9 8 0 0 1 0 15.2862578125 16.1569287109375 18.6143183593751 3 3 3
46 0 1 0 1 5 5 1 0 0 1 33.112472656251 35.3736992187483 35.423699218751 3 2 2
45 1 0 0 4 2 4 1 0 0 0 21.8243808593751 22.7362929687508 27.4869453124999 2 2 2
22 1 0 0 5 10 11 0 0 1 0 1.608 20.0000000000001 22.5831718750003 2 2 2
21 0 0 0 2 4 6 0 0 1 0 3.9183291015625 0.190520004272461 10.2880234375 2 2 3
45 0 1 0 12 11 7 1 0 0 1 59.5207851562488 65.0000000000016 64.4380078124991 3 3 3
45 0 0 0 6 4 4 1 0 0 0 6.87184863281247 5.0549619140625 4.57769677734373 3 3 3
61 0 1 0 4 6 6 1 0 0 1 17.93525390625 22.7039042968746 20.4978710937499 2 2 2
24 0 1 0 8 4 6 0 0 1 0 15.2635107421874 15.2114501953124 15.563712890625 2 2 2
41 0 1 0 4 10 5 1 0 0 0 11.457525390625 12.69180078125 9.66900000000003 2 3 3
65 0 1 0 1 4 3 0 0 0 0 4.16661621093748 5.75476074218752 6.74876708984376 3 2 2
46 0 0 0 6 4 9 1 0 0 0 3.75316040039063 2.28639526367188 1.44069360351562 2 3 2
49 0 1 0 1 2 1 1 0 0 0 16.9496738281251 17.7133945312501 21.016166015625 2 2 3
21 1 0 0 4 11 9 0 0 1 0 0.43583508300781 11.4455634765625 10.9354619140625 3 3 3
51 1 0 0 10 9 10 1 0 0 1 48.16986328125 54.3829140624995 55.3630507812517 2 3 3
37 1 0 0 3 3 5 1 0 0 1 17.381736328125 14.5942607421876 16.064591796875 2 2 2
38 1 0 0 2 2 3 1 0 0 0 31.4943671875007 38.3002851562493 42.261128906249 2 3 3
29 1 0 0 9 6 3 1 0 0 1 27.0000000000009 28.5790703125012 28.068822265626 2 2 2
28 1 0 0 3 6 3 1 0 0 0 15.7921484375 15.3097861328125 8.19459179687502 3 3 3
57 0 1 0 8 7 10 1 0 0 1 16.0396044921875 14.1 18.559705078125 2 2 3
51 0 0 0 3 3 2 0 1 0 0 6.79457812500002 10.6715224609375 10.1428681640625 2 2 2
24 0 1 0 3 3 3 1 0 0 0 12.9099306640626 12.8048505859375 12.9197568359375 2 3 2
50 0 1 0 3 4 3 1 0 0 1 25.1284863281263 27.2203242187505 25.3189374999987 3 2 3
48 0 1 0 6 4 3 1 0 0 1 23.1777832031239 23.3016796874991 24.5026015624988 2 2 2
44 0 1 0 3 7 4 1 0 0 0 4.59052880859377 3.14700366210939 1.2 2 2 2
67 1 0 0 3 2 1 1 0 0 1 16.8769765625 14.3231914062501 14.9623515625 2 2 2
68 0 0 0 5 8 4 0 0 0 0 13.2304375 15.2109892578126 10.5916083984375 3 3 3
30 0 1 0 6 4 6 1 0 0 1 19.943 17.5151562500001 20.40694140625 2 2 3
29 0 1 0 4 6 5 1 0 0 0 17.7146425781251 18.6100000000001 19.40156640625 2 2 3
31 0 0 0 6 6 6 1 0 0 0 21.66511328125 23.9170195312505 27.1595136718744 3 3 3
52 1 0 0 4 5 6 1 0 0 1 53.0000000000022 65.7499999999992 74.9999999999965 3 3 3
59 0 0 0 6 3 9 1 0 0 0 23.117691406251 28.5842773437498 29.2524570312504 3 3 3
51 0 1 0 6 3 4 1 0 0 1 27.4606250000005 28.8810078125 30.0000000000002 3 2 2
46 0 1 0 5 6 7 1 0 0 0 7.91977783203121 8.16316162109372 8.90929101562505 3 3 2
19 0 0 0 11 8 9 0 0 1 0 4.77692871093752 6.72517333984375 11.817142578125 2 2 2
56 1 0 0 1 2 1 1 0 0 0 10.222978515625 17.6243066406249 11.6005458984375 3 3 3
19 0 0 0 4 3 4 0 0 1 0 2.3038056640625 0.999230773925777 3.11277954101562 3 3 2
70 0 0 0 2 1 2 1 0 0 0 3.18605273437499 3.28850341796875 3.86151464843751 3 2 3
55 1 0 0 5 5 9 1 0 0 1 34.3729335937496 35.1129335937514 37.0700000000008 3 3 3
58 0 1 0 5 3 9 1 0 0 0 32.0299999999999 33.7999999999996 48.4566953124994 3 2 3
33 1 0 0 1 12 12 1 0 0 1 99.9999999999972 123.000000000005 104.9498515625 2 3 3
33 0 0 0 3 6 9 1 0 0 0 2.04858471679688 4.92950048828127 7.09775048828126 3 2 3
31 0 0 0 8 6 6 0 0 1 0 24.2172890624992 32.3033417968761 35.045765625 2 2 2
79 0 1 0 1 4 1 0 0 0 1 40.3684609375009 34.2201757812484 45.0510585937521 3 2 3
80 0 0 0 6 4 5 0 0 0 0 11.197830078125 15.371150390625 11.606509765625 3 3 3
44 0 1 0 4 3 9 1 0 0 1 42.1504531250009 42.7579609374997 46.0346406249978 3 2 3
43 1 0 0 4 5 7 1 0 0 0 14.4387763671876 14.0978349609374 20.3215449218751 3 3 3
36 1 0 0 4 4 4 1 0 0 1 24.299999999999 24.9500000000009 26.7406308593738 3 3 3
35 1 0 0 2 1 3 1 0 0 0 7.51423974609375 17.2486230468751 11.827873046875 3 3 2
54 0 1 0 1 4 2 1 0 0 1 10.4 12.6441005859375 10.4285712890625 3 3 3
45 0 1 0 2 2 1 0 1 0 0 18.0898593750001 17.9954941406251 18.0387617187501 2 3 2
52 0 0 1 1 1 3 0 1 0 0 5.82399999999999 6.6037998046875 7.34599999999998 2 3 2
39 0 0 0 9 8 9 1 0 0 0 11.8971923828125 10.32758203125 11.20415234375 2 3 3
53 0 0 0 10 9 10 1 0 0 1 20.784 23.1706074218749 17.5180000000001 3 3 3
31 1 0 0 9 8 11 1 0 0 1 25.0071015624994 28.143648437501 28.9702089843748 2 2 2
61 0 0 1 2 2 1 1 0 0 0 1.60416259765625 1.77339184570312 1.87339184570312 3 2 3
60 0 1 0 4 5 3 1 0 0 1 27.6212480468762 28.4110859375011 29.1000000000005 3 3 3
27 1 0 0 2 9 5 1 0 0 1 27.9274843750009 26.8310312499989 27.2467304687497 2 3 3
42 1 0 0 8 7 5 1 0 0 1 26.819861328126 26.9203242187504 25.7776289062507 2 2 2
51 0 1 0 8 8 3 1 0 0 1 20.0000000000001 39.4999999999995 24.9999999999991 2 3 3
38 0 1 0 9 4 6 0 0 1 1 27.8556542968736 38.9712148437513 35.4241210937515 2 3 2
28 0 1 0 4 5 6 1 0 0 1 12.6957109375001 15.1180146484374 15.55 3 2 2
63 0 1 0 4 4 3 1 0 0 1 15.7 43.3189999999986 38.2053789062486 2 2 3
50 0 1 0 1 3 4 1 0 0 0 13.2699765624999 13.9361435546875 14.901154296875 2 2 3
61 0 1 0 1 3 7 1 0 0 0 12.4945664062499 11.6874453125 20.8018671875001 3 3 3
43 0 1 0 8 7 2 1 0 0 1 0.767878662109375 6.937427734375 4.8637412109375 2 2 2
54 0 0 1 6 5 6 1 0 0 0 10.9625 11.635 11.31 3 3 3
69 0 0 1 3 2 6 1 0 0 0 4.6077724609375 6.05338085937499 6.30431005859376 2 3 3
30 0 1 0 2 7 5 1 0 0 1 7.99988964843747 19.9953808593751 21.016166015625 3 3 2
80 0 0 0 1 2 3 0 0 0 0 11.066689453125 9.42541210937498 11.5149482421875 1 3 2
43 0 1 0 8 5 9 1 0 0 1 18.229923828125 17.9824667968751 18.6069296875 3 2 3
64 0 0 0 1 4 1 1 0 0 1 8.81909667968751 9.32733203124999 9.667533203125 3 3 3
48 0 1 0 2 3 1 1 0 0 0 14.8586992187501 15.2910322265625 14.5954648437499 3 2 2
70 0 0 1 7 1 3 1 0 0 1 10.7281806640625 11.0679990234375 12.82190234375 3 3 3
65 0 0 1 3 2 7 1 0 0 0 5.85960986328122 6.62608056640625 6.237982421875 3 3 3
54 0 0 1 2 1 3 0 0 1 0 11.0101162109375 10.7895146484375 15.5218535156249 2 1 2
52 0 1 0 6 3 7 1 0 0 1 23.5638359374988 21.4877656250001 22.237396484374 2 2 2
26 0 0 0 5 5 3 0 0 1 1 0.00120000004768372 14.4707822265625 11.94191796875 2 3 2
45 0 1 0 6 5 6 1 0 0 0 8.04975927734372 10.4914150390625 13.179734375 3 3 2
49 0 1 0 6 4 3 1 0 0 1 22.9196308593757 23.3639726562507 24.0605078125004 3 3 3
57 0 1 0 5 6 3 1 0 0 1 32.7338652343755 33.1454960937511 34.3644335937512 3 3 3
56 0 0 0 3 2 1 1 0 0 0 9.01291015625003 8.80877636718749 9.25912207031249 3 3 3
67 0 0 1 1 1 2 0 0 0 0 5.23633154296875 1.2797978515625 4.09535229492187 2 1 1
56 0 0 1 2 4 5 0 1 0 0 8.38411132812503 2.27065332031249 14.0867978515625 3 3 3
37 0 0 0 4 4 2 1 0 0 0 10.68643359375 13.8725 6.39150683593752 3 2 2
33 0 1 0 7 8 5 1 0 0 1 16.3160048828126 16.5124707031249 17.7133945312501 2 3 2
48 1 0 0 1 4 6 1 0 0 1 42.3505781249987 43.056328124999 43.0651289062494 2 2 2
48 1 0 0 1 5 4 1 0 0 0 23.5249042968746 28.4037734375001 27.0105117187492 2 2 2
37 0 0 0 4 3 4 1 0 0 0 16.0125771484374 19.9635781249999 18.7389296874999 3 3 3
66 0 1 0 9 6 7 1 0 0 1 16.62029296875 19.4912109375 17.8691914062499 3 3 3
74 0 0 0 3 2 7 1 0 0 1 11.270791015625 12.1543837890625 9.52053222656247 3 3 3
65 0 0 1 2 1 2 1 0 0 0 5.18082910156251 5.3619794921875 5.52117089843749 2 3 3
57 0 0 1 10 4 3 1 0 0 1 9.36582519531248 6.45778125000002 7.08705273437499 3 1 2
56 1 0 0 10 8 8 0 0 0 0 8.37559277343752 6.83436621093746 3.98049999999999 2 2 2
26 0 1 0 2 5 4 0 0 1 1 11.0609287109375 18.59 7.35184765624998 2 3 2
22 0 0 1 7 8 12 0 0 1 1 2.27930102539063 0.238149993896485 5.296552734375 3 3 2
36 0 0 0 12 12 4 1 0 0 1 32.3157695312503 35.0078828125001 30.2900000000005 2 2 2
28 0 1 0 3 4 6 1 0 0 1 5.20000000000001 8.69882714843746 5.20000000000001 2 3 3
27 0 0 0 4 2 2 1 0 0 0 5.88845654296875 2.76561718750001 8.3868955078125 3 3 2
77 0 0 1 2 2 2 1 0 0 0 2.36148242187501 6.76319140624998 6.932779296875 2 2 2
76 0 0 0 3 6 3 1 0 0 1 7.34240917968752 5.53121875000002 6.89259277343752 2 3 3
78 0 0 1 2 3 2 0 0 0 0 9.50288281249996 13.8156044921874 7.63567773437503 2 2 1
34 0 1 0 12 4 9 1 0 0 0 1.18426196289062 5.24765039062501 1.53290551757814 2 2 3
67 0 0 1 4 1 3 0 0 0 0 7.40614306640625 7.20867480468751 0.72 3 2 3
29 0 0 0 2 4 2 0 0 1 0 13.393744140625 12.9461552734375 12.76540234375 3 3 3
63 0 0 1 9 7 7 0 0 0 0 6.23830175781247 6.40242333984374 7.70315039062502 3 3 2
41 0 0 0 1 1 1 1 0 0 1 29.630486328126 28.845880859376 22.820552734376 2 2 2
40 0 0 0 9 9 12 1 0 0 0 11.70554296875 14.0292353515626 13.1808916015625 3 2 2
22 0 0 0 2 5 2 0 0 1 0 6.22124951171878 7.66309472656247 7.92609716796877 3 2 1
45 0 0 1 4 10 7 1 0 0 1 11.579287109375 16.2499999999999 14.6 3 3 3
37 0 0 0 7 4 3 1 0 0 0 13.5809697265626 5.37687353515624 10.2006259765625 2 2 2
47 0 1 0 5 4 4 1 0 0 1 13.64875 3.49560400390627 16.328 3 3 3
17 0 0 0 9 7 12 0 0 1 1 2.218796875 15.0115468749999 17.4133945312501 2 3 3
87 0 0 1 6 7 6 0 0 0 1 8.37300390624998 8.71806054687501 7.21179345703124 2 2 2
38 0 1 0 5 4 4 0 1 0 1 19.1522890624999 19.000587890625 26.0455624999992 2 1 2
44 1 0 0 6 7 6 1 0 0 0 8.53217578125001 6.80188281249999 8.53791015625 2 1 1
44 0 0 0 9 7 4 0 1 0 1 25.6748749999991 26.859082031251 26.4376289062508 2 2 3
53 0 0 0 7 8 2 1 0 0 1 17.8013203125 24.4526875000009 15.5962412109374 3 3 3
28 0 0 0 8 5 4 0 0 1 1 10.3726767578125 14.1468828124999 14.50716015625 2 2 3
54 1 0 0 1 3 1 0 0 0 0 4.93779882812498 5.14004296875002 3.896107421875 3 3 3
52 0 1 0 3 3 3 1 0 0 1 16.8069296874999 13.2401474609375 7.99999999999997 2 2 3
46 0 0 0 3 2 1 1 0 0 0 16.70802734375 14.4594951171875 14.459123046875 2 2 2
39 0 1 0 8 2 8 1 0 0 1 17.0711308593749 18.506236328125 20.06235546875 2 2 2
34 0 0 0 1 2 2 1 0 0 0 10.5073134765625 9.71795410156255 8.10437109374999 3 3 2
30 0 1 0 8 4 4 1 0 0 1 19.1742382812499 20.75196484375 21.7127031249999 2 2 2
38 0 1 0 2 2 4 1 0 0 0 7.09691015624996 3.25439453125001 3.66998974609375 3 3 3
40 0 1 0 12 12 12 1 0 0 1 26.2860000000012 26.6500000000003 28.4641738281261 3 3 2
44 0 0 1 2 4 6 0 1 0 0 10.4055761718751 17.1989414062501 13.8036181640626 3 3 2
49 0 1 0 5 5 7 0 1 0 0 6.25069531250003 3.96250805664064 4.42571435546873 2 1 2
16 0 0 0 3 4 8 0 0 1 0 1.14361999511719 1.58848413085938 0.686242126464844 2 2 2
52 0 0 0 1 3 4 1 0 0 0 10.5680830078125 12.0090068359374 14.4491914062501 2 2 2
54 0 0 1 1 6 4 1 0 0 0 2.02921594238281 2.31743774414062 2.51893774414062 3 2 3
38 0 1 0 1 1 5 1 0 0 0 1.53835644531249 1.67223364257813 1.54360046386719 3 3 3
67 0 0 0 2 4 9 0 0 1 1 6.37202490234373 9.28879199218752 10.5825361328124 2 2 3
37 0 0 0 2 3 4 0 1 0 0 8.70908105468748 17.72682421875 15.608978515625 3 3 3
32 0 1 0 4 3 2 1 0 0 1 26.0184765624994 25.2906230468742 25.3688671874997 3 3 2
38 0 1 0 7 4 9 1 0 0 0 3.69124731445314 14.0704208984375 9.71324023437498 2 2 3
47 0 1 0 4 2 1 1 0 0 0 6.25329736328126 5.57772363281247 5.28701416015627 3 3 3
23 0 1 0 11 11 12 0 0 1 1 11.6420888671875 23.8022089843748 21.9385449218751 3 2 2
17 0 0 0 3 3 2 0 0 1 0 1.16725158691406 24.2464277343756 3.93427905273438 3 3 3
41 0 0 0 2 2 2 1 0 0 0 4.70010644531251 4.12200195312498 4.00752783203127 2 2 2
42 0 1 0 3 3 5 1 0 0 1 22.8179999999997 26.1349179687506 20.5839355468749 2 2 2
51 0 1 0 4 3 4 1 0 0 1 21.6157500000001 21.434490234375 17.4477871093751 2 2 2
44 0 1 0 2 1 2 1 0 0 0 14.2367216796875 10.957146484375 10.8539140625 3 2 2
61 0 0 0 5 3 3 1 0 0 0 2.96349511718749 10.731490234375 6.2584033203125 3 3 2
70 1 0 0 4 2 4 1 0 0 1 23.7542539062504 3.95954687500001 24.163695312501 2 2 2
22 1 0 0 4 2 4 0 0 1 1 0.515999999999999 5.04384228515626 1.49884606933594 2 3 3
52 1 0 0 2 4 2 0 1 0 0 39.7505351562514 37.7500000000011 40.4999999999987 3 3 2
39 0 0 0 5 6 4 0 0 1 1 11.612265625 12.84580078125 11.600125 2 1 2
33 0 0 0 1 1 4 1 0 0 0 3.8458056640625 6.74038867187498 7.71904101562501 2 2 2
23 0 0 0 5 3 4 1 0 0 1 9.48352539062499 7.58744873046874 5.177125 2 1 2
39 1 0 0 3 12 9 0 0 1 1 27.3648984374998 27.9773671875001 29.8287519531262 2 2 2
46 0 0 1 6 3 5 0 1 0 1 6.69333740234373 12.1471201171875 10.5560000000001 2 2 3
37 0 1 0 4 3 4 1 0 0 1 33.1235273437504 25.956466796874 19.6980898437499 3 3 3
41 0 1 0 3 9 7 1 0 0 0 3.21311767578126 8.48398632812499 1.55999987792969 3 3 3
17 0 0 0 3 11 2 0 0 1 0 0.473661041259765 5.72065234375 6.54900634765627 3 2 3
72 0 0 1 3 1 2 1 0 0 1 12.436244140625 12.747271484375 13.3487695312501 3 3 3
63 0 0 1 4 2 1 0 0 0 1 8.96857617187504 14.3578193359374 7.01561816406252 3 3 3
41 0 1 0 10 4 3 1 0 0 0 14.2301367187501 15.646322265625 15.7955722656251 3 3 3
27 1 0 0 6 4 5 0 0 1 1 11.778291015625 17.4038457031251 9.8290859375 3 2 1
23 1 0 0 9 12 9 0 0 1 1 12.5862050781249 13.5578525390625 24.7055214843741 2 2 2
61 0 1 0 2 5 2 1 0 0 1 8.55646679687501 10.357390625 10.6879902343751 2 3 3
60 0 0 0 2 1 6 1 0 0 0 10.69708984375 7.37064550781248 9.55682128906245 2 2 2
35 0 1 0 9 9 12 0 0 1 1 9.57550878906253 14.00554296875 14.077587890625 2 1 1
24 1 0 0 5 7 7 0 0 1 0 3.12688134765625 11.5536953125 13.95554296875 3 3 3
24 1 0 0 4 6 6 0 0 1 0 6.25000000000002 12.3813232421875 18.199998046875 3 2 2
42 0 1 0 1 3 3 0 1 0 0 6.14302929687503 7.88742578124998 7.37682373046874 3 2 2
20 0 0 0 2 7 7 0 0 1 1 0.895260009765626 9.38599999999998 8.48900000000003 3 3 3
27 1 0 0 10 9 6 1 0 0 1 28.4877597656256 30.4111894531248 28.4516250000012 2 3 2
28 1 0 0 7 9 7 1 0 0 0 34.7064687500004 37.0356796875009 40.5500000000017 2 3 3
33 0 0 0 4 7 7 1 0 0 0 4.9178251953125 7.51441015624999 9.00252636718754 2 2 2
35 0 1 0 5 4 4 1 0 0 1 15.8899648437499 19.434400390625 23.7899999999999 2 2 2
40 0 1 0 4 4 6 0 0 1 0 8.67902832031254 10.6397939453125 8.99237695312499 2 2 2
46 1 0 0 9 3 7 0 1 0 0 32.5468281250012 33.9798554687484 22.9969277343747 3 3 3
17 0 0 0 4 3 4 0 0 1 0 0.01 0.005 2.68601611328126 2 2 2
39 0 1 0 5 6 6 1 0 0 0 12.6993427734375 15.864966796875 21.4906933593749 2 3 2
41 0 0 1 2 2 1 1 0 0 1 15.4562578124999 16.9454082031249 25.0118808593739 2 3 2
67 0 1 0 4 4 5 1 0 0 1 15.482361328125 16.9900117187501 18.0745468750001 3 3 3
36 0 1 0 5 4 5 0 1 0 0 15.8016201171875 15.5470615234376 15.8421796875 2 1 1
33 0 1 0 5 1 2 1 0 0 1 19.71938671875 20.5034414062499 19.9138007812499 2 3 2
35 0 0 0 3 1 2 1 0 0 0 1.06917822265625 3.0519177246094 1.737841796875 2 3 2
43 0 1 0 9 10 7 1 0 0 1 30.4926601562487 27.5780000000004 23.898 2 2 2
38 0 1 0 12 12 12 1 0 0 0 27.749912109374 29.678693359375 40.7202343750016 2 2 2
41 0 1 0 10 10 7 1 0 0 1 29.4667890624985 29.8340429687515 31.3526152343752 3 3 3
51 0 1 0 4 4 3 1 0 0 0 10.706697265625 9.00646679687498 9.75727539062499 2 2 2
24 1 0 0 2 2 2 0 0 1 0 18.7987890625001 19.3043945312499 15.981822265625 2 2 3
59 0 0 0 4 5 4 1 0 0 1 20.864 14.5571298828125 14.827099609375 3 3 3
68 0 1 0 2 4 2 1 0 0 0 5.85712207031251 6.77161621093751 6.39161621093751 2 2 2
69 0 1 0 7 8 7 1 0 0 1 17.52721875 18.4020839843751 18.5457363281251 3 2 2
56 0 0 0 6 6 3 1 0 0 1 21 23.2 22.4999999999997 3 2 2
56 1 0 0 4 4 2 1 0 0 0 16.8010195312499 11.1738525390626 8.10600488281249 2 2 2
46 1 0 0 10 7 8 1 0 0 0 8.05097314453123 12.43 11.566 3 3 3
67 1 0 0 3 9 9 1 0 0 1 41.2836562500019 42.4072734374984 41.3077773437512 3 3 3
62 1 0 0 5 3 3 0 1 0 0 14.3542529296875 12.019103515625 10.86142578125 3 2 2
53 0 1 0 1 1 1 1 0 0 0 3.472 3.07599999999999 3.01841357421875 3 2 3
73 0 0 1 2 4 4 1 0 0 1 11.570458984375 6.35650488281252 21.048732421875 3 3 2
47 0 1 0 8 5 9 1 0 0 1 30.8064999999995 33.4165000000001 34.5865000000014 3 3 3
27 1 0 0 4 4 3 1 0 0 0 22.6313632812509 20.7699765624999 22.7078515625011 3 3 3
63 0 1 0 8 5 3 1 0 0 1 17.305599609375 18.175599609375 19.4120390625001 2 2 2
53 1 0 0 5 4 1 1 0 0 1 1 0.828413818359373 7.82800000000003 3 3 3
68 0 0 1 4 2 3 1 0 0 1 11.46501953125 13.92520703125 11.9865859375001 3 3 3
74 0 0 0 3 7 2 1 0 0 1 8.09129101562504 8.05084716796875 8.59105468750005 3 3 3
61 0 0 1 1 5 5 1 0 0 1 15.9595624999999 11.0017783203126 9.02947656249996 2 2 2
53 1 0 0 4 4 3 0 1 0 0 36.7500000000006 44.5138554687482 41.9999999999998 2 2 2
59 0 0 0 6 5 4 0 0 1 1 12.7560234375 6.09399999999997 13.2467822265625 3 2 2
51 1 0 0 3 4 2 1 0 0 0 3.06000000000001 11.1500000000001 19.7479999999999 3 3 3
51 1 0 0 4 4 2 1 0 0 1 5.20999999999998 4.79999999999999 17.5695 3 3 3
24 1 0 0 12 11 9 0 0 1 1 6.93821435546871 14.685861328125 16.008314453125 2 2 2
22 0 0 0 1 2 1 1 0 0 1 3.29946020507812 5.48331445312498 4.3581455078125 2 2 2
20 0 0 0 8 4 5 0 0 1 1 4.73871630859376 16.8521484375 11.83 2 2 2
55 1 0 0 7 4 9 0 0 1 1 23.6719999999989 12.5 2.14460009765626 3 2 2
68 1 0 0 2 1 2 1 0 0 1 11.796189453125 15.354412109375 15.728173828125 2 2 2
30 1 0 0 10 4 9 0 0 1 1 6.37777734375 16.8069296874999 33.997566406249 2 2 2
72 0 0 0 6 7 5 0 0 0 0 16.84558984375 6.99689746093749 15.575837890625 2 3 2
58 1 0 0 8 7 4 1 0 0 1 11.496 12.7319999999999 14.4 2 2 2
56 0 1 0 7 6 6 1 0 0 0 28.4919179687512 21.558314453125 25.0100000000009 2 3 3
42 0 1 0 4 6 3 0 1 0 0 19.469650390625 24.5612558593741 30.1021210937501 2 2 2
71 0 0 1 6 7 4 0 0 0 1 4.9795302734375 6.25191601562503 0.502212493896485 3 3 3
75 0 0 1 3 1 2 0 0 0 0 4.10692578125 6.42961523437499 7.96275781249999 2 3 3
61 0 1 0 3 2 5 1 0 0 0 7.86914648437502 8.36282812500001 0.952454223632815 2 3 2
37 1 0 0 6 9 8 0 1 0 1 31.4517656250006 32.3347070312498 23.0208124999997 2 1 1
46 0 0 0 3 1 7 1 0 0 0 11.5 12.504619140625 19.5092382812499 2 2 3
28 1 0 0 6 5 4 1 0 0 0 18.0148574218749 22.3968398437496 29.9937890625011 3 3 3
32 0 1 0 6 8 8 1 0 0 1 10.3721015625 17.09458984375 13.651447265625 3 3 3
28 0 0 1 4 1 3 1 0 0 1 6.81653222656248 12.33039453125 6.64001416015626 3 3 3
24 0 0 0 1 2 2 1 0 0 0 6.81155029296877 5.8444677734375 1.7824483642578 2 2 2
49 1 0 0 6 6 4 0 1 0 0 15.8120087890625 17.723625 19.71501171875 2 1 2
34 0 0 0 5 5 3 1 0 0 0 19.2949355468749 25.7527734375012 25.3979140625004 2 2 2
35 0 0 0 3 2 3 1 0 0 1 18.8 17.1599999999999 14.82 2 2 2
32 1 0 0 3 2 2 1 0 0 0 7.32729101562504 4.69508691406251 5.2096513671875 2 3 2
34 0 0 1 8 4 3 0 0 1 1 18.7480000000001 14.586 15.1579999999999 2 2 2
70 0 0 1 1 4 1 0 0 0 0 13.449716796875 13.469412109375 12.983029296875 3 3 3
32 0 0 0 3 4 4 1 0 0 0 15.8081298828125 14.386814453125 27.8267539062493 3 3 3
32 0 0 1 3 3 5 1 0 0 1 3.81039941406249 4.00091967773438 2.17169995117188 1 2 2
60 0 0 1 8 7 3 1 0 0 1 6.3012646484375 6.17367529296875 6.23520068359373 3 3 2
47 1 0 0 6 4 9 1 0 0 0 13.210162109375 13.46235546875 12.8618935546875 2 2 2
53 0 0 0 5 4 2 1 0 0 1 16.2124707031251 18.8736718750001 17.1732109375 3 2 3
65 0 0 1 7 4 6 1 0 0 0 4.62029248046875 5.17038330078127 5.32395849609375 2 3 3
26 0 0 0 4 3 4 0 0 1 0 12.7399999999999 11.262857421875 8.68896972656251 2 3 2
63 0 0 1 4 4 2 1 0 0 1 3.89112011718749 4.14504003906251 9.93418847656246 2 2 2
57 0 0 1 4 8 12 0 0 1 1 6.67620361328126 5.11864648437499 4.720404296875 3 2 2
65 0 0 0 1 1 1 0 0 0 0 5.29314794921874 5.53357470703126 6.31181494140624 3 3 3
51 1 0 0 5 8 6 1 0 0 1 26.9314550781251 28.2012890624989 21.3399999999999 3 2 2
54 1 0 0 6 7 6 1 0 0 0 28.5250468750005 31.1615468750009 32.4426093749996 2 1 3
48 0 0 0 1 10 6 1 0 0 0 8.22980468749996 9.98183691406247 10.504 2 2 2
38 0 0 0 2 6 7 1 0 0 1 11.587580078125 18.020365234375 21.2879453124999 2 2 2
29 0 1 0 2 3 5 1 0 0 0 13.9175830078125 15.204236328125 18.858279296875 2 2 2
36 0 0 0 4 4 5 1 0 0 1 6.23939501953126 4.32839990234375 9.60000000000002 3 2 2
29 0 1 0 4 4 3 1 0 0 1 13.6550000000001 15.9619287109375 18.0302929687501 2 2 2
26 0 0 0 1 1 2 1 0 0 0 12.8340458984375 9.10994140624999 8.26735937499998 2 2 2
51 0 0 0 3 1 3 1 0 0 0 5.34527343750002 5.46310742187503 3.71305566406252 2 2 3
25 0 1 0 1 3 3 0 0 1 0 2.25463842773436 4.71248876953123 4.46188769531249 2 3 3
45 0 0 0 5 4 6 1 0 0 1 12.9369394531249 12.2329052734375 17.7824492187499 2 2 2
17 0 0 0 4 9 2 0 0 1 1 4.71494335937499 7.17788818359377 10.41 3 3 3
50 1 0 0 2 6 4 1 0 0 0 16.459728515625 11.23438671875 8.3146328125 2 2 2
40 1 0 0 3 5 2 1 0 0 1 33.7915000000017 33.5979218749987 38.0108203124988 2 2 2
24 0 0 0 6 11 2 0 0 1 1 4.37142871093752 14.421478515625 14.7500000000001 1 1 2
75 0 0 1 5 2 1 0 0 0 0 10.40729296875 16.1203037109374 13.8713466796875 3 1 2
74 0 0 1 1 2 2 0 0 0 0 6.13697607421873 10.193115234375 9.95216601562501 2 2 2
50 0 0 0 4 5 3 1 0 0 0 3.90807324218749 7.02687939453126 5.36908984375002 2 2 2
34 0 0 0 4 8 5 1 0 0 1 16.558779296875 15.8587792968749 17.6 2 2 2
22 0 0 0 3 4 6 0 0 1 1 13.1640878906249 25.2053105468748 20.306447265625 2 3 3
79 0 0 0 3 1 1 0 1 0 0 7.91579589843747 12.365712890625 2.77140942382814 3 3 3
76 0 0 1 9 4 11 1 0 0 1 10.7997333984375 8.43387890625001 10.694076171875 3 3 3
59 0 0 0 3 1 1 0 0 0 0 26.1091738281253 7.5450849609375 27.7837636718762 3 3 2
32 0 1 0 12 12 12 0 0 1 0 19.1968828125 20.558314453125 20.558314453125 2 3 3
73 0 0 1 9 11 11 1 0 0 1 9.32095605468748 10.02084765625 10.15284765625 3 3 3
31 0 0 0 3 4 9 1 0 0 1 18.464341796875 17.6758300781249 21.4358300781251 3 3 2
28 0 1 0 4 2 3 1 0 0 0 8.58285742187499 8.16413232421878 10.48875390625 3 2 2
54 0 0 1 4 1 3 1 0 0 0 10.8378691406251 11.7967294921875 6.99259912109371 2 3 3
48 0 0 1 6 4 6 1 0 0 1 7.91028222656248 6.03184912109372 6.06021533203127 3 2 2
55 0 0 0 5 3 1 1 0 0 0 0.751200012207028 2.50059985351561 5.53617968749998 2 2 2
59 0 0 1 1 1 2 0 1 0 0 9.98727441406251 9.03240820312502 18.5460859374999 3 3 3
31 0 1 0 6 6 12 0 1 0 0 10.707056640625 11.26964453125 13.9619091796875 2 3 3
64 0 0 0 6 8 5 1 0 0 1 4.67171679687501 7.21931250000001 10.165412109375 3 3 3
57 0 0 1 1 5 4 1 0 0 0 4.0441613769531 0.0999999999999999 1 3 3 3
52 0 0 1 9 9 8 1 0 0 1 8.75000000000001 16.51 16 3 2 2
50 0 0 0 1 3 6 1 0 0 0 5.18509423828123 6.39412792968749 10.8008681640625 2 3 2
25 1 0 0 12 12 10 0 0 1 1 22.3385253906249 23.7500000000003 26.2500000000008 2 2 2
23 1 0 0 9 6 11 0 0 1 0 9.54708984375 12.7530898437501 10.4335712890625 3 3 3
82 0 0 1 3 1 1 0 0 0 0 6.70425292968749 7.10408251953126 9.06801855468746 3 2 2
70 0 0 1 3 2 2 0 1 0 0 6.40777734374998 6.49765527343747 7.24742333984373 3 2 3
67 0 0 1 2 2 2 0 0 0 0 7.99352734374997 7.80630126953122 8.197845703125 3 3 3
55 0 1 0 1 2 1 0 1 0 0 8.26263476562502 10.0900000000001 5.71999999999998 3 3 3
63 0 0 1 5 1 3 1 0 0 0 3.56688525390626 3.07482763671874 3.75049121093749 3 3 3
23 0 0 0 9 4 11 0 0 1 1 0.88571423339844 2.04710412597655 13.504619140625 2 2 2
44 0 0 0 3 2 1 0 1 0 0 26.9460000000002 23.1559550781261 18.4490761718749 3 3 2
44 0 1 0 8 9 2 1 0 0 1 21.3999999999999 21.695158203125 25.2375703125 2 2 2
42 0 0 0 3 8 3 1 0 0 0 13.0605576171875 13.5585000000001 14.1136601562499 2 2 2
76 0 0 1 3 9 1 1 0 0 1 17.9799609375001 19.56212890625 19.9747460937501 3 2 3
31 0 0 1 12 12 10 0 0 1 1 7.26683007812499 6.63725341796879 9.93862402343746 2 3 3
42 0 0 0 2 8 2 0 1 0 1 10.4 10.916 11.02290625 2 2 2
39 0 0 0 4 2 6 0 1 0 0 15.6662373046876 11.364962890625 12.8081679687501 2 3 3
19 0 0 0 8 5 12 0 0 1 1 5.45848486328126 12.0120439453125 13.7625869140626 3 3 2
30 0 1 0 7 7 8 1 0 0 1 13.13598828125 13.7449609375 9.49999999999998 3 2 2
29 0 1 0 5 1 2 1 0 0 0 13.79053125 11.4167978515625 8.33416308593746 3 3 3
82 0 0 1 1 1 4 0 0 0 1 9.77749804687496 10.247271484375 9.93279492187497 3 2 1
29 0 0 1 5 12 3 1 0 0 1 5.6131376953125 12.5552236328124 0.101199996948242 2 2 2
47 0 1 0 8 10 4 0 1 0 1 14.7500000000001 15.75 17.159556640625 2 3 2
19 0 0 0 8 8 12 0 0 1 1 0.872099426269529 12.540541015625 15.489099609375 3 3 3
41 0 0 1 5 4 3 0 1 0 0 11.7071103515625 12.2426132812499 11.48182421875 1 2 2
43 0 0 0 7 9 8 0 1 0 1 25.484734375 29.4675468749996 34.4739023437515 2 2 2
18 0 0 0 5 8 4 0 0 1 0 0.899 9.66269531249997 11.1798759765625 2 2 2
32 0 0 0 5 12 8 0 1 0 1 19.5237050781251 21.2220078124999 21.3505781250001 3 3 3
29 0 0 0 3 2 3 1 0 0 0 12.557708984375 12.3418408203125 11.936125 3 2 2
39 0 0 0 5 3 3 1 0 0 1 31.1043886718735 34.1182460937498 36.7137500000001 2 2 2
37 0 1 0 7 8 4 1 0 0 0 19.539177734375 19.64289453125 19.5874902343751 2 3 2
61 0 0 1 5 2 9 1 0 0 0 5.40000000000002 5.42953369140627 5.69119189453123 2 3 2
62 0 0 1 6 3 9 1 0 0 1 12.12790625 14.02403515625 18.3152109375 3 3 2
34 0 1 0 2 2 2 0 1 0 0 18.444166015625 16.8220507812501 15.230703125 3 3 3
40 1 0 0 2 2 12 0 1 0 1 36.0277148437514 23.05290234375 3.99750219726562 3 2 3
62 0 0 1 4 4 9 1 0 0 1 14.990259765625 15.46403515625 21.6000000000001 3 2 3
61 0 0 1 4 3 5 1 0 0 0 4.30373632812499 4.35072167968749 4.59899609375002 3 3 3
29 1 0 0 3 3 3 1 0 0 0 15.81010546875 16.3092480468749 9.84542285156252 2 2 2
46 0 1 0 4 4 6 1 0 0 1 26.7125468749998 47.0493125000002 25.8083144531251 3 2 2
65 0 0 1 7 3 9 0 0 0 1 11.293095703125 9.93935253906252 14.1393525390626 3 3 3
49 1 0 0 4 1 4 0 0 1 0 11.5120126953125 9.24346679687502 9.51677734374998 2 2 2
75 0 0 1 9 2 2 0 0 0 0 4.92025000000002 9.68356249999996 8.70339062499997 3 3 3
49 0 0 1 9 7 12 1 0 0 1 19.51061328125 19.89 20.8684531250001 3 2 2
26 0 0 1 7 4 5 0 0 1 1 14.4618007812501 14.4110859375 13.8984824218751 2 3 3
24 0 0 1 12 5 8 0 0 1 1 10.1905703125 12.1690898437501 6.32574560546876 2 2 2
50 0 0 0 1 1 1 1 0 0 0 5.40988427734373 0.823253540039058 8.16712255859375 2 2 1
37 0 1 0 7 7 9 1 0 0 1 20.1154746093749 21.3163984375 21.916859375 2 3 3
33 0 1 0 3 9 8 1 0 0 0 19.9253378906249 22.3890234375004 21.2237480468749 2 3 2
59 0 0 1 12 10 6 1 0 0 1 56.0000000000008 58.8636171874997 52.0000000000018 3 2 2
53 0 0 1 4 2 7 1 0 0 1 9.29107714843749 3.50815917968752 12.14026953125 2 3 3
17 0 0 0 7 5 1 0 0 1 0 10.569 10.92 1.86173156738281 3 3 3
43 0 0 1 12 9 1 1 0 0 1 27.2008222656244 20.3907988281251 48.2060039062512 2 2 3
20 0 0 0 4 5 9 0 0 1 1 11.829099609375 11.3203095703125 23.6359550781261 2 2 2
53 0 0 1 5 3 2 0 1 0 1 7.18132128906248 6.96651367187502 7.48731347656254 2 2 2
55 0 0 0 8 8 9 1 0 0 1 24.1800000000004 24.9800000000008 26.7999999999987 2 3 2
29 0 0 0 6 9 5 0 0 1 0 11.865359375 18.6348437500001 16.10804296875 2 2 2
37 0 0 0 5 3 5 1 0 0 1 24.4225136718757 26.9015742187512 21.754734375 2 2 2
30 0 0 0 4 4 5 1 0 0 0 6.10839306640627 7.89338964843752 8.79316601562505 2 1 2
72 0 0 0 1 3 2 0 1 0 0 6.50692578124997 6.86250390624999 8.00238378906251 3 3 2
54 0 0 0 3 6 3 1 0 0 0 5.74221728515623 5.38221728515624 5.49999999999999 3 2 2
34 0 0 0 2 5 3 0 1 0 0 9.24228710937498 14.5168486328125 12.3801923828124 3 2 2
61 0 0 0 2 2 7 1 0 0 1 11.5 12.966 12.75 3 2 2
59 0 0 0 1 1 1 1 0 0 0 1.25 3.63371240234375 19.813060546875 2 2 3
68 0 0 0 1 2 1 1 0 0 1 6.57317285156251 7.00185351562501 7.86712646484378 2 2 2
66 0 0 0 6 4 6 0 0 0 1 14.65816796875 15.426443359375 15.4612109375 3 3 3
47 0 0 0 9 3 5 1 0 0 1 25.3480390624994 31.8519550781261 31.7459609374985 2 3 2
60 0 0 0 8 7 7 1 0 0 1 17.9769296875 18.59 20.0299999999999 2 2 2
41 0 0 0 9 10 12 1 0 0 1 30.0479121093743 22.8175507812508 25.4180136718752 2 3 3
19 0 0 0 3 4 5 0 0 1 0 7.55522119140626 12.3450615234375 13.2523046875001 3 2 3
33 0 1 0 5 6 6 1 0 0 1 21.78201953125 22.0331191406258 23.0074003906246 2 2 2
83 0 0 1 2 1 1 0 0 0 0 9.27738671875002 5.51773681640628 9.72214160156251 2 2 2
44 0 0 0 6 3 3 0 0 1 0 15.577853515625 12.096890625 3.89998681640625 2 2 2
37 0 0 0 4 1 9 1 0 0 1 42.2440000000015 36.6573945312516 18.2206953125 3 2 2
51 0 0 0 5 2 8 1 0 0 1 26.1320097656258 21.88 14.21628125 3 2 2
56 0 0 1 7 7 8 1 0 0 1 7.20000000000002 37.8314296874998 12.32 3 3 3
46 0 0 1 3 4 3 1 0 0 0 12.6230849609375 14.476 14.4710429687499 3 2 2
71 0 1 0 1 1 2 1 0 0 1 6.42807324218752 6.60375585937502 6.80852490234372 2 3 2
74 0 0 1 2 5 1 0 0 0 1 10.64143359375 11.0263925781251 12.8987734375 2 2 2
46 1 0 0 5 3 3 0 1 0 0 31.2114335937513 32.6189394531264 34.172054687501 2 2 2
71 0 1 0 5 6 7 0 0 0 1 17.221306640625 18.711921875 17.64273828125 3 3 3
53 0 0 0 6 6 4 1 0 0 1 29.4999999999997 27.0000000000009 27.0000000000009 3 2 2
67 0 0 1 4 3 3 0 1 0 0 9.90895605468752 9.92965527343745 9.83442382812498 2 2 2
58 0 1 0 10 7 9 1 0 0 1 33.25 29.5285703124994 21.687134765625 3 3 3
34 0 0 0 6 1 9 1 0 0 0 19.3445624999999 16.229287109375 13.6314111328125 3 2 2
52 0 0 0 4 1 1 1 0 0 1 14 13.25 15.25 2 2 2
44 0 1 0 2 1 3 1 0 0 0 15.2157255859374 18.528482421875 21.8192968749999 2 2 2
73 0 0 0 1 2 3 0 0 0 0 7.36849755859377 4.56884765624999 8.74908398437498 3 3 3
47 0 1 0 1 2 3 0 0 1 1 15.5164833984375 8.73146289062497 9.31868164062499 2 2 2
69 0 0 1 4 6 1 1 0 0 1 28.9202929687506 28.9072714843748 30.8371425781246 3 3 3
60 1 0 0 4 7 5 0 0 0 0 22.1253652343741 21.8748535156249 25.0590898437498 2 2 2
72 0 0 0 2 2 2 1 0 0 1 10.7788916015625 13.2733349609375 6.05793554687498 3 3 3
65 0 0 0 2 2 1 1 0 0 0 2.65666772460938 2.63638330078125 2.99472656249999 3 3 3
67 0 0 0 4 6 1 0 0 0 0 13.3504677734375 13.389634765625 15.0471494140625 3 3 3
70 0 0 0 3 5 6 0 0 0 0 8.39410839843751 13.389634765625 6.73899609374998 3 3 3
39 1 0 0 2 3 3 1 0 0 1 27.8768828124995 15.3381640625 31.0738242187495 3 3 2
37 0 1 0 3 2 9 1 0 0 0 24.8032070312495 26.3195878906238 26.7831191406243 2 2 2
20 0 0 0 10 12 2 1 0 0 0 5.87058740234378 9.33313183593751 10.6407685546875 2 2 2
48 0 1 0 5 6 12 0 1 0 1 31.0690585937504 31.9320878906234 30.8433554687514 2 2 3
59 0 1 0 6 1 1 1 0 0 1 26.2000000000003 23.5830000000008 27.2000000000003 2 2 3
55 0 1 0 5 4 4 1 0 0 0 2.88 2.7 2.7 3 3 3
77 0 0 1 3 3 5 0 0 0 0 8.21724609374999 7.427150390625 8.75069531250005 2 2 2
55 0 1 0 5 7 9 1 0 0 1 41.1670273437492 36.5001250000017 31.3139257812494 3 3 3
26 0 0 0 9 3 6 0 0 1 1 14.0260712890625 14.8808515625 15.3400000000001 2 1 2
64 0 1 0 4 1 3 0 0 0 0 10.984205078125 10.1489892578125 9.56858007812497 2 3 3
53 0 0 0 2 2 4 1 0 0 1 24.7079785156253 25.9559140625008 26.2762128906261 2 2 2
61 0 0 0 3 5 8 1 0 0 0 17.5622050781251 17.563130859375 15.6232324218751 3 3 3
69 0 0 0 1 1 1 1 0 0 1 13.683890625 12.9731914062499 15.5711914062499 2 2 2
54 0 0 0 2 3 8 1 0 0 0 23.6 25.1598164062508 25.3695156250011 2 2 2
24 0 0 0 11 6 7 1 0 0 1 18.7470898437499 24.2646660156254 26.5060039062498 3 3 2
35 0 1 0 8 1 7 1 0 0 1 26.6703242187498 27.2169042968752 27.176904296874 2 2 2
23 0 0 0 1 4 6 0 0 1 0 0.162451919555664 0.0999999999999999 4.68740185546873 2 2 2
64 0 0 0 1 1 1 1 0 0 0 6.25559082031253 7.39600097656246 5.95107128906252 3 3 3
60 0 1 0 2 1 1 1 0 0 0 38.2999999999985 12.12339453125 3.53618994140625 3 3 3
62 0 1 0 3 12 7 1 0 0 1 26.5202070312488 28.554232421875 15.75 3 3 3
67 1 0 0 9 5 6 1 0 0 1 20.30531640625 20.8087773437501 21.3951503906251 3 3 3
63 0 1 0 1 2 2 1 0 0 0 15.8021220703125 17.71158984375 9.11928320312497 2 3 2
65 1 0 0 3 3 4 1 0 0 1 13.693927734375 18.4028906249999 20.177349609375 3 3 2
26 0 0 0 2 3 3 1 0 0 0 14.95 13.8189999999999 11.273666015625 2 2 3
25 0 0 0 2 1 3 1 0 0 0 2.71548974609375 1.77868664550781 1.45355700683593 2 3 2
30 0 1 0 3 3 3 1 0 0 1 17.06619140625 21.3976210937501 20.5450449218751 2 2 2
73 0 0 0 1 1 5 0 0 0 0 7.00054687499999 7.88007910156247 8.367705078125 3 2 3
49 0 1 0 1 1 3 0 1 0 0 8.33832128906251 7.46034082031247 7.18061816406248 1 2 2
48 0 1 0 2 4 5 1 0 0 0 25.6204160156259 30.1353124999989 34.7902070312515 3 3 3
86 0 0 0 1 1 1 0 0 0 0 11.72603515625 14.069990234375 14.3682998046875 3 3 3
68 0 0 0 2 1 1 1 0 0 0 2.60533203124999 2.67477709960938 2.76436352539063 3 3 3
71 0 1 0 2 1 1 1 0 0 1 13.66573828125 16.151716796875 17.71936328125 3 3 3
40 0 1 0 2 3 2 1 0 0 0 11.1092158203125 10.2297763671875 13.8244785156249 3 3 3
37 0 1 0 2 4 6 1 0 0 1 30.4646328125003 33.4236953125015 34.9267890625017 3 3 3
65 0 0 0 2 4 2 0 0 1 1 6.40957568359377 10.14874609375 11.1640888671875 3 3 3
32 1 0 0 10 3 9 1 0 0 0 18.6048789062501 19.3163671875 15.9884541015625 2 3 3
44 1 0 0 8 6 7 0 1 0 1 26.1324316406246 27.5404296875009 29.2896992187507 2 2 2
74 0 0 1 3 1 3 0 0 1 0 47.2017539062506 38.7523593749991 37.6068320312508 3 3 3
74 0 1 0 7 3 3 1 0 0 1 15.5583837890625 21.875837890625 29.74430859375 2 2 3
68 0 1 0 3 8 8 1 0 0 0 16.3311162109375 43.411304687498 15.7206621093751 2 2 2
70 1 0 0 2 2 1 0 0 0 1 11.705572265625 12.4847929687501 12.476908203125 3 3 2
25 0 0 0 4 3 6 1 0 0 0 5.98000000000002 13.871396484375 7.84621972656248 3 2 3
54 0 1 0 6 8 8 1 0 0 1 29.8889257812497 28.0319999999995 27.0359999999988 3 3 3
43 0 1 0 6 4 3 1 0 0 0 18.8709101562501 19.472 22.7949492187497 3 3 2
39 0 0 1 6 4 5 0 1 0 1 11.882 13.5980000000001 15.5352089843751 2 2 3
56 0 1 0 5 6 6 1 0 0 1 13.8 23.7079999999993 37.5800000000017 3 3 3
55 0 1 0 3 3 3 1 0 0 0 0.3 0.3 0.0500000000000002 2 3 3
53 0 1 0 1 2 3 0 1 0 0 23.3004023437499 18.8498457031249 28.2034648437488 2 2 2
67 0 1 0 1 3 1 1 0 0 0 2.25779638671876 2.63644238281249 2.63399951171875 3 3 3
46 0 0 0 4 4 3 1 0 0 0 16.44467578125 17.372802734375 18.9986972656251 3 3 3
33 0 0 0 4 6 6 1 0 0 1 12.3250810546875 13.8106240234375 14.21085546875 3 3 2
18 0 0 0 5 7 11 0 0 1 1 8.39800000000002 12.9175292968751 15.6445302734375 3 2 3
19 0 0 0 2 3 5 1 0 0 0 8.99505566406248 14.6741455078125 4.00324096679688 2 3 3
20 0 1 0 5 4 5 1 0 0 0 9.79344238281253 0.899999999999999 5.09143603515626 2 2 2
18 0 0 0 3 3 8 0 0 1 0 4.92247412109373 4.1552197265625 11.16290625 2 2 2
44 0 1 0 2 12 9 1 0 0 1 383.708000000002 45.8948046875015 59.0188046875026 3 3 3
46 0 0 0 4 5 5 1 0 0 0 13.5127490234375 4.72448046875001 2.50392626953124 3 3 3
23 0 0 0 6 3 4 1 0 0 0 13.0408330078125 17.16455859375 10.807021484375 3 2 2
17 0 0 0 3 6 8 0 0 1 1 6.67428564453125 10.8090820312501 16.710134765625 3 3 3
51 0 0 1 7 9 5 1 0 0 1 12.9095078125 14.0795078125 14.8641347656249 3 3 2
53 0 0 0 2 5 2 1 0 0 0 7.09200000000001 6.78600000000003 6.72400000000003 3 3 2
29 0 0 0 12 12 9 0 0 1 1 11.9034853515625 21.419677734375 24.5769062499995 2 2 2
68 0 0 1 1 3 5 0 0 0 0 10.106701171875 12.03746484375 9.10916406250003 1 1 2
33 0 0 1 3 4 5 1 0 0 0 15.9821689453125 10.435576171875 17.5673554687499 3 1 1
34 0 0 1 4 5 5 1 0 0 1 9.74479296874998 2.8961396484375 2.9775419921875 2 1 3
17 0 0 0 2 9 12 0 0 1 0 2.29279248046874 2.13316601562501 6.24129394531249 3 3 3
39 0 1 0 6 3 3 0 1 0 0 47.4367499999989 25.7764843750011 20.9927910156251 2 2 2
52 0 0 1 1 1 1 1 0 0 1 5.09208007812498 5.19678759765623 5.24796044921874 3 1 3
37 0 0 0 4 6 3 1 0 0 0 12.0094794921875 9.59436328125 12.8417607421875 3 3 2
52 0 0 0 9 2 1 1 0 0 0 21.3903007812499 21.1602773437499 24.7129335937507 3 2 2
56 0 0 1 6 7 6 1 0 0 0 5.31611767578124 4.54872021484376 4.7565595703125 2 2 2
30 0 0 1 3 3 2 0 0 1 0 5.33106982421877 11.442626953125 11.0130341796875 3 2 2
85 0 0 0 1 1 1 0 0 0 1 7.44380468750003 6.2406611328125 11.5948681640625 3 3 2
82 0 0 1 1 1 1 0 0 0 1 9.37795703125001 10.2383828125 12.0240781250001 2 3 2
28 0 1 0 12 12 6 1 0 0 1 12.897306640625 16.5619999999999 19.117076171875 2 2 2
27 0 1 0 10 9 6 1 0 0 0 17.8198203125001 20.5844296875 19.5100000000001 2 2 2
36 0 0 0 2 3 2 1 0 0 0 4.53269335937502 1.85232043457031 2.28967382812501 3 3 3
37 0 0 1 8 7 5 1 0 0 1 15.8165 16.12 16.9383124999999 2 2 2
62 0 1 0 1 2 5 0 1 0 1 5.29991992187499 6.46024511718748 4.75079492187499 2 2 2
51 0 0 0 5 2 2 1 0 0 0 16.324275390625 17.506466796875 17.2900000000001 3 3 3
51 0 0 1 6 6 7 1 0 0 1 5.85600000000002 6.02400000000001 4.764 2 2 2
57 0 0 1 1 2 1 0 1 0 0 4.13081933593751 7.69272021484372 6.28391699218748 3 3 3
34 0 0 1 7 4 7 1 0 0 0 5.97100927734378 5.29033349609373 10.588734375 3 2 3
39 0 0 1 9 2 9 1 0 0 1 16.5359999999999 17.6799999999999 17.6799999999999 2 2 3
54 0 0 0 9 5 9 0 0 1 1 3.67617041015625 4.99097460937499 5.71779931640623 2 1 2
46 0 0 1 10 5 6 0 0 1 0 14.2371904296875 10.374 11.7297724609375 2 2 2
21 0 0 0 4 7 4 1 0 0 0 8.18642822265621 13.0156386718749 10.96830859375 2 3 2
75 0 0 1 2 4 6 0 0 0 1 5.56366796874999 6.55425683593751 8.291568359375 2 2 2
66 0 0 0 3 3 2 1 0 0 1 7.85737011718754 8.21826171875003 9.39822265624996 3 2 2
49 0 0 0 4 2 6 1 0 0 0 10.1089189453125 13.5486962890625 7.84215234375 3 2 2
31 0 0 0 2 1 4 1 0 0 0 2.78894531250001 5.68726855468752 3.05887670898438 3 2 2
62 0 0 0 3 3 3 0 0 1 1 1 3.6 4.35 3 3 3
72 0 0 1 4 3 3 1 0 0 1 8.35455664062496 8.53795898437498 9.42872656250004 3 3 3
74 0 0 1 1 9 3 1 0 0 0 5.91160986328122 4.12609179687498 4.60727197265623 3 3 3
50 1 0 0 5 7 1 1 0 0 0 36.3348281249983 38.2153046874995 39.4149648437509 2 2 2
69 0 0 1 2 1 2 0 1 0 0 7.05202441406251 6.96988281250002 7.17332910156251 2 3 1
32 0 0 0 9 9 12 0 1 0 1 14.5000000000001 15.0000000000001 21 2 2 2
41 0 1 0 7 5 6 1 0 0 0 11.7106884765625 14.2909931640625 17.392650390625 3 2 3
23 0 1 0 12 9 12 1 0 0 0 12.802255859375 15.65308984375 18.5509999999999 3 2 2
78 0 0 1 4 1 2 0 0 0 0 8.05060791015628 8.52451464843747 10.896076171875 3 3 3
39 0 0 0 3 3 2 0 0 1 1 8.72161328124998 8.59288476562504 2.96000000000001 3 3 2
70 0 0 1 3 6 8 1 0 0 1 8.72833203125002 9.521150390625 9.28191894531247 3 3 3
28 1 0 0 2 4 3 0 0 1 1 1.01652789306641 9.94048925781252 11.1889140625 3 3 3
23 0 0 0 6 5 4 1 0 0 1 6.748291015625 7.26499999999997 8.30869531250002 3 3 3
50 1 0 0 1 2 7 1 0 0 1 7.44000000000001 8.00399999999997 8.99307617187501 2 1 2
23 1 0 0 7 4 2 0 0 1 1 14.4110859375 16.146419921875 18.440876953125 2 2 2
57 0 1 0 6 5 8 0 0 1 1 23.0000000000003 23.8000000000008 23.7699999999991 3 2 3
30 1 0 0 12 4 4 0 0 1 1 24.9999999999991 14.9999990234375 13.3000000000001 3 2 2
41 1 0 0 11 8 11 1 0 0 1 20.7078515625 22.2434335937507 22.9500000000002 3 3 3
39 1 0 0 12 3 5 1 0 0 0 37.0000000000014 35.0129335937502 36.8129335937497 3 3 3
29 1 0 0 3 2 4 0 0 1 0 2.14285717773439 14.0068154296875 6.46644335937499 2 1 1
35 0 0 0 12 4 12 1 0 0 1 28.660642578124 28.2541093749998 23.7046914062505 2 2 2
42 0 0 0 9 11 9 1 0 0 0 10.044521484375 10.0814560546875 12.87723046875 2 2 2
25 1 0 0 10 10 11 1 0 0 0 13.1418017578125 17.711546875 20.3549453125 2 2 3
20 0 0 0 5 8 9 0 0 1 1 2.30363598632813 6.16199072265628 4.70503662109377 2 3 3
60 0 0 0 12 1 1 0 1 0 0 40.5248085937496 9.98314062499998 10.9993662109375 2 2 2
27 1 0 0 5 8 10 0 0 1 1 12.0731826171875 7.36767724609372 10.193068359375 2 2 2
68 0 0 1 3 6 2 1 0 0 1 13.74029296875 13.500080078125 13.0741123046875 3 3 3
62 0 0 0 1 1 1 1 0 0 0 5.36148242187502 2.53161596679689 9.00840332031247 2 2 2
68 1 0 0 4 4 4 0 0 0 0 23.1970234375005 28.9950703125009 29.6630292968753 3 3 3
83 0 0 1 10 2 1 0 0 0 0 5.56850390625002 4.91073681640627 11.38988671875 3 3 3
76 0 0 1 3 5 3 0 0 0 0 10.71213671875 8.798373046875 7.22423828125001 3 3 3
42 1 0 0 8 6 7 1 0 0 1 46.0842617187496 55.2784609374978 19.188298828125 2 3 2
26 0 1 0 8 2 2 1 0 0 1 20.2279999999999 22.87177734375 35.8111093749989 3 2 2
19 0 0 0 2 3 4 0 0 1 0 2.69341918945312 4.12573779296875 4.27900585937501 2 2 3
17 0 0 1 9 5 2 1 0 0 1 15.20143359375 3.7810869140625 4.0917409667969 2 2 2
63 0 0 0 3 1 1 0 0 1 0 24.9240507812509 11.407232421875 12.0789990234376 2 2 2
36 1 0 0 12 11 9 1 0 0 1 39.2263632812484 46.1594531249992 53.3207890625012 2 2 2
39 1 0 0 9 2 8 1 0 0 0 12.332966796875 28.5999999999987 30.8499999999989 3 3 2
31 1 0 0 5 3 2 1 0 0 0 24.048476562501 22.6249550781246 30.8168613281259 3 3 3
60 0 0 0 3 2 3 0 0 1 0 30.1457031249991 10.3312294921875 15.140201171875 3 3 3
21 0 0 0 4 3 7 1 0 0 1 4.67999999999999 3.12000000000001 4.32599999999998 2 2 2
52 1 0 0 4 5 4 0 1 0 0 30.7193984374986 32.3601621093752 32.9106249999985 3 3 2
48 0 0 1 3 6 3 1 0 0 0 6.00461914062503 6.60508105468749 8.406466796875 2 2 2
48 0 0 0 5 5 7 1 0 0 1 19.6951503906251 19.8152421874999 21.97690625 2 3 2
39 0 0 0 5 4 6 1 0 0 0 10.804521484375 11.45589453125 12.59261328125 2 2 3
30 0 1 0 6 3 12 1 0 0 1 33.7620078124995 29.6408378906238 31.9294277343765 3 3 3
32 0 0 0 2 3 4 1 0 0 0 8.00184863281249 1.41496667480469 5.81059326171874 3 2 3
26 0 1 0 1 5 3 1 0 0 0 6.67998339843752 9.92558984375001 18.0333828125 2 2 3
22 0 1 0 9 6 12 0 0 1 1 24.8642851562498 16.6857128906249 20.36379296875 2 3 2
21 0 0 0 8 12 12 0 0 1 1 16.092751953125 18.5078574218751 20.09876171875 3 3 3
74 0 0 0 2 5 6 0 1 0 0 10.348216796875 13.487904296875 15.2972109375001 3 2 3
22 0 1 0 5 9 8 0 0 1 0 8.85714257812502 11.0250810546876 13.8106240234375 2 2 2
19 0 0 0 4 4 8 0 0 1 1 9.34592382812503 3.33641186523437 10.5955136718751 3 3 2
50 0 0 0 8 5 5 1 0 0 1 19.6257734375 20.4818671875001 15.153986328125 3 3 2
56 0 0 0 4 8 10 1 0 0 1 17.8131953125001 13.56074609375 15.2523388671875 3 3 3
52 0 0 1 4 6 8 1 0 0 0 9.08571874999999 8.78196972656252 9.54653320312498 3 2 3
29 0 1 0 4 2 2 1 0 0 0 10.4323759765625 2.92876367187501 1.25959680175781 2 2 3
33 0 0 1 6 1 4 1 0 0 0 17.6098124999999 17.0527031250001 17.5552480468749 2 3 3
30 0 0 0 4 5 3 1 0 0 0 10.2947060546875 7.84428710937499 9.65128710937501 3 3 2
74 0 0 1 6 7 6 0 0 0 1 14.6497421875 12.889044921875 14.6982451171875 3 3 3
55 0 0 1 8 2 9 1 0 0 1 24.2059999999988 24.1800000000004 24.6300000000004 3 3 3
57 0 0 1 3 3 2 1 0 0 0 7.42319140625 4.85342724609373 1.12193615722656 2 2 2
42 0 0 0 5 2 3 1 0 0 0 14.605859375 15.0050742187501 14.1372001953124 2 2 2
34 1 0 0 4 5 9 0 0 1 0 30.7659042968758 32.0879121093752 35.3425664062488 3 3 2
50 0 0 0 3 5 5 1 0 0 0 12.573671875 13.75450390625 14.6755429687501 3 3 3
45 0 1 0 9 10 9 1 0 0 1 23.015705078125 23.6609707031241 24.4999999999996 2 3 3
22 0 1 0 6 8 7 0 0 1 0 10.1502890625 14.339 15.559259765625 3 3 3
19 0 1 0 8 7 7 0 0 1 1 14.242251953125 14.0051328125 3.81714282226563 3 3 3
40 0 1 0 3 4 4 0 1 0 0 17.59302734375 14.10106640625 17.5476640625 3 3 3
53 0 1 0 3 4 2 1 0 0 1 12.7200478515625 17.18468359375 14.2999775390626 3 2 3
52 0 1 0 2 3 3 1 0 0 0 0.677339172363284 3.77180029296875 4.52180029296876 2 3 2
40 0 1 0 3 6 8 1 0 0 1 15.11211328125 18.4228457031251 4.08019287109377 1 2 2
38 0 1 0 8 4 9 1 0 0 0 19.7510625 20.6625273437501 18.361052734375 2 2 3
54 0 0 1 2 2 1 1 0 0 1 14.0057734375 13.1050810546875 12.855080078125 3 3 3
50 0 1 0 2 2 3 1 0 0 0 30.0880000000009 31.0000000000005 32.0000000000011 3 3 2
24 1 0 0 6 5 6 0 0 1 1 14.7241845703125 16.008314453125 35.1057734375008 2 2 2
64 0 0 0 7 10 7 1 0 0 1 21.4967988281251 26.0122714843755 26.2724941406249 3 3 2
29 1 0 0 8 11 10 0 0 1 0 11.2757421875 23.5738164062493 24.5114824218746 3 3 2
36 0 1 0 6 9 4 1 0 0 1 28.0358710937509 29.061011718749 34.3402617187516 2 3 2
67 1 0 0 3 2 2 0 0 0 0 6.88552587890623 7.79587841796877 6.22287841796874 2 2 1
36 1 0 0 5 2 4 0 0 1 0 27.2101601562514 28.7773671874988 29.7889140624996 3 2 2
24 0 1 0 6 6 6 1 0 0 0 21.22257421875 32.8622031250015 30.9989414062488 2 2 2
39 0 1 0 3 5 4 1 0 0 1 27.1959999999986 28.5999999999987 31.1220000000014 2 2 3
28 1 0 0 3 5 4 1 0 0 0 21.690279296875 23.1918027343742 24.9271132812509 3 3 3
49 0 0 0 1 3 2 1 0 0 1 10.9932607421874 20.755125 16.4337246093751 2 2 2
47 0 0 0 2 1 4 0 1 0 0 13.2971728515625 12.64715234375 14.6889921875 2 2 3
60 0 0 1 1 2 2 0 0 1 0 0.885460021972657 5.99454443359376 8.67935253906251 2 3 2
28 0 0 0 2 4 6 1 0 0 0 2.59102392578125 0.699461486816408 4.08885961914061 3 2 3
25 0 1 0 3 2 2 0 0 1 0 8.39256054687503 9.19907617187497 10.5213876953125 3 2 2
28 0 0 0 3 2 5 0 0 1 0 8.09467236328123 9.16196874999999 17.4263984374999 2 2 3
44 0 0 0 1 3 1 1 0 0 1 20.762771484375 24.525464843749 28.3226914062502 2 3 2
40 0 0 1 5 6 1 1 0 0 0 7.73266064453122 9.80397070312506 12.064193359375 3 3 2
20 0 0 0 4 4 3 1 0 0 0 7.64399999999997 8.22249999999999 7.36502539062503 3 3 2
41 1 0 0 5 5 4 1 0 0 1 18.0138574218751 23.7241328124999 21.9999999999999 2 2 2
45 1 0 0 6 5 5 1 0 0 0 16.1142919921875 22.4542851562506 23.114748046874 3 3 3
55 0 0 0 4 3 4 1 0 0 0 13.022 13.5200000000001 14.8799999999999 2 2 2
35 0 1 0 2 1 3 1 0 0 1 13.9533603515626 14.2464375 15.9449179687501 2 2 2
31 0 0 0 2 1 6 1 0 0 0 8.35181640624995 13.290060546875 14.096216796875 3 3 3
60 0 1 0 3 2 2 1 0 0 1 9.43462304687498 8.11734521484378 11.0977587890625 3 2 2
20 0 0 0 9 7 2 0 0 1 1 8.58000000000002 8.96999999999998 7.28178955078127 3 2 2
40 0 0 1 4 2 2 0 1 0 0 5.01720019531248 5.03105957031252 5.38548046875 2 1 2
21 0 0 0 3 4 4 1 0 0 1 21.35801171875 2.40000000000001 8.72656054687501 3 2 2
24 0 1 0 10 9 12 1 0 0 1 18.707390625 20.6573906249999 21.8583144531251 3 3 3
65 0 0 0 4 3 3 1 0 0 0 2.7968193359375 2.79001953125001 2.967595703125 3 3 3
52 1 0 0 4 4 3 0 1 0 0 8.77556445312496 10.9468144531249 11.4235341796875 2 2 2
73 0 0 0 7 4 6 1 0 0 1 14.983705078125 13.3220810546875 15.2610136718751 3 3 2
73 1 0 0 2 2 3 1 0 0 0 8.72763671875004 9.18278710937497 10.606748046875 3 3 3
55 0 1 0 6 4 5 1 0 0 1 5.69999999999999 6.25999999999998 9.99999999999997 2 2 2
42 1 0 0 2 3 3 1 0 0 1 18.0375000000001 23.0891503906242 22.5628300781247 2 3 3
50 0 0 0 2 1 3 1 0 0 0 3.55343115234377 2.83242285156249 2.34224829101563 2 3 2
44 0 0 0 2 1 1 1 0 0 0 0.820456787109374 0.85734002685547 0.748000000000002 2 2 2
19 0 0 0 12 12 12 0 0 1 0 6.01990380859372 6.01718896484375 6.75450048828123 3 2 3
18 0 0 0 9 5 3 0 0 1 0 21.3105195312501 5.77098193359378 8.09975683593747 2 3 2
47 0 0 0 5 5 2 1 0 0 1 15.4464091796874 15.3117783203124 15.5919160156249 3 2 3
26 0 1 0 12 6 6 1 0 0 1 44.0183437499996 43.4208398437505 43.5452109375012 3 3 3
32 0 1 0 9 6 10 1 0 0 1 14.2866337890625 16.202134765625 18.83174609375 3 2 3
56 0 0 1 2 6 5 1 0 0 0 7.22461279296875 7.29791796875001 7.28036474609375 3 3 3
64 0 0 0 3 4 2 1 0 0 0 8.00499023437501 9.08910351562501 9.45215234374999 3 2 3
38 0 0 0 3 3 3 0 1 0 0 11.9121181640625 11.843259765625 13.5969990234375 2 2 2
36 1 0 0 7 5 7 1 0 0 0 4.38914160156249 18.37666015625 23.7590722656248 2 2 2
54 0 0 0 1 1 3 1 0 0 1 12.65483984375 8.50504003906249 9.956798828125 2 2 2
27 0 1 0 1 6 3 0 0 1 0 13.2734375 8.54168359374997 6.65690332031249 3 3 3
44 0 1 0 9 12 12 0 1 0 1 32.424941406251 30.3233261718756 25.5196308593756 2 2 2
20 0 0 0 11 9 8 0 0 1 1 14.7512119140625 19.474 19.998703125 3 3 3
18 0 0 0 7 7 7 0 0 1 0 4.94180126953126 0.671428588867185 13.0015029296875 3 3 2
53 0 0 1 3 3 3 1 0 0 0 16.5438046875 17.4016640624999 19.1578593749999 3 2 2
66 0 0 1 1 1 1 1 0 0 1 8.681501953125 11.448322265625 8.19070458984379 3 3 2
39 0 0 0 6 4 6 1 0 0 1 45.2136250000001 48.3189374999983 56.6295625000021 3 3 3
33 1 0 0 5 6 6 1 0 0 0 35.9080000000007 37.6368671875001 22.1784707031255 3 2 3
44 0 0 1 3 3 5 0 1 0 0 11.8706552734375 10.6957490234375 12.983755859375 3 3 2
71 0 0 1 7 4 1 0 0 0 1 7.00297412109377 7.29997705078122 7.60712939453125 3 3 3
60 0 1 0 4 6 1 0 0 1 0 10.79484375 11.8135556640625 12.6320322265626 3 2 2
33 0 1 0 4 3 6 1 0 0 1 17.7930273437499 24.373119140626 22.6481562500006 3 3 3
45 0 0 0 3 3 2 1 0 0 0 12.698974609375 12.3136503906249 12.047748046875 2 2 2
65 0 0 0 2 1 3 1 0 0 0 2.36148242187501 2.48161596679686 2.50840332031249 3 3 3
68 0 0 0 8 8 10 1 0 0 1 7.70048730468748 7.98474560546872 8.19070458984379 2 2 3
41 0 1 0 4 12 9 1 0 0 0 1.35888146972655 6.38021386718752 7.199546875 2 2 2
38 0 0 0 1 1 4 0 0 1 0 2.4060205078125 7.32308447265626 7.13916259765624 2 2 2
53 0 0 0 4 4 9 1 0 0 0 3.63000000000002 4.06134082031251 13.4079248046875 2 2 2
65 0 0 0 7 3 5 1 0 0 1 4.37551220703123 7.117580078125 7.72799218750001 2 3 3
64 0 1 0 5 7 5 0 0 0 1 9.76084960937505 17.44266015625 16.250435546875 3 2 3
48 1 0 0 3 3 3 1 0 0 0 26.811624999999 28.5879921874991 29.639966796875 3 3 3
19 0 0 0 6 6 11 0 0 1 1 4.78571435546873 3.15782470703124 7.83899707031248 3 3 2
19 0 0 0 2 4 3 0 0 1 1 3.05638208007812 0.217840026855468 1.55980017089844 2 2 2
47 0 1 0 8 9 8 1 0 0 1 42.7499999999997 40.4157031250019 38.4295624999987 2 2 2
48 0 1 0 9 9 12 1 0 0 0 14.4150439453125 14.0053125000001 13.339435546875 2 2 3
21 1 0 0 5 2 7 0 0 1 1 4.0631994628906 8.99600000000004 13.6478603515625 3 2 2
42 0 0 1 4 4 3 1 0 0 1 22.1073906249996 24.8384023437507 25.1610859374989 2 2 2
42 0 0 0 3 5 10 1 0 0 0 1.26716040039062 1.81037927246095 5.196 2 2 2
18 0 0 0 2 3 2 0 0 1 1 6.59097802734377 19.1426562499999 1.00039593505858 3 2 3
41 0 0 0 3 4 2 1 0 0 0 5.09399999999999 5.155 9.38872656249997 2 3 2
48 0 1 0 4 4 5 1 0 0 1 20.3372929687501 23.2674941406261 24.7215937500007 2 2 2
32 1 0 0 4 3 8 1 0 0 0 12.6102080078126 15.4938818359374 12.5255 3 2 2
68 0 1 0 3 3 3 1 0 0 0 6.84415625000002 6.29721191406251 7.30840332031248 3 3 2
44 0 0 0 12 9 8 1 0 0 1 30.8086914062504 33.5143710937499 34.0667578125017 2 2 3
17 0 0 0 4 7 6 0 0 1 0 1.66928405761719 7.72714941406248 8.55399999999996 3 2 3
42 0 0 1 5 4 8 1 0 0 0 13.9814013671875 15.80145703125 16.72281640625 3 2 2
42 0 0 1 6 8 9 1 0 0 1 15.0000000000001 9.24999999999999 22.104999999999 2 3 2
60 0 0 0 4 7 7 1 0 0 1 9.16200000000002 8.31831835937498 10.82483984375 3 3 3
40 1 0 0 2 2 5 1 0 0 0 22.1625996093748 23.2141464843755 21.59926953125 2 2 2
63 1 0 0 2 1 1 1 0 0 1 19.720578125 17.6805351562499 12.7294169921875 2 2 2
41 0 1 0 4 2 1 0 1 0 1 5.59317285156249 6.81848779296876 8.29864062500002 2 3 2
61 0 0 1 5 3 3 1 0 0 1 7.74605224609376 7.47464111328123 8.36346386718751 2 2 2
64 0 0 1 3 3 3 1 0 0 0 2.15613647460938 2.09886840820311 2.25244409179688 3 3 3
36 0 1 0 5 7 6 0 1 0 0 19.4532968750001 20.079552734375 22.0515371093753 2 2 2
42 0 1 0 9 9 6 0 0 1 1 15.49054296875 16.756466796875 16.95293359375 2 2 2
32 0 0 0 6 6 5 1 0 0 1 28.2217109375013 28.3278144531244 32.1474472656252 3 2 2
31 0 1 0 7 5 6 1 0 0 0 9.49682714843751 12.8857939453125 12.991279296875 2 2 3
46 0 1 0 6 6 5 0 0 0 0 17.0804375000001 13.73340625 12.8018955078125 3 3 3
54 0 1 0 6 9 6 1 0 0 1 24.9500000000009 25.6999999999997 29.2499999999999 3 3 3
22 0 1 0 10 5 8 0 0 1 0 2.22616015625001 7.40999999999999 9.81533691406246 2 3 3
73 0 0 0 1 1 2 0 0 0 0 8.02647265625002 8.64882031250004 7.23834130859374 3 3 3
43 1 0 0 8 7 8 1 0 0 1 30.6000000000008 31.2000000000008 31.2000000000008 3 2 2
67 0 0 0 4 2 3 0 0 0 0 15.281142578125 16.1582568359375 14.387880859375 2 3 3
39 1 0 0 2 3 5 1 0 0 0 11.8069638671875 13.363513671875 16.125693359375 3 3 3
41 0 1 0 12 12 12 1 0 0 1 41.0161640625014 62.7709531250018 54.6548945312477 3 3 3
58 1 0 0 5 5 7 1 0 0 1 38.6099335937497 38.5953632812516 25.5471406250005 3 3 3
24 1 0 0 7 7 4 0 0 1 1 16.1151064453125 18.3731074218751 20.33737109375 2 2 3
20 0 0 0 9 2 6 0 0 1 0 4.69646972656251 4.94000000000001 9.19340429687502 3 3 3
65 1 0 0 2 2 1 0 0 0 1 21.0516796875001 24.5233964843748 20.287322265625 3 3 3
62 0 0 0 1 2 1 1 0 0 0 2.85399487304689 2.98280761718749 3.10037329101562 3 3 3
70 0 1 0 6 4 5 1 0 0 1 38.2657578124992 24.4632324218756 25.5967558593752 2 3 2
26 0 1 0 12 12 12 0 0 1 0 12.900140625 14.7520605468751 14.416 3 2 3
63 0 1 0 2 5 3 1 0 0 1 13.6 14.0600000000001 16.183375 3 3 3
62 0 0 0 2 1 2 1 0 0 0 1.58341455078124 1.2797978515625 2.714595703125 3 2 2
51 0 0 0 8 10 5 1 0 0 1 27.146046875001 28.0286015625004 27.6073124999996 2 3 2
50 0 0 0 5 6 6 1 0 0 0 10.30992578125 10.14 8.35678808593747 3 2 2
23 0 0 0 11 7 6 0 0 1 0 14.435669921875 14.5431875 16.2004619140626 3 3 2
21 0 0 0 7 4 7 0 0 1 1 8.72856445312499 9.09999999999999 10.4 3 2 3
60 0 0 0 3 4 6 1 0 0 0 16.4439570312501 21.439591796875 9.05099511718747 3 3 3
57 0 1 0 4 7 4 1 0 0 1 16.8999999999999 18.2999999999999 20.2000000000001 2 3 2
57 0 1 0 3 2 3 1 0 0 0 22.3124707031245 22.5124707031248 26.5143183593752 3 2 2
37 0 0 0 5 7 7 0 1 0 0 5.89043750000002 10.9769140625 14.277767578125 2 1 1
39 0 1 0 7 8 3 1 0 0 1 21.2078515625 21.61662890625 24.7685664062507 2 2 3
38 0 1 0 3 1 6 1 0 0 0 5.68722607421877 3.61266894531248 6.15402978515627 2 2 2
24 1 0 0 3 4 6 1 0 0 0 20.908775390625 23.4180136718757 25.6156582031254 2 2 3
17 0 0 0 2 4 7 0 0 1 0 0.153473770141602 0.230196899414061 2.98747802734375 3 3 3
69 0 0 0 2 3 3 0 0 0 0 9.0363125 9.91999902343746 10.84557421875 3 3 3
81 0 0 0 7 3 4 0 0 0 1 11.5470322265625 11.816080078125 11.357125 3 3 3
52 0 0 0 6 2 3 1 0 0 1 8.54934960937501 16.7048496093749 15.0115468749999 3 3 3
32 0 0 0 8 10 8 0 0 1 1 15.0115468749999 16.1477050781249 19.21478125 2 2 2
52 1 0 0 3 4 3 1 0 0 1 35.1729804687495 33.7058671874999 33.6658671875005 2 2 2
43 1 0 0 3 3 3 1 0 0 0 15.510392578125 17.1612011718751 18.4942265624999 2 2 2
43 1 0 0 4 6 5 1 0 0 0 60.8283632812507 53.8693242187513 52.6249648437499 3 3 3
41 0 1 0 6 4 2 1 0 0 0 8.93363574218751 9.24591796874994 13.0842500000001 2 3 2
69 0 0 0 2 5 2 0 0 0 1 25.6669062499992 24.938201171876 20.8356152343749 2 2 2
77 0 0 0 5 6 4 1 0 0 1 16.6121015625 19.9134765625001 17.910873046875 3 3 3
78 0 0 0 1 1 1 0 0 0 1 18.852666015625 9.84764746093749 9.16735156250001 3 3 3
36 0 1 0 5 4 7 0 1 0 1 27.2900000000004 33.6000000000001 31.5720000000002 3 3 3
36 0 0 0 3 5 4 1 0 0 0 10.36701171875 11.1600966796875 10.657009765625 2 3 2
53 0 0 0 6 3 6 1 0 0 1 38.500000000001 30.2000000000012 13.96046875 3 2 2
56 0 1 0 1 6 1 1 0 0 0 4.86622998046876 3.9815244140625 4.29999999999998 3 3 2
46 0 1 0 9 9 9 0 1 0 1 23.3739023437512 25.1471132812508 26.4203242187494 2 3 2
43 0 0 0 5 1 4 0 1 0 0 17.6617734374999 13.34053125 19.6180507812501 1 2 2
55 1 0 0 7 9 9 1 0 0 1 16.506 17 17.4499999999999 3 3 3
55 1 0 0 6 7 9 1 0 0 0 1.5 11.04 2.42999999999999 3 3 3
25 0 0 0 12 6 12 0 0 1 1 14.936080078125 16.008314453125 19.9208359375 3 2 2
49 1 0 0 6 7 7 0 1 0 0 30.3431875 32.06293359375 31.3208984374986 3 3 3
22 0 1 0 5 9 9 0 0 1 0 9.48725195312496 12.3831416015625 15.7218671875 3 2 2
59 1 0 0 2 9 2 1 0 0 1 31.5999999999999 32.0879121093752 18.8285703125 3 3 2
28 1 0 0 4 3 3 1 0 0 0 15.8117783203124 15.6120087890625 14.8921904296875 3 3 3
45 0 1 0 3 3 8 1 0 0 1 27.1165546875009 33.8008945312498 36.1190000000011 3 2 3
43 0 0 0 3 3 2 1 0 0 0 1.30673681640625 5.16984912109377 3.68885009765626 3 2 2
37 0 1 0 9 5 9 1 0 0 0 20.8298515624999 26.1040000000011 27.6575000000009 3 2 2
53 0 0 0 5 12 2 1 0 0 1 18.5369296875 7.94800000000002 10.38771484375 2 2 3
46 1 0 0 9 3 12 1 0 0 0 15.054236328125 17.0464140625 18.3744140625 3 2 3
27 1 0 0 6 9 9 1 0 0 1 29.1753046875013 31.2240195312504 34.9686445312501 3 3 3
26 0 1 0 6 3 7 0 0 1 1 11.8706552734375 0.238149993896485 7.18386962890628 2 2 2
39 0 0 0 2 3 3 1 0 0 1 17.4123574218749 20.29409765625 22.1844101562491 3 2 2
31 1 0 0 4 3 5 1 0 0 1 47.0237890624994 47.4308281250014 38.8231328124997 2 3 3
38 0 0 0 5 5 5 0 1 0 0 11.462990234375 11.233623046875 10.288259765625 2 2 2
34 0 0 0 3 3 2 1 0 0 0 11.68045703125 7.15931005859377 14.7434609375001 3 2 2
37 0 1 0 8 5 9 1 0 0 1 31.5642499999993 35.1217500000001 34.36293359375 3 3 3
35 1 0 0 3 3 5 1 0 0 0 14.26135546875 10.480759765625 16.8924003906249 3 3 3
54 0 1 0 4 7 3 1 0 0 1 39.3000000000019 40.2655898437507 9.5475390625 2 2 2
24 0 1 0 10 9 6 0 0 1 1 28.1115468749999 29.8435703124998 30.3929453124992 2 2 2
22 0 0 0 5 9 9 0 0 1 1 1.86071142578126 1.77176965332032 11.1327783203125 3 3 3
18 0 0 0 7 4 9 0 0 1 1 1.13086987304688 8.14800000000003 12.9999999999999 2 2 2
44 0 0 0 2 4 4 1 0 0 0 14.6347236328125 13.0111728515625 1.1165126953125 2 2 2
44 0 1 0 3 9 5 1 0 0 1 43.7856367187513 47.6870664062476 60.153847656248 2 2 1
40 0 0 0 1 6 4 0 1 0 0 19.869546875 20.4042578125 17.0608808593749 2 2 2
61 0 0 0 2 2 7 1 0 0 0 1.0267314453125 1.00163153076172 1.22508374023437 3 3 3
60 0 1 0 6 6 5 1 0 0 1 31.8244804687502 33.1254062500013 13.5199599609375 3 3 3
49 1 0 0 2 1 4 1 0 0 0 15.1422138671875 13.42001953125 16.18098828125 2 2 2
44 0 1 0 1 2 4 1 0 0 0 12.967755859375 13.7200712890626 12.5720419921875 2 2 2
56 1 0 0 3 6 3 0 1 0 0 16.0357636718749 32.7664667968763 17.830439453125 2 3 2
51 0 1 0 3 5 3 1 0 0 0 5.00000000000001 12.662515625 6.84450000000003 2 2 2
53 1 0 0 3 3 2 1 0 0 1 14.196 15.2359999999999 16.12 2 2 2
22 1 0 0 8 6 8 0 0 1 0 1.5127020263672 9.72870507812498 23.117783203124 2 3 2
39 0 0 0 4 3 4 1 0 0 0 15.9483837890625 16.85591796875 13.366173828125 1 1 1
41 0 1 0 5 4 5 1 0 0 1 21.8147812499999 24.4929746093741 29.1639824218762 2 2 2
65 0 1 0 6 4 2 1 0 0 1 18.16496875 11.0610771484375 11.5513125 2 2 3
66 0 0 0 3 2 4 1 0 0 0 2.23314111328125 2.25811889648437 5.4165546875 3 3 3
35 1 0 0 12 6 5 0 0 1 0 35.3046601562512 31.2983945312497 17 3 3 3
35 0 0 1 4 10 12 0 0 1 1 5.58835791015626 9.99682421874998 14.0491142578126 2 2 2
56 0 0 0 3 2 6 1 0 0 1 15.4428632812501 14.9083281250001 24.0524335937508 2 3 3
56 0 1 0 6 3 12 1 0 0 1 30.3000000000012 35.1499999999996 40.300000000001 3 2 3
72 0 0 1 2 6 3 0 0 0 1 12.14370703125 12.219837890625 9.08574023437499 3 3 3
23 0 0 0 5 5 12 1 0 0 0 7.78377050781249 6.31869335937497 6.09469335937499 2 3 3
53 0 0 1 1 1 2 0 1 0 1 7.03175390624997 6.64308105468751 6.69108105468753 2 2 2
51 0 1 0 1 2 3 1 0 0 0 7.324869140625 8.7280751953125 8.49175976562501 2 2 2
45 0 1 0 8 1 2 1 0 0 1 22.9672832031259 25.0348457031251 25.6808378906246 2 2 2
35 0 0 0 3 2 3 1 0 0 0 13.896201171875 14.759353515625 14.4356337890625 2 2 2
38 0 0 0 5 3 3 1 0 0 1 21.558314453125 22.2500000000003 23.0802597656239 3 3 2
37 0 0 0 3 2 3 1 0 0 0 14.3056591796875 7.88244873046872 9.89028710937498 3 3 2
49 0 0 1 2 3 5 1 0 0 0 6.89517919921872 7.08545068359372 7.20554296874999 3 3 3
37 0 0 0 3 2 2 1 0 0 0 9.25237890624999 6.45760107421871 7.00675 3 2 3
38 0 0 0 4 6 4 1 0 0 1 27.5932539062497 21.9429453125 24.0121640624993 2 3 3
36 0 1 0 1 2 1 1 0 0 0 9.97179687500001 10.601982421875 8.43854296874998 2 2 2
40 0 0 0 7 2 8 1 0 0 1 9.3071591796875 11.9041572265625 12.9999999999999 3 2 2
36 0 1 0 8 3 6 1 0 0 0 26.5490898437489 24.0981074218742 22.4676914062507 2 2 2
55 0 1 0 5 4 4 0 1 0 0 21.8272519531251 27.500000000001 19.0000000000001 2 3 3
29 0 1 0 5 2 4 1 0 0 1 14.8069287109374 15.64251171875 15.0000000000001 3 3 2
28 0 0 0 5 3 5 0 0 1 0 10.7136123046875 11.958619140625 14.044619140625 3 2 1
50 0 0 0 11 6 5 1 0 0 1 19.64956640625 19.0675664062499 17.29248046875 3 2 2
49 0 1 0 3 5 3 1 0 0 0 45.4489687499986 27.4155195312504 14.40546484375 1 2 2
23 0 0 0 8 4 10 0 0 1 1 16.43678515625 11.8461474609374 22.099999999999 2 2 2
66 0 1 0 1 1 2 0 0 0 0 8.98390234375002 9.2145439453125 9.92407812499999 3 3 3
35 0 1 0 8 9 9 0 0 1 1 5.00000000000001 29.7647070312502 22.5147070312511 3 3 3
38 0 0 0 5 4 4 0 0 1 1 4.83211669921877 7.49999999999999 7.99999999999997 2 2 2
38 0 0 0 6 2 3 0 0 1 0 6.05174169921876 7.50083203124999 5.81851123046875 3 3 2
56 0 1 0 8 5 5 1 0 0 1 32.8129335937505 34.2263281249994 6.9176318359375 3 2 2
51 0 0 0 6 4 6 1 0 0 0 13.242240234375 7.29833642578124 7.46494921874999 3 3 3
26 0 0 0 12 10 10 0 0 1 1 15.27776171875 19.4069296875001 18.6510996093751 2 2 3
23 0 1 0 10 9 11 0 0 1 1 11.0478046875 12.129330078125 14.5747119140625 3 3 3
17 0 0 0 6 3 8 0 0 1 1 3.28752880859376 3.91071435546877 12.8518818359375 3 2 3
36 0 1 0 8 5 2 1 0 0 1 21.39102734375 29.3727402343737 34.5759609375002 3 2 2
45 0 0 0 12 8 10 1 0 0 1 18.1294296875 20.2500000000001 41.5000000000004 2 3 2
16 0 0 0 1 12 12 0 0 1 1 1.08655004882813 6.76 10.6600000000001 3 3 3
58 0 0 1 2 1 8 1 0 0 0 18.8217421875001 19.095765625 8.04130273437504 2 3 3
41 0 0 0 9 9 7 1 0 0 1 21.0080000000001 22.4497753906247 21.540685546875 3 3 2
43 0 0 1 2 2 6 1 0 0 0 8.08600000000003 9.61937988281254 8.84 2 1 2
74 0 0 0 3 1 1 1 0 0 1 8.35504296875003 6.49452880859373 9.316201171875 3 3 3
34 0 0 0 3 4 3 1 0 0 0 1.7705721435547 6.74795849609377 7.87443945312498 2 2 1
38 0 1 0 10 5 4 1 0 0 1 53.1776093749986 43.1600000000013 45.2267773437496 2 2 2
42 0 1 0 1 6 1 1 0 0 1 17.9065 25.9835664062503 31.7035664062503 2 2 2
40 0 0 1 4 5 5 0 1 0 0 11.44 12.407951171875 0.026965799331665 2 2 2
20 0 0 0 5 4 9 0 0 1 1 12.22 12.48 12.48 3 3 3
48 0 0 0 1 3 1 1 0 0 0 6.73495605468753 5.47405322265626 8.39350292968749 2 2 2
41 0 1 0 10 10 9 1 0 0 1 24.2239414062512 25.8700000000007 26.2600000000003 2 2 2
69 0 0 1 3 3 3 1 0 0 1 6.01160009765623 6.42335253906247 6.16727197265623 2 3 3
58 0 0 1 2 5 11 1 0 0 1 5.42512011718748 5.55304003906248 12.7069404296875 2 2 2
57 0 0 0 4 3 5 1 0 0 0 9.40646679687501 2.75771386718751 7.99999999999997 3 3 3
39 1 0 0 9 4 5 1 0 0 0 29.5370449218761 40.1001914062515 40.1101914062511 3 3 3
40 0 0 0 6 11 3 1 0 0 1 30.0230957031248 24.1597421874993 18.043857421875 2 2 3
60 0 0 0 6 3 3 0 0 0 0 8.59464160156247 9.70812011718752 10.707271484375 3 3 3
36 0 0 0 4 2 4 1 0 0 0 0.807637084960937 1.33778686523437 1.54360046386719 3 2 2
64 0 0 0 11 7 3 1 0 0 1 10.1288466796875 5.83154150390627 12.275033203125 2 2 1
62 0 1 0 4 7 7 1 0 0 0 12.761814453125 12.0914765625 11.657205078125 2 2 3
71 0 0 1 3 2 5 1 0 0 1 8.35771679687498 8.08333300781251 8.15315136718747 3 3 2
42 0 1 0 5 2 3 1 0 0 1 16.3419814453125 16.4637343750001 16.6662812500001 2 3 2
35 0 0 0 2 3 3 0 0 1 0 9.64336230468754 13.21375 19.0945546875 3 3 2
84 0 0 1 2 1 2 0 0 0 0 6.87868310546877 9.3827666015625 8.35116015625004 3 2 2
66 1 0 0 3 3 5 1 0 0 1 10.515609375 10.7992109375 11.014423828125 3 3 3
71 0 1 0 3 4 3 1 0 0 0 12.1796474609375 6.51349707031252 13.21919140625 3 3 2
31 0 1 0 1 4 7 0 1 0 1 7.29193847656251 6.19190917968752 7.15567089843753 1 2 2
22 0 0 0 1 3 2 0 0 1 1 2.20125195312501 2.26912524414063 2.29491088867188 2 3 2
50 0 0 1 7 2 4 0 1 0 1 6.79918945312499 5.77912597656251 8.30667968749998 2 2 2
41 0 0 1 3 3 3 1 0 0 0 5.71999999999998 5.98000000000002 5.71999999999998 2 3 3
50 0 0 0 4 2 5 1 0 0 1 25.48 18.4599999999999 20.28 2 2 2
72 0 1 0 1 1 1 0 0 0 1 9.52321679687495 8.99878710937497 1.83672717285155 3 3 3
76 0 0 1 2 5 6 0 0 0 1 5.9823212890625 6.53991894531251 7.11490917968747 2 2 2
49 0 0 0 6 5 8 0 1 0 0 16.9992734375 14.9418203125 9.23835546875005 2 3 3
41 0 0 0 2 1 7 0 1 0 1 10.32169921875 2.99653515625 1.99595568847656 1 1 2
22 0 1 0 4 8 8 1 0 0 0 11.077376953125 16.8811894531249 17.208732421875 3 3 3
19 0 0 0 9 1 2 0 0 1 0 8.98612695312502 14.531177734375 15.4560039062499 2 1 3
36 0 1 0 8 6 5 1 0 0 1 30.6800000000002 27.3000000000013 28.285607421875 2 3 2
34 0 0 0 5 6 5 1 0 0 0 12.30946875 13.570439453125 14.7653583984375 3 3 2
77 0 0 0 1 1 3 0 0 0 0 7.29119433593746 7.56508984374996 7.23183740234379 2 3 2
37 1 0 0 7 6 3 0 0 0 1 17.5000761718749 17.57541796875 17.323203125 2 3 2
62 0 0 1 1 2 2 0 1 0 0 18.3227890625 17.61053125 15.27817578125 2 3 2
33 0 0 0 2 6 1 1 0 0 0 13.664498046875 7.40910742187504 5.74550683593752 3 3 3
54 0 1 0 7 1 1 1 0 0 1 0.00120000004768372 0.00120000004768372 0.00120000004768372 2 3 2
26 0 0 0 12 6 12 1 0 0 1 2.30837231445312 2.65 30.0000000000002 3 3 3
34 0 1 0 12 1 6 1 0 0 0 4.371701171875 10.8635136718749 49.3763749999981 3 3 3
58 0 0 1 1 1 2 0 0 1 0 8.73439843749997 5.71069140625 9.79547753906251 2 2 2
34 1 0 0 4 4 1 0 0 1 1 21.8967324218749 20.8180136718749 27.708314453124 2 2 2
50 0 1 0 3 3 3 1 0 0 1 14.6694433593749 17.0772695312499 19.24 3 2 3
28 0 0 0 5 5 3 0 0 1 1 20.8631874999999 23.3090000000007 22.009 3 3 3
40 1 0 0 3 2 6 0 0 1 1 24.745035156249 25.0092382812505 30.6771542968751 2 2 2
71 0 0 0 3 5 2 1 0 0 0 2.80214624023438 3.74519433593749 2.50840332031249 2 3 2
69 0 0 1 1 1 2 0 0 0 0 5.3903408203125 10.781416015625 12.776408203125 2 2 3
28 0 1 0 6 3 4 1 0 0 0 7.62537500000001 6.36545898437498 5.96854394531247 2 2 2
32 0 0 1 8 12 9 1 0 0 1 6.83963623046875 17.2166855468749 12.6108603515626 2 3 2
60 0 0 0 3 2 4 1 0 0 1 20.384 20.3319999999999 20.551388671875 3 3 3
44 0 1 0 5 4 4 1 0 0 0 15.933353515625 16.0377978515626 16.70261328125 2 2 2
54 0 0 0 2 3 3 1 0 0 0 8.26235546874997 8.14542578124999 8.58976757812503 2 3 3
56 0 1 0 3 5 5 1 0 0 1 10.92 11.362 11.336 3 3 3
46 0 0 0 9 12 6 1 0 0 1 19.8152421874999 19.8152421874999 18.694318359375 2 2 2
44 0 0 0 4 2 6 1 0 0 0 8.81859179687497 6.017130859375 4.10918896484374 2 3 3
44 0 0 0 1 1 1 1 0 0 1 27.4345273437495 28.0415703124991 29.0903007812507 3 3 3
35 0 1 0 3 4 2 1 0 0 0 17.26928515625 21.0122636718749 21.5505781249999 3 3 3
49 1 0 0 6 1 5 1 0 0 1 43.221089843751 36.3614257812509 37.5225234375 3 3 3
48 0 1 0 3 3 6 1 0 0 0 6.70847509765625 7.53371484375 8.57608691406246 2 2 2
23 0 0 0 4 10 4 0 0 1 1 11.5889150390626 17.421228515625 15.3884033203125 2 2 2
37 1 0 0 6 6 3 1 0 0 0 18.5151601562501 20.469322265625 31.5076816406263 2 2 2
35 1 0 0 4 7 8 1 0 0 1 25.3716484375 28.5947265625001 29.1077832031258 2 2 2
86 0 0 1 1 5 2 0 0 0 0 6.22661474609372 10.0367675781249 1.00492199707031 2 3 2
43 0 1 0 7 3 5 1 0 0 1 23.7581406249998 23.7662832031239 23.8923789062493 2 2 2
44 0 0 0 2 6 7 1 0 0 0 16.004333984375 16.4554765625 17.0605058593749 3 3 2
17 0 0 0 8 4 6 0 0 1 0 2.80500000000001 6.88264746093747 6.59346630859377 2 2 3
35 0 0 0 1 5 6 1 0 0 1 15.6 16.12 16.51 3 2 2
52 1 0 0 3 3 2 1 0 0 1 27.467499999999 25.5789257812492 23.9964355468761 3 3 3
27 0 0 0 2 2 3 0 1 0 0 10.727421875 12.1962890625 10.5700380859375 2 2 2
25 0 0 0 5 7 5 0 0 1 0 12.8450810546875 15.0115468749999 12.9211738281249 2 2 2
23 0 1 0 4 5 2 0 0 1 0 15.028703125 16.597396484375 18.78029296875 3 2 2
20 0 0 0 5 6 5 0 0 1 1 24.9228417968744 10.8982109375 11.334177734375 3 3 3
57 0 0 0 5 6 3 1 0 0 1 9.75717968750002 12.448400390625 10.758337890625 3 3 3
73 0 1 0 8 8 5 0 0 0 1 14.6510478515625 16.2725927734375 15.8437099609376 3 2 2
51 0 0 0 2 3 6 1 0 0 0 30.0300000000007 18 12.05 2 3 3
33 0 0 0 1 2 5 1 0 0 1 18.253962890625 15.7440400390625 15.353421875 2 2 2
40 0 0 1 2 2 1 1 0 0 0 6.37404394531249 7.17401171874999 6.95594628906248 2 2 2
60 0 0 0 4 12 12 1 0 0 1 9.99999999999997 14.5000000000001 12.9999999999999 2 3 2
56 0 0 1 3 4 2 1 0 0 1 14.6630859374999 14.0626240234375 12.3820810546874 2 2 2
23 0 0 0 8 6 7 1 0 0 0 7.02000000000002 7.56000000000001 3.00671435546874 3 3 3
22 0 0 0 10 6 9 0 0 1 0 11.455 12.13 13.092623046875 3 3 3
44 0 0 0 2 4 2 1 0 0 1 16.767103515625 18.0664511718751 14.64736328125 2 1 1
37 0 0 0 5 3 4 0 1 0 0 15.6347783203125 17.223546875 14.4049609374999 2 3 3
36 0 0 0 5 6 6 1 0 0 1 10.9042392578125 22.099999999999 23.4179726562489 2 2 2
30 0 0 0 4 6 4 1 0 0 0 13.28024609375 13.3166796874999 13.9195859375 3 3 3
36 1 0 0 8 12 10 0 1 0 1 23.085714843751 52.4999999999992 66.4525703124987 2 3 2
22 0 0 0 5 3 8 0 0 1 0 2.40000000000001 2.40000000000001 2.30122070312499 2 2 2
37 0 0 0 5 1 1 1 0 0 1 19.7151132812501 21.31780859375 22.8175507812508 3 3 3
38 0 1 0 1 3 4 1 0 0 0 11.6213056640625 8.92094140624999 3.75609472656252 2 3 2
59 0 0 1 10 3 5 1 0 0 1 15.1548701171875 16.1374062499999 16.66578125 3 3 3
32 0 0 0 5 3 2 1 0 0 0 10.2004443359376 10.49616796875 13.969240234375 3 2 3
54 0 0 1 2 1 4 0 1 0 1 14.2 13.2759999999999 10.4319912109375 2 1 2
20 0 0 0 5 1 9 0 0 1 0 12.4305390624999 12.954236328125 15.6236455078125 3 3 3
49 0 1 0 5 3 4 0 1 0 0 33.8049960937487 33.9415937500015 27.6009121093747 2 3 2
51 0 1 0 4 4 3 1 0 0 1 22.508314453126 22.8175527343739 22.8175527343739 2 2 3
49 0 0 0 1 1 1 1 0 0 0 9.27960058593753 10.46002734375 10.5260966796875 2 3 2
57 1 0 0 6 6 5 1 0 0 0 17.61547265625 20.8180136718749 36.8083124999986 2 2 2
20 0 1 0 5 3 4 0 0 1 0 3.28737475585937 5.63999999999998 3.0711572265625 2 2 2
44 0 0 0 9 11 10 0 1 0 1 0.00120000004768372 0.00120000004768372 7.812 3 2 3
43 1 0 0 3 3 4 1 0 0 0 8.07113183593751 8.20230957031248 10.3239570312499 3 2 3
31 0 0 0 1 1 1 1 0 0 0 9.30799999999998 7.9824736328125 0.3 2 2 2
35 0 1 0 2 3 3 1 0 0 1 26.9323320312488 27.500000000001 28.1720039062509 2 2 2
56 1 0 0 6 3 3 1 0 0 1 11 6.50000000000001 12.9999999999999 2 2 2
49 0 1 0 3 3 3 1 0 0 0 30.4999999999999 31.2499999999985 32.0000000000011 2 2 2
57 0 0 0 2 3 2 1 0 0 1 26.4999999999996 28.4999999999988 12.0807216796875 3 3 2
41 0 0 0 4 2 7 1 0 0 0 25.8490664062499 34.9423632812487 30.6367109374986 2 2 2
35 0 1 0 6 1 3 0 0 1 1 67.6873671874984 11.8 13.04657421875 3 2 2
47 1 0 0 2 5 3 1 0 0 1 36.9299999999997 36.7500000000006 38.7500000000003 3 3 3
47 0 0 0 1 1 2 1 0 0 0 1.26716040039062 13.6654648437499 7.44015136718748 3 3 3
44 0 1 0 5 2 3 1 0 0 1 25.6999999999997 25.4999999999995 25.7999999999998 3 3 3
37 1 0 0 4 3 3 1 0 0 0 28.7195410156264 29.9259589843753 36.3452695312512 3 3 3
49 0 1 0 7 5 1 1 0 0 1 25.2049999999992 26.3150000000006 27.8700000000002 2 2 2
57 0 0 1 2 2 1 1 0 0 0 2.926306640625 3.79600000000001 3.95200000000001 2 2 3
24 0 1 0 2 1 3 0 0 1 0 8.71399609374997 2.04716528320312 1.99381652832031 3 3 3
74 0 0 0 1 2 1 1 0 0 0 3.87696386718751 3.86984399414061 3.4893918457031 2 2 2
37 1 0 0 5 4 5 0 1 0 0 32.0294003906238 32.2115390625002 1.43297290039063 2 1 3
45 1 0 0 11 8 12 0 1 0 1 51.7562343750022 2 43.5793203125013 1 2 2
68 0 0 1 6 4 1 0 0 0 0 6.48498486328128 6.97979736328127 7.42735205078125 3 2 2
58 0 0 1 4 2 4 0 1 0 0 14.658728515625 4.64148046875003 5.47548535156248 3 3 3
48 0 0 0 3 3 3 1 0 0 1 16.57805078125 21.7359160156251 22.3280332031259 2 2 2
43 0 1 0 3 2 2 1 0 0 0 10.0632763671875 9.98003320312502 10.962466796875 3 3 3
37 0 1 0 12 9 8 1 0 0 1 11.442498046875 11.6343603515625 12.5 3 2 2
31 1 0 0 5 4 6 1 0 0 0 17.490373046875 19.4839062500001 20.5 3 3 3
28 0 1 0 6 6 2 1 0 0 0 12.214 12.336341796875 13.0259814453125 3 2 2
28 0 1 0 6 11 5 1 0 0 1 22.0635957031252 26.8665136718757 28.2105097656237 3 2 2
75 0 1 0 11 9 10 1 0 0 1 26.3486328125006 28.5327558593746 27.5921093749992 3 3 3
75 1 0 0 3 2 3 0 0 0 1 24.2717050781248 28.26781640625 19.003013671875 3 3 2
41 0 1 0 9 9 4 1 0 0 0 16.576556640625 13.50321875 9.42900683593755 2 2 2
43 1 0 0 1 3 2 0 1 0 1 14.2609531249999 12.970251953125 18.0524101562501 2 1 2
29 0 0 1 3 5 10 1 0 0 1 16.315642578125 17.870638671875 13.5545488281251 3 2 2
60 0 0 0 8 6 6 1 0 0 1 18.684 18.524240234375 8.15487988281247 3 3 3
20 0 0 0 8 10 12 0 0 1 0 9.46612011718752 11.0084531250001 13.1097001953125 3 3 2
40 0 1 0 2 6 12 1 0 0 1 16.256708984375 19.3098359375 19.5698359375 2 2 2
49 0 0 1 12 9 12 1 0 0 0 5.689740234375 5.60193457031251 3.09162011718751 2 2 1
37 0 1 0 9 5 5 1 0 0 0 20.0244785156249 23.3747890625 33.7112734374987 3 3 3
30 1 0 0 8 12 7 0 0 1 1 22.7913710937493 22.8514179687488 24.0184765625001 2 2 2
36 0 1 0 10 1 2 1 0 0 0 24.2528730468756 28.5378320312508 32.3557597656244 3 3 3
28 1 0 0 5 7 5 1 0 0 1 30.7615468749996 32.0000000000011 31.0000000000005 3 3 3
27 1 0 0 6 4 2 1 0 0 0 14.7 15.25 13.6257529296875 3 3 3
42 1 0 0 7 1 3 1 0 0 1 34.9901679687493 22.4999999999997 79.9999999999985 2 2 2
42 0 1 0 5 1 3 1 0 0 0 2.90445214843751 2.95421874999999 4.11285156250001 3 3 3
61 0 0 0 4 4 2 0 0 1 1 13.4705 13.680669921875 12.048669921875 2 2 2
50 1 0 0 12 12 10 0 0 1 1 24.0000000000004 34 120.199999999995 1 1 1
36 0 1 0 4 7 6 1 0 0 1 33.4599999999995 33.1499999999997 34.4486289062507 2 2 3
35 1 0 0 5 5 3 1 0 0 0 30.8191835937501 33.2975273437489 40.4843945312511 3 3 2
73 0 1 0 6 3 1 1 0 0 1 24.7299726562504 27.9073007812505 29.9095351562497 3 2 3
75 0 1 0 2 1 1 1 0 0 0 10.2890947265625 13.6284033203126 11.386787109375 3 3 3
68 0 0 0 9 6 3 1 0 0 1 27.4274492187509 37.6208281249993 27.9621992187505 3 3 2
67 0 1 0 5 4 3 1 0 0 0 7.71408398437504 3.99098852539061 9.11520117187496 3 3 3
82 0 1 0 2 3 7 1 0 0 1 5.69999999999999 13.62759375 15.12759375 3 3 3
44 0 1 0 2 12 5 1 0 0 1 27.3245000000011 4.2593564453125 24.3399999999995 2 2 3
38 0 0 1 2 12 12 1 0 0 0 16.756279296875 14.823169921875 16.9008554687501 2 2 2
47 0 0 0 5 4 6 1 0 0 1 28.4999999999988 40.1000000000016 50.0000000000008 2 3 3
46 0 0 0 9 10 9 1 0 0 0 33.2598671875002 34.1364687499996 34.0013867187511 3 3 3
18 0 0 0 5 4 9 0 0 1 1 5.12193749999999 5.76956738281247 8.58399999999996 3 3 3
49 1 0 0 5 5 6 1 0 0 1 36.1364921875013 33.3094687500007 34.9725195312484 2 2 3
47 1 0 0 12 12 12 1 0 0 0 32.4609707031261 34.1886835937503 35.2000000000004 3 2 2
40 0 0 0 9 6 12 1 0 0 1 50.9250546875004 50.8791835937476 56.3294570312487 2 2 2
38 0 1 0 3 3 3 1 0 0 1 36.486027343751 35.9991718749985 38.0890976562516 3 3 3
43 0 1 0 4 7 1 0 1 0 0 33.103929687499 34.4298593749988 28.1720332031246 3 2 2
75 0 0 1 3 2 1 1 0 0 1 7.61692578124996 24.6612597656257 24.9012597656249 3 1 2
75 0 0 0 1 2 1 1 0 0 0 1.78260937499999 3.39693627929687 2.64629638671875 2 2 2
39 0 0 0 8 7 6 1 0 0 1 14.48554296875 13.2055429687501 12.9053125000001 2 2 2
41 1 0 0 5 5 3 1 0 0 0 17.4133945312501 11.0495986328125 10.99282421875 2 2 2
51 0 0 0 9 7 7 1 0 0 1 58.3504492187502 61.9971132812475 65.4503476562471 3 3 3
22 0 0 0 10 12 4 0 0 1 1 18.775224609375 19.695103515625 20.2955664062501 3 3 3
18 0 0 0 9 6 6 0 0 1 0 4.96221728515626 9.36387402343753 12.397830078125 2 3 3
48 0 1 0 6 5 9 1 0 0 1 28.9681171875008 37.3971406250011 53.5553710937493 3 2 3
31 0 1 0 11 6 12 1 0 0 0 35.9900664062512 36.2809296875003 34.5127773437504 3 3 3
76 0 1 0 2 2 3 0 0 0 1 22.2470234374998 33.4311093750002 22.0794804687502 3 3 3
64 0 1 0 3 2 2 1 0 0 0 4.2952685546875 4.29773681640627 14.2745244140624 3 3 2
63 1 0 0 11 5 6 1 0 0 1 95.4282812499969 69.5784765624991 61.2191914062475 3 3 3
39 0 1 0 1 10 2 1 0 0 0 7.3249453125 6.59881054687503 6.70527001953123 2 2 2
70 0 0 0 3 2 2 1 0 0 1 9.74816308593745 10.1992998046875 10.7624140625 3 3 3
30 0 0 0 2 1 2 1 0 0 0 6.47902636718748 7.28064941406252 7.49932421874999 3 3 3
33 0 1 0 4 6 5 1 0 0 1 13.5605996093749 13.875173828125 15.3253466796876 2 2 3
59 0 0 1 1 6 7 1 0 0 1 4.56400000000001 6.78199999999997 20.7499999999999 2 3 3
21 0 0 0 3 5 4 1 0 0 1 11.375 15.997001953125 15.125 2 2 2
18 0 0 0 3 7 8 0 0 1 1 1.36084423828125 10.834 14.0286855468749 3 3 3
67 0 1 0 2 2 6 1 0 0 1 20.174 17.5715957031251 20.0740566406251 3 3 3
68 0 1 0 1 1 6 1 0 0 0 5.43682910156248 6.65267382812496 6.0644140625 3 3 3
71 0 0 0 9 4 4 0 0 0 1 15.9272490234376 13.156181640625 13.3680390625 3 1 3
42 1 0 0 9 9 10 1 0 0 0 73.8717031250018 93.4358203124969 105.112781250003 3 2 2
42 1 0 0 12 12 6 1 0 0 1 71.2000000000023 67.2999999999987 72.9267812499979 3 3 3
41 0 1 0 3 4 2 1 0 0 0 12.1949228515625 11.91830859375 12.513796875 3 3 3
38 0 1 0 4 4 6 1 0 0 1 21.1119628906251 22.5761914062508 20.0889257812501 3 3 3
33 1 0 0 5 2 3 0 0 1 1 0.0999999999999999 0.200000000000001 1 2 2 2
38 0 0 0 2 2 1 1 0 0 0 10.0564892578125 10.4728173828125 11.4212099609375 2 2 2
38 0 0 0 3 9 3 1 0 0 1 21.4038242187499 20.7087578125001 21.43533984375 2 2 2
42 1 0 0 4 3 2 1 0 0 1 49.1255703124985 51.5945312500015 50.7378007812519 2 3 3
39 0 1 0 1 1 3 1 0 0 0 1.11714074707031 3.43316113281249 4.85051757812502 3 3 3
46 1 0 0 3 3 7 1 0 0 0 50.7948164062516 50.7793984374976 55.750000000002 3 3 3
46 1 0 0 5 4 5 1 0 0 1 37.9546367187517 39.6157734375018 55.25 2 2 2
60 0 0 0 2 2 2 1 0 0 0 0.474863342285154 3.36177490234374 9.51987500000003 3 2 3
53 0 1 0 7 8 9 1 0 0 1 15.612009765625 16.9129335937499 17.5133945312499 3 3 3
36 1 0 0 11 12 12 1 0 0 1 26.2344238281251 25.4694003906242 20.27173046875 3 3 2
36 1 0 0 5 4 4 1 0 0 0 13.327208984375 13.3688349609375 13.9798037109375 2 3 2
66 0 1 0 12 12 12 1 0 0 1 34.6302421874983 34.9172343750007 25.8250898437498 3 3 3
66 0 0 0 3 4 12 1 0 0 0 4.0668291015625 4.70565283203124 3.75466845703126 2 2 2
45 0 1 0 6 3 9 1 0 0 1 27.9685585937492 30.2962480468757 29.3805546875002 3 3 2
42 1 0 0 7 3 3 1 0 0 0 23.4680156250008 26.4703242187496 29.8581757812506 2 3 3
58 1 0 0 5 5 4 1 0 0 1 25.4180156250006 42.0207851562504 29.8221718750011 3 3 3
57 1 0 0 3 4 4 1 0 0 0 29.0229804687512 32.2570019531254 27.7563632812505 3 2 2
26 1 0 0 12 11 8 0 0 1 1 12.00923828125 12.9951406249999 7.80600439453124 2 1 2
35 0 0 1 2 1 1 1 0 0 0 4.67183300781249 4.28975878906252 3.98674291992189 2 2 2
38 0 0 0 5 9 4 1 0 0 1 16.67183203125 17.5397578125001 24.2148593750012 2 3 3
59 0 0 1 2 8 1 1 0 0 1 5.47753417968752 9.17395019531249 7.66654931640622 2 2 2
50 0 1 0 9 8 9 1 0 0 1 25.4694003906242 26.9203242187504 31.2101621093736 2 3 3
50 0 0 0 6 9 9 1 0 0 0 10.7580830078125 10.4041572265625 9.30369531250006 2 3 3
21 0 0 0 8 10 11 0 0 1 1 3.82301953124999 5.88452685546877 2.52586230468749 3 3 3
48 0 0 0 8 5 4 1 0 0 1 22.7673203125008 25.0092382812505 26.5810859375002 2 2 2
48 0 1 0 8 4 4 1 0 0 0 23.6906152343741 11.530880859375 26.5600000000008 2 2 2
52 1 0 0 2 1 4 0 1 0 0 12.06234375 10.3083583984375 9.94455859375005 2 2 2
62 0 1 0 5 12 12 1 0 0 1 19.6939277343751 30.2822617187511 1.53053613281249 2 2 2
60 0 1 0 4 3 3 1 0 0 0 2.91567993164061 6.90759570312499 7.84475634765624 3 3 3
64 0 1 0 12 12 12 1 0 0 1 84.2801171875003 82.3684296874989 90.3622812499972 3 3 3
35 1 0 0 3 5 5 0 0 1 1 15.9907158203125 16.7010859375 16.1406240234374 2 1 2
49 1 0 0 8 8 8 1 0 0 0 15.4322578125 21.804154296875 16.0862548828125 2 3 3
78 0 1 0 3 2 2 0 0 0 0 5.73521044921872 6.878181640625 8.93929492187505 3 2 2
45 0 1 0 5 10 6 1 0 0 0 13.276169921875 14.7773251953125 16.5127031249999 3 3 2
50 0 0 0 6 9 7 1 0 0 1 14 15.1000000000001 16.592 2 2 2
51 1 0 0 12 6 9 1 0 0 1 309.999999999991 129.999992187505 209.999999999999 3 3 3
52 1 0 0 4 4 5 1 0 0 0 3.12294531249999 7.05095117187498 11.25701171875 3 3 2
42 1 0 0 7 8 10 1 0 0 0 1.30917822265625 1.19353857421875 15.432880859375 2 2 3
77 0 0 1 3 4 3 1 0 0 1 17.9229648437499 18.0632324218751 23.2584648437502 2 1 2
75 0 1 0 1 1 2 1 0 0 0 5.24485595703125 6.73700927734376 7.95359033203127 3 3 3
51 1 0 0 6 6 7 0 0 1 1 118.441406249995 101.138796874999 92.795609374999 3 2 3
43 0 1 0 3 6 4 1 0 0 0 10.4358671875 51.9259570312502 96.2863359375026 3 3 3
51 1 0 0 5 4 9 1 0 0 1 22.8175527343739 23.4180136718757 23.4180136718757 3 3 3
61 0 0 0 5 9 6 0 0 0 0 43.9236132812513 44.2366875000012 43.8818476562486 3 3 3
27 1 0 0 12 11 12 0 0 1 1 19.8152421874999 25.3746347656251 24.3187070312492 3 2 2
32 1 0 0 4 5 5 1 0 0 0 22.9626914062508 26.7663124999994 30.8666914062494 2 2 2
62 0 1 0 7 7 12 1 0 0 0 0.3 1.31371325683594 3.1864365234375 3 3 3
64 1 0 0 3 9 9 1 0 0 1 72.0000000000006 69.6861093749988 80.4864062500015 3 3 3
84 1 0 0 12 6 3 0 0 0 1 23.3360527343753 20.1870097656249 21.02931640625 3 3 3
30 1 0 0 3 4 2 0 0 1 0 21.24007421875 23.7922207031259 27.4664453125012 2 2 2
30 1 0 0 1 5 5 0 0 1 0 34.180597656249 38.7400664062517 41.4818710937519 2 2 2
41 1 0 0 4 12 10 0 0 1 1 23.424613281251 18.2059999999999 10.8754296875 2 2 2
26 1 0 0 7 9 6 1 0 0 0 25.2669687499992 28.8523671875002 26.4929062500011 3 3 3
39 1 0 0 6 6 6 0 0 1 1 50.0901484374989 53.6374140625019 47.7645234375022 3 3 3
64 0 1 0 2 3 4 0 0 1 0 10.462634765625 10.82441015625 11.014802734375 2 2 2
27 1 0 0 12 11 10 1 0 0 1 30.1730937499989 18.6642812499999 35.3861328125008 3 3 2
26 1 0 0 8 4 5 1 0 0 0 11.846666015625 13.8306240234374 15.111546875 3 3 3
61 0 1 0 2 2 3 0 0 0 0 9.81980468750001 10.2331591796875 10.5227265625 2 2 2
47 0 1 0 3 1 6 0 1 0 0 27.76653515625 27.3687128906246 28.3744687500007 2 2 2
42 0 1 0 5 4 5 0 1 0 1 67.0616874999986 69.4794453125014 72.5127265624972 3 2 3
17 0 0 0 9 10 9 0 0 1 1 1.20602575683594 1.77285717773437 1 3 3 2
16 0 0 0 4 9 6 0 0 1 1 2.28699560546875 3.86713305664062 9.93200000000003 3 3 2
20 0 1 0 2 3 4 0 0 1 0 7.8584814453125 8.00324365234376 6.73637207031251 3 2 2
74 0 0 0 1 1 1 1 0 0 1 7.12025000000002 7.79114062499997 7.31710937500003 2 2 2
74 0 0 1 5 4 2 1 0 0 0 7.23195312499998 4.3801162109375 5.32481347656251 3 3 3
25 0 0 0 9 9 8 1 0 0 1 18.993076171875 48.8323085937478 87.4999999999995 2 3 2
29 0 0 0 4 7 4 1 0 0 1 9.77301953125001 14.2500000000001 79.9999999999985 2 3 2
44 0 0 0 1 3 3 0 1 0 0 13.0357705078125 13.7179267578125 8.43880957031249 2 2 2
40 0 0 0 3 3 4 0 1 0 1 13.8499999999999 14.664 16.258 2 2 3
16 0 0 0 3 3 3 0 0 1 0 1.66639624023436 3.20135644531248 0.902358642578127 3 3 2
58 0 0 0 2 2 2 0 0 0 0 8.35813476562498 7.40048730468748 8.56106250000002 2 2 2
50 1 0 0 3 2 6 0 1 0 0 24.6985976562501 25.1427890624992 24.3839453124997 2 2 3
23 0 1 0 9 11 2 0 0 1 1 12.4279628906249 13.364 14.43 3 3 3
70 0 0 1 5 5 3 1 0 0 1 10.427373046875 7.32937011718748 8.58558203125001 3 3 2
45 0 0 0 6 4 9 0 0 1 1 35.9873085937485 35.9369531249994 30.4369531249986 3 2 2
40 0 1 0 4 2 1 1 0 0 0 13.3999746093751 9.28595019531249 5.09559667968747 3 3 3
31 1 0 0 4 4 5 1 0 0 0 19.3376406249999 11.6610683593749 25.5373359374994 3 3 3
33 1 0 0 2 2 3 1 0 0 1 21.5346445312501 20.1925644531249 33.7699531249994 2 2 2
24 0 1 0 4 4 5 1 0 0 0 7.58346484374998 6.70762646484377 6.83337207031249 2 3 3
24 1 0 0 7 4 10 1 0 0 1 18.5000000000001 19.5 20.8 2 3 2
32 0 1 0 5 6 6 1 0 0 0 14.9809121093749 15.1316396484375 18.5423769531249 3 2 2
37 0 1 0 7 5 4 1 0 0 1 3.60183325195311 4.11560595703127 7.75657568359374 2 2 2
54 0 0 0 7 6 4 0 1 0 1 15.0115468749999 15.5057734374999 15.5 2 2 2
38 0 0 0 4 10 7 1 0 0 0 8.21599999999996 11.7201416015625 13.9828574218749 2 2 2
41 0 0 0 12 9 6 1 0 0 1 18.4281757812499 18.7913398437501 18.1068124999999 3 3 3
47 0 0 1 2 2 7 1 0 0 1 15.73 19.3089394531249 17.618939453125 2 2 2
21 0 0 0 9 4 4 0 0 1 1 15.45554296875 18.4578515625 13.9225380859375 3 3 2
44 0 0 0 2 2 8 1 0 0 0 8.944701171875 12.3550771484375 11.95 2 2 3
20 0 0 0 6 6 4 1 0 0 0 10.9013857421875 4.40572021484374 12.1742744140625 3 2 2
34 1 0 0 4 4 4 0 1 0 0 19.2983515625 29.9149667968744 38.7848124999995 2 2 2
27 0 0 0 1 3 2 0 1 0 0 9.63645703125003 10.43041015625 14.4314296875 2 2 3
40 0 1 0 6 5 5 1 0 0 1 12.7581513671876 15.5669882812499 14.924931640625 2 2 2
35 0 1 0 7 3 2 0 0 1 0 11.77073828125 8.36972656250001 6.77487060546877 2 2 2
51 0 0 1 4 4 5 1 0 0 1 11.853357421875 15.5122158203124 22.5750019531239 2 2 2
76 0 0 1 2 3 4 0 0 0 0 9.87847167968754 10.262720703125 10.2268681640625 3 3 2
28 0 0 0 3 3 3 0 1 0 0 6.64231005859377 9.336798828125 12.520798828125 2 1 2
53 0 0 1 3 3 1 1 0 0 0 10.27 10.764 11.154 3 3 3
31 0 0 0 1 3 2 1 0 0 0 5.61686572265624 6.37726025390624 5.76070703124999 3 3 3
48 0 0 0 3 6 6 1 0 0 1 24.0184765625001 24.3184765625005 26.4198632812496 2 3 2
53 0 0 1 1 2 4 1 0 0 0 4.65766259765623 4.862 3.18888354492188 2 2 2
67 0 1 0 7 5 5 1 0 0 1 11.033296875 10.2323291015625 7.60425097656249 3 2 2
63 1 0 0 7 5 7 1 0 0 0 21.445671875 15.583123046875 20.068953125 3 3 2
43 0 1 0 9 11 12 0 1 0 1 8.30000000000001 10.104619140625 29.0346191406254 2 2 3
55 1 0 0 6 9 6 1 0 0 1 31.6181035156254 41.6327031249998 42.8526562499997 3 3 3
55 0 1 0 2 3 6 1 0 0 0 5.5889892578125 16.5874804687501 16.2079306640625 3 2 3
52 0 1 0 4 5 4 0 1 0 0 19.8000000000001 19.5 22.2000000000007 2 2 3
55 0 0 0 6 3 1 1 0 0 0 6.414974609375 4.35184765624999 3.70500000000001 2 2 2
28 0 1 0 5 2 4 0 0 1 0 10.31069921875 10.7116992187501 10.6713779296875 2 2 2
18 0 0 0 3 9 9 0 0 1 1 2.47763330078125 14.644 6.37000000000001 2 2 2
27 1 0 0 5 6 4 0 0 1 1 19.0490273437499 11.4106591796875 26.7187070312489 3 2 3
25 1 0 0 10 8 6 1 0 0 1 26.5593242187495 28.5217089843764 29.4226328124992 3 3 3
26 1 0 0 5 5 4 0 0 1 1 42.1775273437483 23.3829648437492 0.499999999999999 2 2 2
76 0 0 0 9 2 10 1 0 0 1 9.17045312500004 8.36775585937499 10.945322265625 2 3 2
29 0 0 0 9 7 9 0 0 1 1 31.2000000000008 33.1248085937486 36.5749999999991 2 2 2
22 1 0 0 5 5 4 0 0 1 1 31.2936269531244 31.8866210937498 34.430000000001 3 2 3
45 0 1 0 6 6 5 0 0 1 0 21.3640117187501 28.8740253906241 7.34292578124997 2 2 2
19 0 0 1 2 1 2 0 0 1 0 9.17282519531248 2.57854199218749 9.563408203125 2 2 2
21 0 0 0 12 11 2 0 0 1 1 9.12326074218751 7.49948437499998 4.41416552734372 3 3 2
48 0 1 0 2 2 3 1 0 0 1 13.8800908203125 18.5125234374999 17.816583984375 2 2 2
49 0 1 0 1 1 1 1 0 0 0 2.30753466796875 11.1067314453125 2.63431054687501 2 2 2
68 0 1 0 7 2 2 1 0 0 0 10.8469638671875 11.6765224609375 12.227474609375 3 3 2
23 0 1 0 5 12 12 0 0 1 1 18.08119140625 23.4000000000002 24.7000000000008 3 3 2
18 0 1 0 4 6 6 0 0 1 1 8.47600000000001 10.5560000000001 13.5226552734374 3 3 3
32 0 1 0 10 9 10 0 0 1 1 17.4007675781251 18.4133945312501 21.3000957031249 2 2 2
47 0 1 0 2 3 5 1 0 0 1 11.0692988281249 20.429298828125 21.1 3 3 3
69 0 1 0 2 2 2 1 0 0 0 5.99040429687498 6.33499951171875 7.20971582031253 3 3 3
46 0 1 0 9 2 3 0 0 1 1 12.9999999999999 14.9760390625 16.64 2 2 2
79 0 0 0 2 3 4 1 0 0 1 7.55039941406253 8.6061435546875 7.4311064453125 3 3 3
41 0 0 0 9 8 9 1 0 0 0 8.88564160156252 8.22852539062496 8.35545214843754 2 2 2
49 0 0 0 12 11 11 1 0 0 1 23.2690527343746 23.5292382812489 21.9580527343751 2 2 2
18 0 0 0 4 4 5 0 0 1 0 8.76674414062502 8.83219921874999 10.9057373046874 2 2 2
16 0 0 0 2 3 2 0 0 1 0 2.651330078125 6.17025 7.14220263671875 2 2 2
46 0 0 0 9 8 3 1 0 0 1 0.00120000004768372 0.00120000004768372 0.00120000004768372 2 2 2
27 0 0 0 5 8 12 0 0 1 1 27.981865234375 38.5842968749996 42.4632773437488 2 2 2
54 0 0 0 2 4 2 1 0 0 0 6.38546484375002 6.86512744140626 7.61121289062499 3 3 3
74 0 0 1 6 2 6 0 0 1 1 7.14513525390622 7.17838916015624 7.79345898437501 3 2 3
34 0 0 0 6 5 6 1 0 0 0 8.27164257812504 1.376376953125 1.96809045410157 3 3 3
30 0 0 0 12 4 9 1 0 0 1 0.182000000000001 4.59099999999999 27.0000000000009 2 2 2
31 0 1 0 2 3 6 1 0 0 1 17.4793378906251 23.6600000000005 24.9600000000009 2 2 3
40 0 1 0 6 6 5 1 0 0 0 8.78051855468745 8.833638671875 6.17476757812503 2 2 2
41 0 0 0 3 5 5 1 0 0 1 25.120093750001 23.7892382812505 24.6289374999988 2 2 2
67 1 0 0 2 1 4 1 0 0 1 21.0851640625 4.21496777343748 3.12575122070311 1 3 3
33 0 0 0 7 4 8 0 0 1 1 11 11.144341796875 14.644341796875 3 3 3
29 0 0 0 3 8 5 1 0 0 0 17.074513671875 17.55 18.2569296875001 2 2 3
23 1 0 0 2 2 3 0 0 1 1 10.810904296875 2.40308105468749 9.21017382812503 2 2 3
24 0 0 0 7 9 9 1 0 0 1 9.1687607421875 9.31312109375 12.2794462890624 2 3 2
23 0 1 0 3 2 3 0 0 1 1 5.12751513671873 5.20328466796875 1.52 2 2 2
26 1 0 0 9 10 7 0 0 1 1 15.4750576171875 16.632662109375 23.5340351562504 1 2 2
35 1 0 0 6 3 3 1 0 0 0 24.2067929687503 31.6993867187514 24.0686601562506 3 3 2
38 1 0 0 2 2 3 1 0 0 1 22.5805703125009 13.7014726562499 23.4086601562495 2 2 2
28 0 0 0 1 3 11 1 0 0 1 10.8695283203125 15.4902783203125 14.182671875 2 2 1
67 0 1 0 3 4 2 1 0 0 1 10.9521220703125 12.78226171875 13.950462890625 3 3 3
24 0 1 0 11 12 10 0 0 1 1 12.1092382812501 12.778234375 5.6934560546875 2 2 2
29 1 0 0 2 2 2 1 0 0 1 9.15817578125001 17.6299257812501 20.8101484375 2 2 2
28 0 0 0 10 2 10 0 0 1 0 16.008314453125 18.408314453125 16.247994140625 2 2 2
55 0 1 0 5 7 5 1 0 0 1 35.1341015624985 32.1072441406251 30.0000000000002 2 2 3
27 0 1 0 9 3 6 1 0 0 0 51.1690000000013 47.9177773437511 10.162685546875 3 3 3
26 1 0 0 7 7 7 1 0 0 0 24.3765664062502 26.4999999999996 28.9499999999988 3 3 3
27 1 0 0 12 12 6 1 0 0 1 26.4586621093755 29.4999999999997 32.9999999999994 2 3 3
34 0 1 0 7 6 9 1 0 0 0 35.4113281249989 37.71385546875 35.4138554687503 3 2 3
23 1 0 0 11 10 4 1 0 0 1 14.1631689453124 17.545328125 0.576923095703126 2 2 2
22 1 0 0 7 8 6 0 0 1 1 14.4512255859375 14.284021484375 19.1119296875 2 3 3
23 1 0 0 4 2 2 0 0 1 1 1.6 9.62499999999995 9.80350195312497 2 1 2
39 0 0 0 5 3 4 0 0 1 1 9.90162890625001 14.0291201171875 14.4641708984374 3 3 3
36 0 0 0 4 4 4 1 0 0 1 15.86 15.834 15.834 3 3 3
35 0 1 0 8 8 9 1 0 0 0 18.315498046875 18.9194062499999 18.419498046875 3 2 3
27 1 0 0 2 4 2 1 0 0 0 4.97727001953125 3.74606079101563 10.8562216796875 3 2 2
31 1 0 0 4 4 1 1 0 0 1 34.4733554687504 42.09172265625 43.8681328125013 3 3 3
39 0 1 0 9 6 6 1 0 0 1 13.05308984375 14.272478515625 13.6495322265626 2 2 2
37 1 0 0 4 8 5 0 0 1 1 25.3834648437493 27.1483515625007 35.3360195312492 2 2 2
29 0 1 0 6 8 6 0 0 1 1 22.9615156249989 19.6538457031249 23.6030859374998 3 3 3
25 0 1 0 6 6 3 1 0 0 0 9.40015722656253 10.665 10.2977275390625 3 2 3
24 0 1 0 3 9 5 1 0 0 1 12.6843398437501 16.7725312500001 24.2750527343748 3 3 3
39 0 1 0 2 2 2 1 0 0 0 14.205490234375 24.9193613281244 21.72598828125 3 2 1
32 0 0 0 5 5 3 0 0 1 1 0.499615386962891 9.08391113281255 14.80600390625 2 2 2
42 0 1 0 4 4 3 1 0 0 1 41.43187109375 42.0323320312493 45.0346406250007 3 3 3
40 1 0 0 5 4 7 1 0 0 0 13.7380107421874 15.050205078125 16.1974199218749 2 3 2
43 1 0 0 8 4 5 1 0 0 1 45.4999999999981 43.5000000000011 50.5000000000025 2 3 2
49 0 0 0 7 8 9 1 0 0 1 7.49999999999999 7.99999999999997 12.9999999999999 2 2 3
23 0 1 0 12 10 11 0 0 1 0 13.140916015625 17.080919921875 27.4404550781257 3 3 2
29 1 0 0 4 4 3 1 0 0 0 18.0281953125001 15.00600390625 18.8540507812499 2 2 2
33 1 0 0 6 5 4 1 0 0 1 27.5026249999994 27.512625000001 27.6212499999996 2 2 2
30 0 0 0 5 4 5 0 0 1 1 14.859 13.7535615234375 11.8984130859375 3 3 3
38 1 0 0 8 5 4 1 0 0 1 50.0000000000008 51.4999999999986 63.826789062502 3 3 3
39 1 0 0 2 6 5 1 0 0 0 6.29166699218753 8.27581835937503 9.87304101562496 3 3 3
39 0 0 0 5 7 9 1 0 0 0 22.3899296874993 21.6675625 23.8611640625001 2 2 2
43 0 0 0 6 2 8 1 0 0 1 12 18.5000000000001 40.000000000001 3 3 2
48 1 0 0 7 8 9 0 1 0 1 26.8419296875013 36.2739023437486 1.55879992675781 2 2 2
78 0 0 0 1 1 1 0 0 0 0 8.43626074218754 7.57422216796873 8.71818164062498 3 3 3
24 0 1 0 3 3 3 1 0 0 0 18.6578515625 18.049451171875 18.437078125 2 2 1
22 1 0 0 3 3 7 0 0 1 0 3.00000000000001 2.87254956054687 36.2926093749997 3 2 2
40 0 0 0 4 4 10 1 0 0 0 2.17491552734376 2.53548632812501 2.40399047851563 3 2 3
40 0 1 0 8 5 6 1 0 0 1 4.10000000000001 11.05 22.7324980468744 3 3 2
37 0 1 0 1 7 4 0 1 0 0 17.27776171875 21.813693359375 25.8069648437507 2 2 3
71 0 0 0 2 2 3 1 0 0 1 9.80117773437501 8.85832617187503 8.23655371093748 3 3 3
71 0 0 1 2 2 3 1 0 0 0 3.95736425781249 4.07029638671877 4.36760546874998 2 3 2
53 0 0 0 4 6 4 1 0 0 0 17.7704999999999 17.3705 18.0189999999999 3 3 3
31 0 0 0 12 12 12 0 0 1 1 21.657546875 25.5760742187497 29.9938437499985 2 3 3
31 0 1 0 4 7 6 1 0 0 1 22.7529101562498 24.2538339843748 24.6189374999989 3 3 3
44 0 1 0 2 2 2 1 0 0 1 24.4996171874988 38.6802539062504 29.9547519531251 2 2 2
31 0 0 0 2 2 3 1 0 0 0 31.1647285156263 28.7447324218737 39.4142929687511 3 2 2
67 0 0 0 4 3 5 1 0 0 1 8.97753710937501 12.159529296875 8.96426171874995 3 2 2
25 1 0 0 8 12 9 0 0 1 1 5.24199999999999 17.073189453125 17.8937636718749 2 3 3
37 0 1 0 3 2 5 1 0 0 0 4.9824169921875 5.73899511718752 5.22683544921873 2 3 3
37 0 1 0 12 12 12 1 0 0 1 6.86811181640627 7.53066894531249 6.64630078125003 3 3 3
51 0 0 0 6 5 5 1 0 0 1 31.2999999999986 31.5999999999999 22.8999999999993 2 3 2
42 0 0 0 4 4 3 1 0 0 0 15.0891923828125 15.3963583984375 16.563400390625 2 2 2
44 0 1 0 12 12 12 1 0 0 1 26.1670898437492 26.2530898437495 26.7999999999987 2 2 2
33 0 0 0 7 2 6 0 0 1 0 16.13421875 8.21099414062502 5.39720166015624 2 2 2
37 0 0 0 2 4 5 1 0 0 0 10.672505859375 13.242330078125 12.9499501953124 3 3 3
31 0 0 0 4 8 5 1 0 0 1 11.6000000000001 14.55 14.5000000000001 3 2 3
31 1 0 0 4 3 3 1 0 0 0 27.7553124999987 29.2404160156262 30.0889140624994 3 3 3
56 0 0 0 1 2 1 1 0 0 0 0.800000000000002 2.40659301757813 3.40046923828127 3 3 3
20 0 0 0 3 4 5 0 0 1 0 4.05712792968751 2.46064672851564 10.4332763671875 2 3 2
52 0 0 0 7 3 6 1 0 0 0 0.67668994140625 4.23000488281249 1.13611682128906 3 3 3
51 0 1 0 9 12 9 1 0 0 1 85.4198203125001 85.5000000000041 82.332328125002 2 2 2
21 0 1 0 3 6 6 0 0 1 0 9.07859277343745 5.45276611328125 10.43436328125 2 2 2
47 0 1 0 3 5 5 1 0 0 0 16.87212109375 32.4038203124997 29.1817050781256 1 2 2
49 0 0 0 2 2 3 1 0 0 0 16.5827421875001 15.2292968749999 16.30242578125 3 2 3
52 0 0 0 6 7 7 1 0 0 1 11.0999999999999 16.6000000000001 12.1499999999999 2 3 3
25 1 0 0 10 6 7 0 0 1 1 35.4955703125012 33.2000468750009 46.4755234374997 2 2 2
30 1 0 0 5 8 7 1 0 0 1 43.9122421875016 50.5156250000001 56.5080624999985 3 2 2
29 0 1 0 4 2 3 0 0 1 0 16.5198593750001 17.922955078125 18.94053125 3 2 2
65 0 0 0 4 2 2 1 0 0 0 6.95291601562497 7.79416113281251 3.55959570312501 3 3 3
65 0 0 1 5 3 9 1 0 0 1 12.7990253906251 15.6505556640625 15.66324609375 3 2 2
49 0 0 1 4 5 8 1 0 0 0 4.61755224609374 5.22219042968748 6.0042919921875 3 3 3
26 0 1 0 4 3 4 0 0 1 1 8.15044335937501 17.186359375 20.4723066406251 2 2 3
29 0 1 0 3 6 5 1 0 0 0 12.0153173828125 12.0488359375 13.4652539062501 3 2 2
66 0 0 0 4 3 9 1 0 0 1 13.9873886718751 6.99527197265624 5.21377148437499 3 3 3
53 0 0 0 2 8 8 0 1 0 1 6.69645996093749 7.23465771484375 7.44966699218751 2 2 2
25 1 0 0 10 5 9 0 0 1 1 22.16071484375 25.5221074218743 27.2750000000008 3 3 3
75 0 0 0 3 4 2 0 0 0 0 25.2149648437504 11.059232421875 16.6668066406251 2 2 2
46 1 0 0 9 6 4 0 0 1 1 16.1922197265624 21.3448046875001 18.4281757812499 2 2 2
23 0 1 0 4 6 7 0 0 1 1 23.4199882812507 10.1 33.0624882812484 3 3 3
17 0 0 0 12 3 7 0 0 1 0 5.99742871093753 6.50839550781247 2.349298828125 2 3 3
67 1 0 0 8 7 7 1 0 0 1 15.76029296875 16.032783203125 11.0429423828125 3 3 3
26 1 0 0 6 4 3 1 0 0 0 20.934533203125 22.4562695312504 24.2586367187501 3 3 3
27 1 0 0 3 4 3 1 0 0 1 22.2314843750008 24.0268476562493 27.5075000000009 3 3 3
35 1 0 0 3 3 6 1 0 0 0 10.0469189453125 11.1292490234374 13.771904296875 2 3 3
37 0 1 0 2 3 3 1 0 0 1 19.6073906249999 21.6593320312501 22.5813789062499 2 2 2
51 1 0 0 9 3 1 1 0 0 1 34.250000000001 35.7500000000016 36.2499999999993 3 3 3
42 0 1 0 12 8 5 1 0 0 0 14.150619140625 12.5394648437501 11.342974609375 1 3 3
23 0 0 0 7 7 9 0 0 1 1 6.67 6.11 4.26151953124999 2 3 2
21 1 0 0 7 6 6 0 0 1 1 1.2784559326172 15.7023095703126 15.2023095703125 2 2 3
38 0 0 0 6 2 2 1 0 0 1 16.9521308593751 24.8000000000007 22.4999999999997 2 2 2
73 0 0 0 2 2 2 1 0 0 1 12.344390625 9.26304101562497 10.8365546875001 2 2 2
72 0 0 0 2 3 2 1 0 0 0 2.38715087890626 3.44441406250001 4.50840332031252 3 3 2
44 0 0 1 2 1 3 0 1 0 0 7.45495800781249 8.3683515625 9.91583007812505 1 2 3
58 0 0 1 3 5 8 1 0 0 1 16 21 21 3 2 2
57 0 0 0 2 2 3 1 0 0 0 4.46641308593752 2.82 2.88 3 2 2
69 0 0 0 1 1 1 1 0 0 1 7.48474414062503 9.47194531250002 9.97561523437503 3 3 2
35 0 0 0 5 4 9 1 0 0 1 10.514087890625 11.6075 13.6825 3 2 1
20 0 0 0 5 10 12 0 0 1 1 6.95999999999996 5.00000000000001 0.200000000000001 3 3 3
78 0 0 1 1 2 1 1 0 0 1 9.8983017578125 10.5119189453124 10.716685546875 3 2 3
45 0 0 1 1 6 1 0 0 1 0 13.148966796875 9.87161718750005 12.8750400390625 1 3 2
75 0 0 1 6 5 2 0 1 0 0 7.12095068359373 9.39469335937497 7.65923193359376 2 1 3
32 0 1 0 6 6 3 0 0 1 0 17.262849609375 20.7894999999999 19.35744140625 2 3 3
26 0 1 0 4 5 3 0 0 1 0 18.9159609374999 20.5011796874999 23.603972656251 2 2 2
41 0 0 0 6 6 5 0 1 0 1 16.5 17.1752460937501 16.9948046875001 2 3 3
39 0 1 0 9 1 7 0 1 0 0 25.3195097656255 28.5948828124995 28.7610507812514 3 3 2
19 0 1 0 8 1 12 1 0 0 0 9.02748242187501 9.86128125000001 12.663349609375 3 3 3
33 0 0 0 8 9 3 1 0 0 0 10.205052734375 7.43875195312498 8.30620898437497 3 2 2
30 0 0 0 7 6 9 1 0 0 1 39.6678281250009 35.5099296874986 38.0099296874986 2 2 2
57 0 0 0 4 5 5 1 0 0 1 24.2000000000005 20.5 2.09846142578125 3 3 3
26 1 0 0 9 5 5 0 0 1 0 20.3983203125 21.75 23.25 3 3 3
24 0 0 0 7 6 6 0 0 1 1 12.1088349609375 15.0868037109375 17.4099999999999 2 3 1
66 0 1 0 2 3 4 1 0 0 1 4.53380078125 5.02365332031249 13.4792919921875 3 3 3
60 0 0 0 1 1 2 1 0 0 0 5.01825341796874 4.90727197265626 4.22333300781252 2 2 3
47 0 0 0 3 4 1 1 0 0 0 6.12164404296875 6.66095947265627 9.32700976562498 3 3 2
47 0 1 0 3 2 3 1 0 0 1 16.0041582031249 16.154158203125 16.231 3 3 2
43 0 1 0 2 1 3 0 1 0 1 14.8004208984375 16.575830078125 19.694748046875 3 2 3
83 0 0 0 1 1 1 1 0 0 0 2.4128193359375 5.00081689453126 8.56487207031246 2 3 3
45 0 0 0 2 1 2 0 1 0 0 8.83779492187498 9.30619824218752 10.116822265625 2 2 2
20 0 1 0 1 4 7 0 0 1 1 6.25043457031249 0.687142822265628 1.00495001220703 2 2 2
60 1 0 0 3 7 3 0 0 1 0 31.6359765625 49.0982734374983 36.7022656249984 3 3 2
78 1 0 0 2 3 3 1 0 0 1 8.14360986328125 11.59690234375 9.86415332031251 3 3 2
82 0 0 0 1 1 1 1 0 0 0 2.86835083007814 3.65620410156251 4.56415283203125 3 3 2
31 0 0 0 3 3 5 1 0 0 0 8.56788867187502 9.3556884765625 10.994328125 3 3 3
84 0 1 0 11 1 2 0 0 0 0 12.199873046875 16.6541289062501 19.1557675781251 3 2 3
30 0 1 0 7 1 4 1 0 0 0 21.83923046875 24.6528867187495 25.5976679687512 2 3 3
32 0 1 0 8 6 9 1 0 0 1 51.4092265624976 59.9999999999978 67.0254062500002 3 2 2
51 0 1 0 5 3 8 1 0 0 1 16.7458515625 19.8152421874999 21.558314453125 2 2 2
23 0 1 0 12 12 2 0 0 1 1 10.7993378906249 10.4795380859374 10.92 2 3 2
53 0 1 0 2 1 1 1 0 0 0 2.20125195312501 2.26394726562499 2.18400000000001 3 2 3
31 0 1 0 5 4 7 0 0 1 1 18.7303476562499 20.6711582031251 22.962388671875 2 2 2
55 0 0 1 4 2 2 1 0 0 0 9.99999999999997 12.5 19.0000000000001 3 2 2
53 0 1 0 5 4 6 1 0 0 1 15.0000000000001 17 9.99999999999997 3 3 2
27 0 1 0 9 3 9 0 0 1 1 22.2766191406251 24.0154648437493 27.2478027343747 3 2 3
60 0 0 0 2 3 4 1 0 0 1 5.02041992187498 8.55000000000004 7.29999999999998 2 2 2
43 1 0 0 4 7 2 0 1 0 0 15.827521484375 18.3963867187499 12.3399873046875 3 2 3
29 0 0 0 2 2 3 0 1 0 1 7.25 5.75000000000002 7.99999999999997 3 2 2
47 0 1 0 1 2 1 1 0 0 0 10.103912109375 10.550115234375 12.3564765625001 3 2 3
49 0 1 0 1 3 2 1 0 0 1 19.5930722656249 20.20554296875 22.1450351562496 3 3 3
39 0 1 0 4 3 4 1 0 0 0 8.14660009765628 8.42250000000002 7.93679931640628 2 2 2
43 0 1 0 5 3 3 1 0 0 1 13.024619140625 14.02 14 2 2 2
33 0 1 0 2 3 3 1 0 0 1 13.1089658203126 9.29069042968753 13.8974365234375 2 2 3
87 0 0 0 6 1 1 0 0 0 0 6.31285888671875 6.52735156249998 11.6058046875 3 3 3
18 0 1 0 4 3 3 1 0 0 0 2.10285717773437 2.09049414062499 10.4775546875 3 2 3
27 0 1 0 7 7 4 1 0 0 1 28.8259453124991 37.1495781250002 34.1773476562506 3 3 3
41 0 0 0 2 1 1 1 0 0 0 14.487056640625 6.54765234374999 3.61273999023439 3 3 3
41 1 0 0 1 5 4 1 0 0 1 17.963427734375 21.01734765625 21.4083144531249 2 2 1
38 1 0 0 1 7 3 1 0 0 0 27.5868164062509 29.6705253906252 28.3845410156261 2 2 2
35 1 0 0 6 5 5 0 1 0 1 18.799966796875 16.5127031249999 18.712240234375 2 2 2
32 0 1 0 4 6 3 0 0 1 1 18.992642578125 22.6952324218751 19.593548828125 2 3 2
29 0 0 0 1 2 1 1 0 0 0 5.70628027343749 6.27329394531254 10.454564453125 3 3 2
61 0 0 1 6 3 5 1 0 0 1 19.76027734375 32.3451386718745 17.4642285156251 3 3 3
41 0 0 0 9 5 12 0 0 1 1 46.5665117187513 36.8665156249999 26.9064648437489 2 3 2
32 0 1 0 4 9 9 1 0 0 1 1 18.0500000000001 19.9346835937499 3 3 3
45 1 0 0 6 1 2 0 1 0 0 26.3477089843748 32.1129335937493 32.4899999999985 2 3 3
55 0 0 0 3 4 9 1 0 0 1 35.0961523437507 29.4957773437486 30.2092382812494 2 2 2
57 0 1 0 4 2 6 0 0 1 0 10.3 9.703 10.616 2 3 3
44 0 0 0 2 1 2 1 0 0 0 7.10053369140628 7.45825732421878 5.92194189453124 2 3 3
61 0 1 0 3 4 4 1 0 0 1 35.4266328125018 43.4266328124986 19.25 2 2 2
50 0 1 0 1 3 1 1 0 0 1 12.711173828125 12.4125380859376 12.754619140625 3 2 2
22 0 0 0 8 3 2 1 0 0 1 11.62493359375 14.6848544921876 15.8587792968749 2 2 2
19 0 1 0 9 3 4 0 0 1 0 11.3679423828126 16.462240234375 3.90885742187499 2 2 2
39 0 1 0 3 2 2 1 0 0 0 8.22026171875002 14.6642753906251 13.8812519531249 3 3 2
47 0 0 0 5 3 2 1 0 0 1 13.2841923828125 13.072478515625 14.019388671875 3 2 3
64 1 0 0 3 4 9 1 0 0 0 5.24243261718749 11.373732421875 22.5954453125007 2 3 3
67 1 0 0 2 12 12 1 0 0 1 13.9670478515625 14.8817255859375 14.1570859374999 2 3 3
49 0 0 1 1 6 4 1 0 0 1 23.9600000000003 17.16191015625 30.0000000000002 3 3 3
50 0 0 0 6 10 4 0 0 1 1 25.7914199218738 27.0499999999993 26.3956484375012 3 2 2
62 0 0 0 3 1 3 1 0 0 0 3.28219018554689 3.36473315429688 3.59542211914061 3 3 3
33 0 0 0 4 4 6 1 0 0 1 50.0000000000008 26.3714277343737 18.0400000000001 2 2 3
78 0 0 0 3 4 1 0 0 0 1 9.878759765625 10.670365234375 9.70452343749997 3 3 3
67 0 0 0 1 1 1 1 0 0 0 4.581482421875 7.70401953125001 8.14305468750001 3 3 3
38 1 0 0 3 1 3 1 0 0 0 15.245359375 16.7229960937501 20.2882988281251 3 3 2
44 0 0 0 3 4 4 1 0 0 1 30.1972246093737 30.9159042968765 29.6060332031258 3 3 3
33 0 1 0 6 2 4 1 0 0 0 7.00790966796874 7.37219433593752 9.80354980468751 3 3 3
37 0 0 0 2 4 8 1 0 0 1 29.3380019531243 56.5109687500004 57.0000000000007 3 2 2
53 1 0 0 4 6 2 1 0 0 0 29.1096992187508 32.4999999999991 30.7500000000011 3 3 2
36 0 0 0 5 3 7 1 0 0 1 34.8000000000012 27.4000000000011 24.299999999999 3 3 2
46 0 1 0 2 1 2 0 1 0 0 7.12316992187503 7.56993505859372 6.97988281250002 1 2 2
74 0 0 1 2 7 4 1 0 0 1 18.8856582031249 11.3679990234375 12.073869140625 3 3 3
25 1 0 0 2 4 4 1 0 0 1 3.59723120117187 9.60000000000002 14.3621455078125 2 3 2
89 0 1 0 1 1 1 0 1 0 0 7.43765820312497 7.38719140624996 7.52319140625002 3 3 3
56 0 0 1 5 2 9 1 0 0 1 13.608216796875 15.033115234375 14.8857148437499 2 2 2
70 0 1 0 1 1 1 1 0 0 0 6.02182080078124 9.13274414062504 9.08687792968749 2 3 3
41 1 0 0 3 3 3 1 0 0 0 36.2713945312509 36.2605078125005 38.4549648437493 3 2 2
47 0 0 0 1 3 7 1 0 0 1 16.28 15.28 16.7000000000001 2 2 2
67 0 0 0 3 2 1 1 0 0 0 5.96430175781247 4.2830302734375 5.85728808593751 2 2 2
63 1 0 0 3 3 2 1 0 0 1 14.1640087890625 16.219203125 17.0499726562499 2 2 2
49 0 1 0 9 3 4 0 1 0 0 27.5600000000001 28.5500000000013 32.0000000000011 2 2 2
30 0 0 1 7 2 9 1 0 0 1 37.9100468750017 35.1270234374998 38.6131640624992 2 2 3
26 0 1 0 5 4 6 1 0 0 0 2.42074218750001 3.08720092773437 2.95856713867187 3 3 3
40 0 1 0 4 3 2 0 1 0 0 21.7266972656249 24.0885000000011 24.5921171874996 2 2 3
22 0 0 0 7 6 6 1 0 0 0 15.6120087890625 15.6120087890625 16.1060048828125 2 2 2
29 1 0 0 3 4 7 1 0 0 0 6.4542236328125 3.15219409179689 2.40960595703124 3 3 3
21 0 0 0 2 1 2 1 0 0 0 10.3595732421875 10.905421875 10.89162109375 2 1 2
28 0 0 0 4 4 6 1 0 0 0 10.53580859375 4.47503320312501 9.50170410156255 2 2 2
34 0 1 0 5 9 5 0 0 1 1 6.61258691406253 9.01627636718754 7.35748242187498 1 2 1
17 0 0 0 3 3 1 0 0 1 0 10.8769365234375 12.3991494140625 12.8451640625 2 2 2
26 0 0 0 1 3 3 1 0 0 0 6.7270244140625 2.79454711914063 4.46173779296873 2 2 2
34 0 1 0 5 6 3 1 0 0 1 19.21478125 19.71828515625 19.8182851562499 3 3 2
40 0 0 0 2 1 2 1 0 0 0 14.8012666015625 15.1188554687499 14.11970703125 3 3 3
27 0 1 0 7 8 7 1 0 0 1 28.355615234375 25.5056992187501 26.6596992187513 3 3 3
24 0 0 0 6 5 8 1 0 0 1 16.12 15.5126328125 16.94009375 3 3 3
58 0 0 0 5 3 5 0 0 0 0 10.7374853515625 5.69394726562498 8.57001171874997 3 2 3
24 0 1 0 10 5 7 0 0 1 0 6.23945849609374 7.62961816406248 7.81632324218747 3 3 2
39 1 0 0 1 3 2 1 0 0 1 20.608544921875 25.608544921874 30.0000000000002 2 3 2
24 1 0 0 3 7 7 1 0 0 1 18.0138574218751 20.3573906249999 22.7592382812495 3 3 2
45 0 1 0 4 6 5 1 0 0 1 21.0221914062499 18.43344921875 24.9921367187498 3 3 3
50 0 1 0 8 6 6 0 1 0 0 5.0741298828125 10.944 12.88 2 2 2
38 0 1 0 7 7 7 1 0 0 1 29.9885195312508 38.2125781250015 38.6114101562489 2 3 3
27 0 0 0 4 3 3 0 1 0 0 13.719453125 15.1761748046875 20.00198046875 2 2 3
35 0 0 0 1 1 4 1 0 0 1 9.42168554687495 5.110208984375 13.6809189453124 2 2 3
23 0 0 0 3 3 6 1 0 0 0 3.0723466796875 4.15932373046873 7.60001074218752 3 3 3
25 0 0 0 3 3 5 1 0 0 1 9.876 12.660095703125 9.94297851562497 2 2 2
19 0 0 0 2 2 3 1 0 0 0 0.820456787109374 4.87376025390625 10.5893583984375 2 3 3
42 0 0 0 12 11 12 1 0 0 1 18.1121210937501 27.4709335937496 32.1045175781262 3 2 3
47 1 0 0 9 7 10 1 0 0 1 33.7500000000008 22.4999999999997 12 3 3 3
43 1 0 0 12 10 8 1 0 0 1 38.2498750000005 39.9304843749981 42.6657031249986 2 2 2
53 0 0 1 5 5 2 1 0 0 1 13.1820000000001 6.99596826171873 7.22599218750004 3 2 3
30 0 1 0 4 6 12 1 0 0 1 33.025406250001 24.547488281251 32.352146484374 3 2 2
34 1 0 0 7 5 3 1 0 0 1 29.0812519531242 35.4692851562494 35.2034335937484 3 3 2
39 0 0 0 3 3 4 1 0 0 1 16.140416015625 16.5427246093751 16.8549648437501 2 2 3
38 1 0 0 5 3 3 1 0 0 1 25.526958984376 30.6093652343741 31.8244804687502 2 2 2
33 0 1 0 5 6 5 1 0 0 0 15.9889140625 14.292 17.7321484375 2 2 3
35 0 1 0 11 8 5 1 0 0 0 29.6087070312509 16.6895605468751 13.350123046875 2 2 2
34 1 0 0 5 6 6 1 0 0 1 8.54230761718752 8.89230761718745 49.0000000000017 2 3 3
55 0 0 1 6 3 4 1 0 0 1 28.3286464843746 28.9771093749997 28.5807851562504 2 3 2
47 0 0 1 3 4 2 1 0 0 1 19.21478125 27.4615742187493 18.8175937499999 2 2 2
42 1 0 0 6 1 6 1 0 0 1 67.0756171875008 79.5435937499984 57.0000000000007 3 3 2
26 1 0 0 6 6 4 1 0 0 0 22.4932578125007 24.1256074218742 27.1224257812489 3 2 2
40 1 0 0 1 3 4 1 0 0 1 6.09999999999999 8.19999999999997 12.8 3 3 3
30 1 0 0 6 7 2 1 0 0 1 19.06366796875 38.6655898437511 40.9053125000012 3 3 2
23 1 0 0 7 4 4 1 0 0 1 16.85293359375 18.7123945312499 22.9175527343756 2 2 2
29 0 1 0 12 4 12 1 0 0 0 28.8596992187495 35.962312500001 31.1538457031236 2 2 2
28 1 0 0 7 6 8 1 0 0 1 48.4180156249996 42.9087734374991 36.5000000000006 3 2 2
38 0 0 0 6 6 5 1 0 0 0 5.477275390625 11.2307451171875 14.36613671875 2 2 2
36 0 1 0 12 12 12 1 0 0 1 13.06923046875 14.0384619140625 14.7446152343751 3 3 2
30 0 0 0 2 5 5 0 0 1 0 11.31 12.09 11.284 2 2 3
34 0 1 0 4 12 3 1 0 0 0 19.21478125 19.21478125 22.01662890625 2 2 3
38 1 0 0 6 11 5 1 0 0 0 32.458724609376 35.0719570312503 38.3697968749991 3 3 3
37 1 0 0 12 12 10 1 0 0 1 51.0392617187489 54.5822460937514 54.0415703125018 2 3 3
31 0 1 0 2 2 4 1 0 0 0 29.0796738281246 31.2558554687486 13.989521484375 3 3 2
40 0 0 0 4 2 2 0 0 1 0 5.55781249999997 6.37688867187498 6.62971386718748 3 3 3
39 0 1 0 1 1 4 1 0 0 0 10.886181640625 9.79000000000005 14.4894921875001 3 3 2
51 0 0 0 9 11 11 1 0 0 1 20.4841953125001 37.9999999999991 18.2505507812501 3 3 3
37 1 0 0 2 3 3 1 0 0 1 33.1254062500013 35.7272499999997 22.9157050781254 3 2 3
39 1 0 0 5 2 4 1 0 0 0 17.1315332031249 18.1414062499999 21.6277910156251 3 3 3
26 0 1 0 6 3 3 1 0 0 1 13.4796328124999 5.85395361328126 14.5829999999999 3 2 3
25 1 0 0 4 2 3 1 0 0 0 22.4032343749996 16.4509765625001 18.1875566406251 3 3 3
24 0 0 0 6 4 2 1 0 0 0 4.47199999999998 5.03580029296877 4.93180029296878 2 2 2
26 0 0 0 12 3 3 0 0 1 0 13.210162109375 12.66974609375 11.4748271484375 2 2 2
22 0 0 0 9 3 12 0 0 1 0 3.18362744140626 13.734626953125 8.84130078125002 2 2 2
27 0 0 0 6 9 5 0 0 1 0 0.250000000000001 11.7182714843751 12.0516923828125 2 3 2
33 0 0 0 6 3 3 1 0 0 0 9.27626269531251 13.3015341796875 17.737787109375 2 3 3
28 1 0 0 9 7 5 1 0 0 1 38.5170898437499 48.9374140624997 37.4738085937499 3 3 3
16 0 0 0 8 8 11 0 0 1 1 0.005 3.88758105468751 2.86833129882812 2 3 2
16 0 0 1 3 5 6 0 0 1 0 0.794576049804686 1.424 0.02 2 3 2
30 0 0 0 12 12 10 1 0 0 1 22.5840332031245 32.4060332031253 23.106552734374 1 3 3
31 0 1 0 8 11 11 1 0 0 1 27.0207851562494 29.7048261718764 30.9418027343754 2 2 3
42 0 0 0 5 5 4 0 0 1 0 18.113857421875 20.606927734375 23.80923828125 2 3 2
27 1 0 0 12 12 12 0 0 1 1 20.79341015625 16.7069726562501 25.8198613281255 2 2 2
50 1 0 0 2 1 1 1 0 0 0 18.15437890625 16.42 17.931927734375 3 3 3
35 0 0 0 7 9 12 1 0 0 0 8.73924316406248 20.79744140625 19.5535566406249 3 2 2
34 0 0 0 6 3 6 1 0 0 1 10.02 10.03 6.1215 2 3 2
36 0 0 0 2 3 6 0 0 1 0 20.088029296875 10.421525390625 16.9386640625 2 3 3
28 1 0 0 3 2 3 0 0 1 1 13.4556816406251 15.5117792968751 23.394085937501 2 2 2
28 1 0 0 9 8 6 0 0 1 0 15.5330771484375 12 12 1 2 1
59 0 1 0 10 2 4 1 0 0 1 23.2551992187503 21.3785234375 20.868501953125 3 3 2
24 0 0 0 12 12 7 0 0 1 0 3.54942138671874 10.92 12.9999999999999 3 3 3
41 0 0 0 5 3 1 1 0 0 1 10.8 20.55 12.2 3 3 3
77 0 0 1 1 1 1 0 1 0 0 8.53825390625002 14.3294931640625 12.826845703125 2 1 1
35 0 1 0 1 3 2 1 0 0 1 20.0069296875 22.4999999999997 23.4809765624997 2 2 2
39 0 0 0 5 1 5 1 0 0 0 5.51999999999999 13.41848046875 10.9077734375001 2 2 2
16 0 0 0 1 4 8 0 0 1 1 12.9891767578125 5.03397265624999 6.14064697265625 3 3 3
26 1 0 0 12 12 5 0 0 1 0 20.4161328125001 18.914548828125 17.36392578125 3 3 3
18 0 0 0 4 2 4 0 0 1 0 8.00490087890623 0.0285714302062988 0.433347595214842 2 3 2
31 0 0 0 5 2 3 0 1 0 0 12.9750771484374 10.8654443359375 9.30825195312498 3 3 3
28 0 0 0 2 3 5 1 0 0 0 1.25531762695312 11.9347734375 24.7117753906251 3 2 2
45 0 0 0 1 2 2 0 0 0 0 24.8211601562492 15.606484375 12.4729033203124 2 2 3
17 0 0 0 8 3 2 0 0 1 1 1.87858789062499 11.06737890625 2.53084863281251 2 2 2
46 0 1 0 4 3 5 1 0 0 1 20.7884374999999 21.458314453125 23.1175527343744 3 3 3
54 0 0 0 6 7 4 1 0 0 0 13.0496396484375 11.2897978515625 10.79 3 3 3
41 0 0 0 4 8 6 1 0 0 1 10.5165087890625 10.79 5.88394433593749 2 3 3
38 0 0 1 2 3 2 1 0 0 0 1.34606176757813 1.47928381347657 1.35065014648437 2 2 2
54 0 0 0 5 8 8 0 1 0 1 14.3391953125 14.3391953125 15.0115468749999 2 2 2
50 0 0 0 6 10 12 1 0 0 0 8.91780175781248 9.96633203124997 9.89067382812498 2 2 1
45 0 0 0 3 8 6 1 0 0 1 15.4899384765625 11.7 9.36000000000002 3 3 2
67 0 0 0 5 2 8 1 0 0 1 8.18692578125003 4.05695947265627 8.30257714843753 2 2 2
32 0 1 0 2 4 3 0 1 0 1 28.5219414062514 22.8175507812508 22.662324218751 2 3 3
19 0 0 0 2 2 2 1 0 0 0 7.58088916015627 9.60229882812503 11.76048828125 3 2 3
55 0 1 0 6 7 9 1 0 0 1 16.75 34.9999999999982 37.6000000000005 3 3 3
81 0 0 0 6 4 4 0 0 0 1 13.731326171875 14.1566611328125 14.1249287109375 2 3 3
33 0 0 0 5 9 6 1 0 0 0 15.68428125 17.8321640625 17.5999980468749 2 2 3
32 0 0 0 3 6 3 1 0 0 0 20.3468164062501 21.963232421875 21.187505859375 3 2 2
69 0 0 1 2 1 1 1 0 0 0 2.36148242187501 5.82693212890624 8.05271337890627 3 3 3
64 1 0 0 1 2 3 1 0 0 1 10.647494140625 15.4199609374999 13.621349609375 3 3 3
61 0 0 0 4 2 2 1 0 0 0 17.164640625 9.46937792968749 4.90514111328124 3 3 3
24 0 0 0 3 2 4 0 0 1 0 15.910162109375 16.2970332031249 17.1281640625 2 3 3
27 1 0 0 11 9 6 0 0 1 1 5.196 6.098 7.99999999999997 2 2 3
38 0 0 1 1 3 3 0 1 0 0 7.52772167968753 9.08030664062496 5.90588281249999 3 3 2
51 0 0 0 2 2 2 1 0 0 0 7.4652265625 13.2055429687501 14.525173828125 2 3 2
38 0 0 0 7 3 2 1 0 0 0 16.1332421875 15.0599999999999 15.31 3 3 3
18 0 0 0 3 3 4 1 0 0 0 0.02 1.88000000000001 3.9123095703125 3 3 3
28 0 1 0 1 3 1 1 0 0 0 16.1127255859376 17.54223828125 21.4324375000001 3 3 3
35 0 0 0 6 8 3 1 0 0 1 22.0674218750008 22.4970703124992 23.4169589843756 3 3 3
84 0 0 0 10 11 9 0 0 0 1 17.92029296875 19.88766015625 17.15284765625 3 2 3
79 0 0 1 6 1 1 1 0 0 1 18.4838085937499 19.63487109375 19.7534492187499 2 2 3
38 0 0 0 2 3 2 1 0 0 0 15.111546875 15.0115468749999 21.54116015625 3 3 3
28 0 0 1 2 3 2 1 0 0 0 0.946065856933598 1.5405107421875 2.41830688476564 2 2 2
23 0 1 0 1 1 2 1 0 0 0 14.196 14.586 14.612 3 3 3
29 0 0 0 3 2 3 1 0 0 0 9.59223339843744 10.684619140625 11.41068359375 3 3 3
24 0 0 0 3 2 6 1 0 0 0 13.7872353515624 20.0894570312499 22.1151835937504 3 3 2
47 0 0 1 10 4 5 1 0 0 0 12.635328125 17.5853066406251 17.8472539062501 2 2 2
16 0 0 0 12 6 11 0 0 1 0 0.99831683349609 9.57637109374999 12.5377978515625 2 2 3
41 1 0 0 4 2 4 1 0 0 1 42.5472187500016 44.6221054687483 46.6532304687477 3 3 3
21 0 0 0 6 9 8 1 0 0 0 15.47928125 19.1807949218751 18.97065625 1 2 2
37 0 0 0 6 3 8 1 0 0 1 13.2140029296875 14.9064921875 14.053734375 3 2 2
39 0 1 0 2 6 3 1 0 0 1 16.8275 17.7569999999999 19.0969999999999 2 2 2
60 1 0 0 9 7 8 0 1 0 1 33.3254062499986 35.3267890625009 36.7781757812499 2 3 2
28 0 1 0 12 10 10 0 0 1 1 45.7887617187515 45.9180546874992 37.4954062500013 3 3 2
40 0 0 1 4 2 7 1 0 0 1 3.00318969726563 3.46121582031251 3.46871484375 2 2 2
32 0 1 0 2 4 3 1 0 0 0 11.7120927734376 8.29603515625002 13.802646484375 2 3 2
47 0 1 0 7 5 12 1 0 0 0 1.18426196289062 1.42595874023438 0.931800231933597 2 2 2
19 0 1 0 9 12 12 0 0 1 1 9.81416210937499 10.582 12.4644921875 3 2 3
16 0 0 0 9 5 9 0 0 1 1 0.259285705566406 1.31781372070312 11.2040419921875 3 3 3
60 0 0 0 2 3 4 1 0 0 0 12.8961875 17.7446855468749 18.0898359375 3 3 3
31 0 1 0 12 10 12 1 0 0 1 18.552466796875 17.2674374999999 29.8099999999995 3 2 3
48 0 0 0 9 7 6 1 0 0 0 3.75411010742187 3.84503979492188 5.70247558593752 2 2 2
38 0 0 0 8 6 6 1 0 0 1 23.7429570312505 26.0952382812494 24.0384765625009 3 3 3
66 0 0 1 4 5 3 1 0 0 1 13.1421650390625 10.01078125 8.14832177734377 3 2 3
55 0 0 0 1 2 1 0 1 0 0 9.46327929687503 10.7048427734374 9.33563183593747 3 3 2
33 0 0 0 3 2 3 0 0 1 0 16.6443242187501 16.3708447265625 25.9668242187487 2 2 2
79 0 1 0 2 1 1 0 0 1 0 10.43429296875 10.67684765625 11.456806640625 3 3 3
31 1 0 0 5 4 6 0 0 1 1 200.000000000005 110.499999999995 27.0000000000009 3 2 3
48 0 1 0 6 4 5 1 0 0 1 21.416314453125 19.9083144531251 17.521298828125 3 3 2
45 0 0 0 5 4 4 1 0 0 0 8.73992773437499 9.07818164062502 9.14680664062504 3 3 3
79 0 0 0 6 4 7 0 0 0 1 8.07500439453129 5.94387841796876 6.08115039062503 3 3 2
43 1 0 0 8 8 9 1 0 0 1 46.2277343750019 49.0281523437519 52.8766679687498 2 3 2
52 0 0 0 3 6 2 0 1 0 1 13.8106240234375 15.26554296875 16.4163984375 3 2 2
52 0 0 1 2 2 3 1 0 0 1 18.8060039062499 16.3060039062501 20.5 3 3 3
20 0 0 0 4 9 8 0 0 1 0 8.06174609375002 9.15374609374997 10.057 3 3 3
39 0 1 0 4 3 5 0 1 0 1 19.31166796875 15.565 16.64 3 2 2
16 0 0 0 5 6 6 0 0 1 0 3.03639331054688 9.45577343750002 5.89024560546873 2 3 2
49 0 1 0 7 2 2 1 0 0 1 13.7599999999999 13.7599999999999 17.1687519531249 2 2 2
39 0 1 0 6 6 7 0 0 1 1 16.089841796875 23.5678730468742 23.812019531249 2 2 2
34 0 0 0 3 3 3 0 1 0 0 12.361470703125 11.3806494140625 16.0457880859375 2 2 2
47 0 1 0 3 4 5 0 1 0 0 12.7097001953125 12.6097001953124 12.457505859375 2 2 2
49 0 0 1 2 1 2 1 0 0 0 10.279337890625 11.6282197265625 10.387990234375 3 3 2
28 0 0 0 4 3 10 0 0 1 0 12.14133984375 13.36628125 16.45866015625 3 2 2
59 0 0 0 8 4 2 1 0 0 1 23.5950000000003 25.8700000000007 26.6500000000003 2 2 2
56 0 0 1 2 2 2 1 0 0 0 4.14654443359374 4.26072021484374 5.03625146484375 1 2 2
35 0 0 0 11 12 8 1 0 0 0 5.59019384765626 5.9136923828125 6.16543359375002 3 2 2
67 0 1 0 9 4 9 1 0 0 1 20.1310820312499 22.2526191406248 21.303484375 2 2 2
47 1 0 0 7 3 5 1 0 0 1 26.6842617187505 32.2862675781244 28.8499999999987 2 2 2
41 0 0 1 2 3 3 1 0 0 1 15.1560449218751 13.8313056640626 19.2363437500001 3 3 3
45 0 0 0 1 2 3 0 1 0 1 37.7142851562485 25.1071425781247 50.0000000000008 3 3 2
21 0 0 0 3 1 3 0 0 1 0 7.92558984375003 5.82564306640628 8.01939355468747 1 2 2
51 0 0 0 3 3 2 1 0 0 1 18.4086875 19.9431132812501 21.7332480468749 2 3 3
33 0 0 1 7 9 9 1 0 0 1 30.750160156249 35.4101601562494 30.7025039062505 2 3 3
29 0 0 0 2 5 7 1 0 0 0 7.35105468749998 10.514076171875 12.7781005859375 2 2 2
27 0 1 0 1 1 1 1 0 0 0 13.4187705078125 21.57921484375 14.6150859375 2 1 2
44 0 1 0 3 8 5 1 0 0 1 18.791 19.6901015624999 20.232125 2 2 2
64 0 0 0 2 3 4 0 1 0 0 10.2418906250001 18.6793789062499 15.4194433593751 3 3 3
35 0 1 0 12 8 6 1 0 0 1 16.486607421875 18.82558203125 22.8175527343739 3 3 3
71 0 0 1 1 5 1 1 0 0 0 5.06148242187502 4.73348925781252 5.24440332031252 2 2 2
23 1 0 0 5 3 4 1 0 0 0 19.616767578125 22.2750566406255 25.9539257812489 3 3 2
24 0 1 0 12 9 9 1 0 0 1 18.3140878906251 21.016166015625 0.0500000000000002 2 2 2
30 0 0 0 3 3 1 1 0 0 0 7.46911328124999 8.65571484375 14.3567421875 3 3 2
67 0 0 0 7 6 4 1 0 0 1 9.02240429687501 9.2145439453125 9.53449414062496 2 3 3
26 0 0 0 4 3 3 0 0 1 1 10.725 9.5837060546875 12.22679296875 2 2 2
66 0 0 0 4 3 3 1 0 0 1 9.01024414062498 14.3818144531251 22.634685546876 2 3 2
29 0 1 0 5 7 3 0 0 1 1 14.7519999999999 15.6 17.2172988281249 2 3 2
48 0 1 0 7 4 6 1 0 0 1 16.8742675781249 18.5145332031249 19.0145332031249 2 2 2
49 0 0 1 4 2 1 1 0 0 0 7.20899072265622 8.95014160156255 9.790693359375 2 2 2
48 1 0 0 4 4 4 0 1 0 0 38.0348398437497 39.4724335937503 44.3521367187512 2 3 3
77 1 0 0 6 4 2 1 0 0 1 13.1424091796875 12.31919140625 2.14935668945311 2 3 2
49 1 0 0 8 8 9 1 0 0 1 36.4336914062496 48.2470664062511 49.2478749999978 2 2 2
41 1 0 0 1 2 1 1 0 0 0 27.8022871093741 28.2690839843763 24.1064863281245 3 2 2
28 0 1 0 3 5 3 0 0 1 0 7.88763720703126 14.6361171875 15.67925390625 3 3 3
34 0 1 0 3 6 2 1 0 0 0 14.0194775390626 15.494884765625 19.159865234375 2 2 2
75 0 0 1 6 3 3 1 0 0 1 7.28569726562496 7.57426123046873 7.53502929687496 3 3 3
30 0 1 0 6 9 8 0 1 0 1 24.5465078124994 25.8049999999993 27.2675000000001 3 3 3
26 0 1 0 8 9 9 1 0 0 0 8.12976367187497 1.41496667480469 16.808041015625 3 2 3
27 0 0 0 7 6 4 1 0 0 1 19.805912109375 21.543263671875 29.6909531249996 2 2 2
64 1 0 0 3 3 6 1 0 0 1 26.5554101562505 27.9045761718756 23.1087304687503 2 2 2
17 0 0 0 3 6 5 0 0 1 1 0.499999999999999 1.75640600585939 0.499999999999999 2 2 2
43 1 0 0 12 12 12 0 0 1 1 37.8285273437483 38.0122031250008 36.17725 3 2 3
51 0 0 0 3 3 3 0 1 0 1 36.4810039062485 37.1607382812491 47.5773203125023 3 3 3
55 1 0 0 3 4 1 0 0 1 0 12.7479257812501 7.04526562499997 7.40554296875 3 2 2
21 0 1 0 5 4 4 1 0 0 1 9.60739062499998 10.8380068359375 14.2305800781251 2 2 2
35 0 0 0 2 4 4 1 0 0 1 19.31478125 21.993779296875 26.2762773437513 3 2 2
45 0 1 0 1 2 5 1 0 0 0 8.09500000000004 6.37000000000001 8.77500000000003 2 3 2
28 0 0 0 3 3 2 1 0 0 0 14.1623828125 6.143345703125 11.492490234375 3 2 3
71 0 0 1 1 1 1 1 0 0 0 2.48982373046875 2.96913061523438 2.63638330078125 3 2 3
53 0 0 0 4 4 8 1 0 0 1 15.8003740234374 18.4 10.38241015625 2 2 2
41 0 0 0 7 5 3 1 0 0 1 16.374400390625 16.78623046875 20.2299140625 2 3 2
25 1 0 0 6 4 8 0 0 1 0 15.3395761718751 17.0069296875001 20.520322265625 3 2 2
26 1 0 0 5 5 5 1 0 0 0 22.0001093749999 22.207851562501 24.299999999999 2 2 2
35 0 0 0 1 2 1 1 0 0 0 12.25 12.7 3.23889233398438 3 3 3
20 0 0 0 5 5 4 1 0 0 1 5.77999999999998 11.31 14.7893134765625 2 2 2
36 1 0 0 6 5 9 1 0 0 0 36.5717226562504 40.3371679687487 40.4510390625011 2 2 3
33 0 0 0 4 7 4 0 1 0 0 20.9925 19.1195312500001 25.0249999999995 3 2 2
48 0 0 0 8 9 9 1 0 0 1 18.3510429687501 19.793783203125 21.0377304687501 3 3 3
55 0 1 0 4 4 3 1 0 0 1 19.1239999999999 19.5399999999999 20.1899999999999 3 3 3
26 1 0 0 4 6 8 1 0 0 0 17.8216640624999 21.0069296874999 23.3064667968754 2 2 3
28 0 1 0 9 4 4 1 0 0 1 17.710724609375 22.0129335937501 22.0129335937501 2 2 2
35 0 0 0 2 3 4 1 0 0 0 6.79544189453126 9.10905957031252 11.3797783203125 2 2 2
40 0 0 0 2 3 4 1 0 0 1 15.6493974609375 16.406466796875 19.5351035156251 3 3 2
22 0 0 0 8 8 12 1 0 0 0 14.6912705078125 16.271541015625 17.256466796875 3 3 3
23 0 1 0 2 4 3 1 0 0 0 9.00692871093748 11.0277138671875 10.0277138671876 3 3 3
25 0 0 0 12 8 5 1 0 0 1 9.28891015625002 11.88891015625 14.6590078125 2 3 2
52 0 0 1 4 2 2 1 0 0 0 7.60214697265628 9.05745703124999 10.539703125 3 3 3
31 0 0 0 10 7 10 1 0 0 1 23.5299999999998 24.0690000000008 24.2200000000004 2 3 2
32 0 1 0 5 6 5 1 0 0 0 21.54 23.349999999999 24.5027480468739 3 3 3
36 1 0 0 2 5 7 1 0 0 0 12.4468564453125 16.4440742187499 20.66351953125 3 3 3
28 0 0 0 2 2 1 1 0 0 0 1.96711999511719 2.16785180664061 1.18829895019531 3 3 3
35 0 0 0 7 7 8 1 0 0 1 23.6939999999999 24.7502832031256 31.5865371093764 2 2 2
30 1 0 0 3 3 5 1 0 0 0 2.87007299804689 2.08927563476564 2.05273901367187 2 2 2
27 0 0 0 6 7 5 1 0 0 0 6.48837255859375 8.90773437499998 11.1954482421876 3 3 3
27 0 1 0 5 5 6 1 0 0 0 9.52774999999998 10.3089999999999 11.395 2 2 2
24 0 0 0 8 5 9 0 0 1 0 11.650466796875 12.846083984375 15.3501201171875 2 2 2
19 0 0 0 5 5 6 0 0 1 0 8.09385498046878 11.0209296875 13.843099609375 3 2 2
25 0 1 0 3 2 2 1 0 0 0 12.521162109375 8.48764746093749 9.8319560546875 3 3 2
40 0 0 0 4 9 2 1 0 0 0 3.41845678710939 6.74927197265624 12.8597373046876 2 2 3
23 0 1 0 3 4 2 1 0 0 0 15.8999404296875 17.432916015625 19.147296875 3 3 3
38 1 0 0 9 6 6 1 0 0 1 23.9544414062489 17.491208984375 26.9819648437488 2 2 3
37 0 1 0 4 4 4 1 0 0 0 16.2560048828126 18.95 21.9087753906249 3 3 3
42 0 0 0 4 3 2 1 0 0 1 5.69765136718751 6.92116259765628 2.90976000976563 1 1 1
38 0 0 0 3 3 2 1 0 0 1 21.4580820312499 24.5020507812509 23.9336542968745 2 2 2
43 0 0 0 3 4 2 1 0 0 1 28.885000000001 29.2603183593738 29.5469296875011 3 3 2
51 0 0 1 5 5 4 1 0 0 0 11.0793125 12.26146875 14.9097499999999 3 3 3
44 0 0 1 2 2 2 1 0 0 0 13.93628515625 12.142 12.506 3 2 2
52 0 1 0 3 6 3 1 0 0 0 16.80172265625 12.093302734375 12.985912109375 3 3 3
30 0 0 0 2 1 1 1 0 0 1 19.201642578125 7.79460009765626 0.00120000004768372 3 2 2
30 1 0 0 3 3 2 1 0 0 0 10.846828125 13.0651728515625 20.849421875 2 2 3
43 0 0 0 4 4 9 1 0 0 0 17.4569296875 18.9618261718751 18.3719296875001 2 3 2
28 1 0 0 3 3 4 1 0 0 0 16.2111835937499 18.966111328125 7.30896386718753 2 2 3
32 0 1 0 6 8 8 1 0 0 1 17.4898554687501 17.7016171875 18.5029296875001 2 2 2
22 0 1 0 2 2 2 1 0 0 0 5.71694580078124 6.1341416015625 5.09887109375 3 3 3
54 1 0 0 3 3 4 1 0 0 0 24.2613261718746 27.3451347656261 27.1674511718742 3 3 3
31 0 0 0 8 8 8 1 0 0 0 21.1426621093749 21.8008339843749 23.3380625000003 3 3 3
24 1 0 0 5 1 2 1 0 0 0 19.10644140625 21.180703125 1.43676379394531 2 3 2
36 0 0 0 3 2 3 1 0 0 0 7.93001904296877 3.46300756835937 10.1998837890625 2 2 2
28 0 1 0 1 3 5 1 0 0 0 19.845951171875 5.02958691406248 12.5196894531251 2 2 2
20 0 0 1 7 7 2 1 0 0 0 10.89329296875 11.4661201171875 9.07984667968753 2 3 2
49 0 0 0 5 5 5 1 0 0 1 14.05 18.2500000000001 30.3000000000012 3 3 2
20 0 0 0 5 2 2 1 0 0 0 8.84760937500001 3.49316699218749 6.38674853515628 3 3 3
24 0 0 0 12 12 10 1 0 0 1 21.7311992187501 23.4243945312496 25.2214687500004 2 3 2
32 0 1 0 3 4 3 1 0 0 1 13.789607421875 13.8946884765625 14.1050810546875 3 3 3
24 0 0 0 12 10 12 0 0 1 1 15.18675390625 15.993654296875 19.52862109375 3 3 2
27 0 1 0 6 10 8 1 0 0 0 16.8129335937499 18.0138574218751 19.21478125 3 3 3
28 0 0 0 10 4 7 1 0 0 0 15.44364453125 20.8045800781251 25.8295253906254 2 2 2
33 0 1 0 9 5 6 1 0 0 1 10.6611708984374 10.0977597656251 22.01241796875 2 2 2
23 0 1 0 3 5 3 1 0 0 0 17.4818535156249 14.832400390625 12.3919091796876 2 2 3
32 0 0 0 9 7 9 1 0 0 1 19.68225390625 22.7500000000001 26.9100000000013 3 3 3
21 0 0 0 3 4 8 1 0 0 0 10.1197783203124 13.53457421875 12.78433984375 3 3 3
24 0 0 0 1 3 4 1 0 0 0 3.88917822265626 4.51071923828124 6.00509960937498 3 3 3
29 0 1 0 6 4 5 1 0 0 0 13.64308984375 3.16677343750001 6.16822802734375 2 3 2
26 1 0 0 10 5 7 1 0 0 0 23.9662812499996 26.0720566406238 28.8180156250005 2 2 2
39 1 0 0 9 6 6 1 0 0 1 35.7403828124997 45.3516250000013 54.9676484374983 2 2 2
25 0 0 0 3 6 2 1 0 0 1 16.415203125 11.998966796875 8.26582421875001 3 2 2
36 1 0 0 3 3 4 1 0 0 1 37.7680039062491 42.6967265624991 48.093499999998 3 3 3
23 0 0 0 4 1 10 1 0 0 1 21.693943359375 20.8800000000001 20.8 3 2 3
29 0 1 0 3 5 4 1 0 0 0 15.028 19.27348828125 16.5359999999999 3 3 3
21 0 0 0 2 2 3 1 0 0 0 11.4650341796875 12.8602558593751 13.290404296875 3 3 3
23 0 1 0 5 5 8 1 0 0 0 20.4157050781249 24.943013671876 11.9269443359375 2 3 3
41 0 0 0 12 12 12 1 0 0 1 28.5796757812489 31.2297929687489 34.4741328125014 3 3 2
70 0 0 0 3 4 2 0 0 0 0 13.6170732421875 12.893029296875 28.2830292968764 3 3 3
56 0 1 0 9 12 4 1 0 0 1 11.3 20.0461542968751 39.7500000000009 3 3 3
25 0 1 0 4 4 3 1 0 0 0 10.8299228515625 14.10008984375 17.0406855468751 3 3 2
23 0 1 0 4 4 5 1 0 0 0 1.57089746093749 17.7010214843749 19.95413671875 3 3 3
26 0 0 0 3 1 2 1 0 0 1 1.70602001953125 3.66154223632815 4.38725830078126 2 3 2
28 0 1 0 5 3 7 1 0 0 0 18.6325 20.0078515625 21.5078515625001 3 2 3
23 0 1 0 2 4 4 1 0 0 0 15.372658203125 10.328296875 11.42849609375 2 2 2
27 1 0 0 10 5 2 1 0 0 1 24.5506582031253 25.5944941406254 27.0741757812493 3 2 2
31 0 0 0 4 4 9 1 0 0 0 8.02915429687497 15.1294453125 15.6019628906251 3 2 2
29 0 0 0 1 2 5 1 0 0 1 13.9318779296875 18.706177734375 15.7856816406251 2 2 3
44 0 0 0 3 3 2 1 0 0 0 11.96 12.76 13.5400000000001 2 3 3
50 0 0 0 8 11 9 1 0 0 1 16.7699999999999 18.855955078125 20.0259550781249 3 3 3
36 0 1 0 4 3 2 1 0 0 0 33.4807851562491 35.5864921874986 37.9055429687507 3 3 3
63 0 0 1 2 2 2 0 0 0 0 11.6711962890625 10.4483378906251 15.8464423828126 3 3 3
27 0 0 0 4 6 8 1 0 0 0 17.124931640625 7.54254199218753 12.748564453125 2 2 2
19 0 0 0 2 7 6 0 0 1 1 2.30518041992187 4.18599999999998 0.0999999999999999 2 2 3
26 1 0 0 2 5 3 1 0 0 0 15.1280703125 14.11085546875 16.312375 3 3 3
37 0 0 0 8 5 6 1 0 0 1 24.7000000000008 27.4124589843752 12.107833984375 2 2 2
27 1 0 0 8 7 6 0 0 1 1 4.34201806640626 12.0712919921875 13.40523046875 2 2 2
21 0 0 1 2 3 2 1 0 0 0 7.20000000000002 7.20000000000002 0.654509399414063 3 3 3
21 0 0 0 3 4 8 0 0 1 0 6.495 12.102 6.73914208984372 2 1 3
19 0 0 0 9 12 12 0 0 1 0 11.4576328125 10.595 10.9570703125001 2 3 3
34 0 1 0 3 2 2 1 0 0 1 11.761921875 14.6320546874999 12.6814287109374 3 3 2
36 1 0 0 3 1 3 1 0 0 0 7.26933886718752 10.808314453125 11.997228515625 3 3 3
55 1 0 0 2 3 3 1 0 0 0 6.47880517578126 6.13102685546875 6.20286962890623 3 3 3
45 0 1 0 3 2 2 1 0 0 0 26.8181621093762 24.637623046874 28.4502617187489 2 2 2
46 0 0 0 4 9 5 0 0 1 1 4.15679931640623 4.26072021484374 4.39062011718751 1 1 2
42 0 0 0 1 1 2 1 0 0 1 8.53920019531251 9.00000000000004 9.24999999999999 3 3 3
19 0 0 0 6 3 7 0 0 1 0 1.34670397949218 7.90297021484378 10.474611328125 2 3 2
62 1 0 0 2 3 4 0 0 0 0 31.546488281249 46.3647890624985 47.783851562501 2 2 2
68 0 0 1 2 3 2 1 0 0 1 7.38093701171878 7.94250390625001 7.55531250000001 3 3 3
72 0 0 1 6 2 3 1 0 0 1 7.42093701171872 7.52250390624999 8.33608007812498 3 3 3
67 0 0 1 4 8 2 1 0 0 0 6.64596093749999 6.76362011718751 7.12010937500003 3 3 3
68 0 1 0 1 1 2 1 0 0 1 12.943244140625 11.9608476562499 13.7940478515626 3 3 3
27 0 0 0 8 4 5 0 0 1 0 9.67322070312497 9.61999999999999 10.79 3 3 3
63 0 1 0 6 5 5 0 0 1 1 12.772412109375 13.540357421875 14.4584111328125 2 2 2
23 0 0 1 11 8 9 0 0 1 1 8.69361523437501 12.6100000000001 12.87 3 3 2
66 0 0 1 1 5 1 0 0 0 0 12.0797460937499 14.1588974609375 15.5737822265624 2 2 3
32 1 0 0 3 1 5 1 0 0 0 8.566091796875 12.089376953125 19.6595546874999 3 2 2
29 0 1 0 12 9 9 0 0 1 0 8.78852246093751 14.496373046875 10.8036953125 2 2 2
33 1 0 0 10 6 5 1 0 0 1 31.675605468751 34.1608320312503 36.1266914062491 3 3 3
25 0 1 0 1 6 5 0 0 1 1 2.66197924804689 2.86219165039062 2.16987280273436 2 2 2
36 0 1 0 3 2 7 1 0 0 0 13.7882802734374 13.651626953125 11.58834375 3 3 3
69 0 1 0 5 3 6 0 0 1 1 13.6753671874999 14.8953525390624 16.3977363281251 3 3 3
60 0 1 0 2 1 2 0 0 0 0 3.82041625976561 9.70430859374995 6.95169580078124 3 3 3
56 0 1 0 8 3 6 1 0 0 1 15.00554296875 14.8194003906249 13.169169921875 3 3 3
50 0 1 0 8 4 5 1 0 0 0 17.40123046875 18.8110468750001 18.083857421875 3 3 2
30 0 0 0 3 7 5 1 0 0 1 24.297 31.265 32.7730000000014 2 3 2
31 0 1 0 3 5 3 1 0 0 0 7.87241210937496 7.28875195312502 3.97644995117188 3 3 3
68 0 0 1 7 7 12 0 0 0 1 9.26096484374998 10.1241826171875 10.004966796875 3 3 3
70 0 0 0 1 1 2 1 0 0 1 8.74431249999996 10.336796875 10.303958984375 3 3 3
67 0 0 0 2 1 2 1 0 0 0 2.91658203125 2.27804028320311 2.50840332031249 3 3 3
81 0 0 1 2 4 3 0 0 0 1 6.92219287109377 6.97229736328123 7.50183349609378 3 2 2
31 0 0 0 8 10 3 1 0 0 1 8.42059960937502 17.457142578125 19.4920000000001 2 2 3
48 1 0 0 3 4 6 1 0 0 1 16 11 7 3 3 3
42 1 0 0 3 5 5 1 0 0 0 9.39690820312503 7.95923925781255 8.66605859375002 2 2 3
43 1 0 0 6 7 7 0 0 1 0 25.9843300781242 36.7026601562514 39.5556289062493 2 2 2
20 0 0 0 12 11 12 0 0 1 1 31.4200097656262 12.495 5.78847656250002 2 3 3
27 0 0 1 9 9 10 0 0 1 1 4.47929199218751 7.85693164062498 8.11449267578123 1 1 1
25 1 0 0 6 2 9 0 0 1 0 16.24737890625 17.0220488281249 16.5250039062501 2 2 3
66 1 0 0 1 4 6 1 0 0 0 2.553462890625 2.48880297851562 1.75093896484374 3 3 3
61 0 0 0 1 6 2 0 0 0 0 4.10692578125 5.95653710937497 4.55012060546875 3 3 3
30 0 0 0 10 8 7 0 1 0 0 18.3140878906251 19.1405546875 20.648296875 2 2 3
63 1 0 0 3 3 6 0 0 0 0 34.4315117187508 25.9632324218759 28.3134355468751 3 3 3
28 0 1 0 7 8 8 0 0 1 0 12.5 13.7555429687501 15.612009765625 3 3 3
39 1 0 0 11 10 10 0 0 1 1 54.9999999999996 70.9090937499996 56.0395234374997 2 2 2
56 1 0 0 3 5 6 1 0 0 1 33.5000000000014 35.4999999999998 36.46247265625 3 3 3
48 1 0 0 5 1 6 1 0 0 0 34.5999999999994 35.1499999999996 44.7491914062511 3 3 3
28 1 0 0 4 4 5 0 0 1 0 18.91455078125 18.7163378906251 22.5173222656245 3 3 3
39 1 0 0 3 6 5 1 0 0 1 28.6108554687507 28.0775976562505 26.5743632812512 2 2 2
41 0 0 0 5 3 4 1 0 0 0 3.15237646484374 5.32005029296875 5.55405029296877 3 3 3
69 0 0 0 6 4 5 1 0 0 1 12.9094072265625 7.89058837890628 11.2648916015626 1 2 2
59 1 0 0 5 1 3 1 0 0 0 31.0119999999985 17.191564453125 19.3240546875 3 3 3
75 0 0 1 2 2 2 1 0 0 1 8.94251562500002 9.18828124999999 9.5316015625 3 3 2
73 0 0 1 2 4 3 1 0 0 0 6.56725195312501 6.62228613281248 6.82757470703122 2 3 3
58 0 0 0 3 6 2 1 0 0 1 31.4179609375006 31.6661914062513 32.7342851562511 2 2 2
56 0 0 0 4 2 1 1 0 0 0 10.4780000000001 10.79 11.272 2 2 2
24 1 0 0 4 5 3 0 0 1 0 10.080240234375 5.04012011718752 0.000600000023841858 2 2 3
27 0 1 0 5 3 3 1 0 0 1 15.2637412109374 15.15591015625 16.42405859375 2 3 2
50 0 1 0 12 9 9 1 0 0 1 31.4094414062512 33.2655898437503 31.6906484374993 2 3 3
49 0 0 0 3 3 3 1 0 0 0 13.149884765625 14.2549658203126 19.278208984375 2 3 3
55 0 0 0 7 3 7 1 0 0 1 5.00000000000001 7.49999999999999 1 2 3 3
20 0 0 0 3 1 2 0 0 1 0 12.64430078125 10.841328125 13.2756337890625 3 2 2
43 1 0 0 3 10 9 0 1 0 0 29.9882265625003 33.4195859375015 34.678843750001 2 2 2
39 0 0 0 5 2 1 0 1 0 1 2.65792773437499 6.56573632812501 4.09185009765625 2 3 2
36 1 0 0 4 4 4 1 0 0 0 12.5350283203124 12.58641796875 12.33467578125 3 3 3
46 0 1 0 9 2 4 0 1 0 1 29.4693007812514 23.6391132812509 27.3758906250014 3 2 2
32 1 0 0 3 4 4 1 0 0 1 26.52 26.5728007812496 26.6121035156261 3 3 3
29 0 0 0 3 3 2 1 0 0 0 7.95103662109373 6.98246630859373 1.529240234375 3 3 3
33 0 0 0 7 6 4 1 0 0 0 7.18322802734377 7.0531962890625 21.8252519531249 2 3 3
76 0 0 1 1 3 3 0 0 1 0 7.07073193359372 8.96773339843751 7.16686816406252 3 3 3
34 0 1 0 6 4 4 0 0 1 1 16.2160000000001 15.9639999999999 15.982 2 2 2
59 0 0 1 3 2 4 1 0 0 0 3.88963598632813 1.88683129882813 2.07159350585938 3 3 3
34 1 0 0 7 9 7 0 0 1 1 22.0008105468751 19.0173164062499 19.2073164062499 3 3 2
43 0 0 0 12 12 12 0 0 1 1 20.0000000000001 18.568 1.29719995117187 2 2 2
65 0 0 1 1 2 1 0 0 0 0 5.01430175781249 5.19384814453125 8.70783593749999 2 3 3
42 0 1 0 3 5 5 0 0 1 0 25.6289882812493 29.6407421874992 25.7377402343762 2 2 3
43 1 0 0 3 4 5 1 0 0 1 26.8290078124989 26.649007812499 26.1685234375001 3 3 3
65 0 0 0 1 2 1 1 0 0 0 25.6772871093756 20.77363671875 23.6919257812503 2 3 2
21 0 0 0 9 3 2 0 0 1 0 11.5132568359375 13.296798828125 14.129408203125 2 2 2
26 0 0 1 2 1 1 0 0 1 0 4.50488867187499 4.58464257812499 7.54675341796875 2 1 2
33 0 0 1 1 6 3 0 0 1 0 7.82104736328123 9.07432226562497 9.76592675781248 2 2 2
40 0 0 0 3 3 4 0 0 1 1 5.81387402343748 6.76699169921876 4.45320312499999 2 2 2
76 0 0 1 7 3 8 1 0 0 1 11.7664404296875 12.46401953125 12.8247871093751 3 3 3
67 0 0 1 5 12 12 1 0 0 1 7.32561962890628 7.52731250000002 8.02647412109377 3 2 3
30 0 0 0 3 12 12 0 0 1 0 18.2000000000001 19.505955078125 19.505955078125 2 2 2
43 0 0 1 1 3 6 1 0 0 1 11.2193720703125 10.095951171875 15.742671875 1 3 2
60 0 0 1 2 1 5 1 0 0 1 6.51268603515625 8.02491992187504 1.58219079589844 2 2 2
57 0 1 0 9 1 2 1 0 0 0 14.31155859375 9.08123828124995 7.57317041015623 2 2 2
31 0 0 0 9 12 12 1 0 0 1 27.9287500000001 26.8182910156259 30.9466171874994 3 3 2
69 0 0 1 3 7 6 1 0 0 1 16.62029296875 19.10557421875 19.5311503906251 3 3 3
66 0 0 0 3 2 4 1 0 0 0 9.61024414062503 9.44727148437496 5.96660058593752 3 3 3
55 0 0 0 2 10 5 0 0 1 1 5.99715527343751 4.10289404296877 8.49490332031255 2 2 2
74 0 0 1 7 5 6 0 0 1 0 12.0058798828125 9.03613085937504 16.235103515625 2 3 2
34 0 1 0 1 1 2 1 0 0 1 22.3449921875 21.8688222656249 23.9764433593746 3 3 2
35 0 0 1 1 3 4 1 0 0 0 3.91116479492187 0.643975708007809 1.43778686523437 3 3 3
59 0 1 0 3 6 5 1 0 0 1 44.550000000002 30.149999999999 30.2000000000012 3 3 3
51 0 0 0 9 5 8 1 0 0 1 25.2194003906243 26.4203242187494 24.0184765625001 3 3 3
52 0 1 0 6 3 3 1 0 0 0 7.51723046874998 6.60400000000001 7.11849999999999 3 3 3
22 1 0 0 9 5 7 0 0 1 0 0.98084564208984 9.182857421875 14.347857421875 3 3 3
63 0 0 1 3 1 1 1 0 0 1 12 13.5 15.8785498046874 2 2 3
17 0 0 0 9 9 9 0 0 1 0 0.25484748840332 3.54267895507812 5.4041572265625 2 2 2
43 0 0 1 5 1 2 0 0 1 1 4.714783203125 4.76048291015627 3.25986596679689 3 3 2
57 0 0 0 2 2 1 0 1 0 1 14.18650390625 14.7828408203125 16.641583984375 2 3 3
29 0 1 0 5 4 3 1 0 0 0 6.96184765624999 9.73048730468751 8.17182031249997 2 2 2
29 0 1 0 5 2 6 1 0 0 1 29.5622402343751 25.4099999999998 26.0599999999991 3 3 3
48 1 0 0 8 6 7 1 0 0 1 25.5915000000007 22.1908515624991 16.391515625 2 3 3
47 0 1 0 3 4 4 1 0 0 0 41.0136289062516 43.0590351562501 50.7828007812501 3 3 3
53 1 0 0 6 12 3 1 0 0 1 42.1184765624993 29.493884765625 38.1312929687509 2 3 2
54 0 1 0 3 2 5 1 0 0 1 32.9333125000014 34.3239023437488 35.7532382812492 3 3 3
47 0 0 0 2 1 1 1 0 0 0 15.3224208984376 17.9860078124999 19.1736308593751 3 3 2
52 1 0 0 3 4 2 1 0 0 1 27.6152421875009 28.0732109374992 26.0094687499999 2 2 2
48 1 0 0 2 9 6 1 0 0 0 28.9322675781256 31.0910859374987 30.6110859374991 2 2 2
60 0 0 1 9 9 9 1 0 0 1 24.4184765625007 22.6173222656253 24.0381074218762 3 2 3
55 0 1 0 5 3 6 1 0 0 0 10.297921875 11.108544921875 14.135140625 3 3 3
46 1 0 0 2 1 1 0 0 1 1 23.5057734375001 19.1191679687501 18.7329101562499 3 2 1
35 1 0 0 3 2 1 0 0 1 0 4.22077880859377 2.83640600585939 5.53793798828125 2 2 3
26 0 1 0 3 2 1 1 0 0 0 0.820456787109374 0.823253540039058 1.44069360351562 2 3 1
38 0 1 0 4 3 10 1 0 0 1 21.441919921875 14.196802734375 12.9819423828125 2 2 3
36 0 0 0 3 3 3 1 0 0 0 16.3639296875 11.450359375 9.98877148437497 3 2 2
44 1 0 0 5 5 5 1 0 0 1 25.5083730468751 27.6872031250007 26.6613378906263 3 3 3
43 0 0 0 2 2 2 1 0 0 0 5.43399999999999 5.552 9.54500292968751 2 2 2
29 1 0 0 7 4 1 1 0 0 1 37.1899999999994 46.3397734375019 46.0399999999991 3 3 2
30 1 0 0 9 4 2 1 0 0 0 21.1499999999999 23.5152441406251 19.3423359375 2 3 2
50 0 0 0 4 2 3 1 0 0 0 12.9999999999999 11.5 27.0633359375005 3 2 2
55 1 0 0 7 6 9 0 0 1 1 17 17 14 3 3 3
63 0 1 0 2 2 2 1 0 0 1 108.098445312504 8.99307617187501 14.8667470703126 2 2 3
61 0 1 0 2 2 1 1 0 0 0 116.023390625002 17.5801210937501 19.456611328125 3 3 3
52 0 0 0 5 7 5 1 0 0 1 19.9837753906251 24.6875000000006 29.3907324218757 2 2 2
22 1 0 0 8 4 4 0 0 1 0 3.65000000000001 9.29816894531248 12.7796923828125 3 2 3
18 0 0 0 4 2 3 0 0 1 0 0.500621154785154 5.77199999999999 3.97729785156248 3 3 2
60 0 1 0 7 3 6 1 0 0 1 33.9758671875012 34.2258671875003 36.8129335937497 3 3 2
62 0 0 1 2 3 2 1 0 0 0 3.51549243164061 3.21078735351562 3.73876708984374 3 3 3
73 0 0 0 3 2 2 1 0 0 1 10.0184921875 10.34398828125 10.6439189453125 3 3 3
73 0 0 0 2 3 5 1 0 0 0 5.82349902343748 7.58929003906247 10.6003759765625 2 3 3
75 0 0 0 7 4 2 1 0 0 1 17.727779296875 19.0072714843751 20.6393925781251 3 3 3
45 0 1 0 6 4 11 0 1 0 1 25.7092382812496 24.5092382812511 25.1750000000009 2 2 2
26 0 0 0 2 4 4 1 0 0 1 21.8644296875001 25.9601621093739 31.6506621093751 3 2 2
56 1 0 0 3 2 2 0 1 0 0 30.0000000000002 18 27.9999999999989 2 2 2
62 0 0 0 1 2 4 1 0 0 0 6.59529492187497 9.94966894531251 6.50455664062499 3 3 3
24 1 0 0 9 4 11 1 0 0 0 10.7786484375 12.9453583984375 14.77136328125 3 2 3
21 0 0 0 10 7 5 0 0 1 1 11.748560546875 12.9999999999999 14.82 3 3 3
33 0 0 0 4 4 6 1 0 0 1 32.0681972656247 32.7648730468735 39.4237304687517 2 2 2
31 0 0 0 3 3 9 1 0 0 0 10.1013671875 10.3722197265624 10.6485185546875 2 2 2
63 0 0 0 5 5 6 1 0 0 1 16.2499999999999 17.516744140625 14.8313613281249 3 3 3
50 1 0 0 5 3 3 1 0 0 1 31.9625878906243 33.6600468749993 28.8221718750014 2 3 2
59 0 0 0 2 1 3 1 0 0 1 12.131087890625 14.9398203125 12.7538271484375 2 3 3
58 0 0 0 3 4 4 1 0 0 0 9.04149999999996 9.19521972656255 9.88442480468745 2 2 2
27 0 0 0 9 4 7 0 0 1 1 21.2499999999999 24.2499999999993 26.0103925781247 2 2 3
30 0 0 0 12 12 8 1 0 0 1 23.3406855468751 23.1400000000008 21.5279531249999 3 3 3
33 0 0 0 2 1 1 1 0 0 1 25.2194003906243 27.3210156250011 26.1200917968752 3 2 2
26 0 0 0 1 2 1 0 0 1 0 7.73223144531249 7.62921826171876 11.9370703125 2 3 2
33 0 0 0 1 6 12 0 0 1 1 16.263193359375 17.340119140625 18.3140878906251 3 2 3
23 0 1 0 12 7 3 0 0 1 0 13.612572265625 11.7501494140625 12.943556640625 2 2 2
40 0 0 1 8 8 12 0 1 0 0 8.04763183593754 1.62941638183593 16.2686884765626 3 3 3
18 0 0 0 9 5 12 0 0 1 1 8.4281298828125 10.725353515625 11.2163984375 3 3 2
16 0 0 0 8 12 12 0 0 1 0 1.56 6.90365380859373 12.6597919921876 3 3 3
33 1 0 0 3 3 5 1 0 0 0 21.7306503906249 23.3760332031261 24.3552265625001 2 2 2
52 0 0 0 12 12 12 0 0 1 0 17.3499999999999 16.0999999999999 15.3934619140625 3 3 3
42 0 0 0 1 9 9 1 0 0 1 2.5 4.24999999999999 6.09999999999999 3 2 2
42 0 0 0 9 9 11 0 1 0 1 10.5772685546875 15.862857421875 10.9886015624999 3 3 2
22 0 0 0 3 5 2 0 0 1 1 10.946 11.986 13.0219345703125 3 2 3
40 0 0 0 2 2 2 1 0 0 0 9.61762500000003 9.04238574218747 9.52275488281246 3 3 3
19 0 1 0 6 10 3 0 0 1 0 9.01302539062504 8.11200000000005 9.02199999999999 3 3 3
36 0 0 0 9 7 7 0 1 0 0 15.4022011718751 15.6120087890625 15.912240234375 3 2 2
34 0 1 0 1 4 8 1 0 0 1 17.105244140625 24.0184765625001 30.8370878906254 2 3 3
35 0 1 0 4 7 6 1 0 0 1 54.0369531249979 43.4625898437511 47.2540195312484 3 2 2
27 0 0 0 3 5 3 1 0 0 0 35.4272499999998 31.8244824218759 26.8383183593756 3 3 3
56 0 1 0 6 6 10 1 0 0 1 33.3333710937507 37.8286367187494 41.6818710937486 3 2 2
57 1 0 0 7 6 6 1 0 0 0 25.9670898437497 22.1098906249993 10.8947138671876 3 3 3
25 1 0 0 12 7 7 0 0 1 1 20.5744003906251 32.7949999999988 44.1611640624993 3 3 3
63 0 0 0 8 3 2 0 0 0 0 18.7082832031249 19.7744648437501 20.91319140625 3 3 2
43 0 1 0 3 2 3 1 0 0 1 13.053921875 14.8763759765625 13.7491523437501 2 2 2
38 1 0 0 4 4 5 1 0 0 0 18.9568046875001 14.1025224609375 18.81484375 2 3 3
45 0 0 0 1 3 4 1 0 0 0 3.73700854492188 3.86253027343751 4.55889111328127 2 2 2
62 0 0 1 7 1 3 1 0 0 1 9.10517675781248 11.667169921875 10.197228515625 3 1 3
37 0 0 0 5 6 5 1 0 0 1 13.052 13.912220703125 8.62944921875003 2 2 2
45 0 1 0 6 9 12 1 0 0 1 37.7778867187506 41.1556601562517 45.1849570312518 2 2 2
34 0 1 0 3 1 5 1 0 0 0 1.74577978515624 18.20386328125 22.1326054687492 2 3 2
32 0 0 1 11 10 9 1 0 0 1 19.25 20.2500000000001 19.6199999999999 3 3 3
27 0 1 0 9 11 12 0 0 1 1 26.5748261718738 22.1777929687495 24.0000000000004 3 2 3
37 0 1 0 5 7 7 1 0 0 1 25.3995390625001 25.6757500000013 26.9967675781242 2 3 2
55 0 0 1 1 2 2 0 0 1 1 2.78995947265625 5.09647119140626 4.83978417968748 3 2 3
30 0 1 0 6 1 3 1 0 0 1 14.378 15.0939999999999 15.9150234374999 3 3 3
30 0 1 0 6 2 6 1 0 0 0 16.59684375 21.191931640625 18.09642578125 3 3 3
69 0 0 1 2 6 6 1 0 0 1 102.640265625005 15.067025390625 14.7273408203125 3 3 3
34 0 0 0 12 12 8 0 0 1 1 10.362119140625 6.92574951171876 7.68435107421877 3 3 3
58 0 0 0 2 3 3 1 0 0 0 0.02 8.88000000000003 1.06084997558594 3 3 3
24 0 0 0 5 4 2 0 0 1 0 7.87919824218753 4.66590332031248 9.14425878906251 3 2 2
28 0 0 1 4 3 3 1 0 0 1 20.1876757812499 27.04 27.04 2 2 3
41 0 1 0 9 9 6 1 0 0 1 30.4974570312488 32.888277343749 30.8958144531247 3 2 3
43 0 1 0 4 9 5 1 0 0 0 27.0207851562494 29.062355468751 28.7649511718741 3 3 2
46 1 0 0 11 9 8 1 0 0 1 70.7026640624983 76.6389140624985 80.3837890624989 2 2 2
57 0 0 1 9 10 6 1 0 0 1 14.65067578125 29.8098593750008 22.3666289062504 3 3 2
60 0 1 0 7 3 6 1 0 0 0 18.0271386718751 32.3244804687501 29.242550781249 3 2 3
27 1 0 0 7 9 9 0 0 1 0 51.0499999999994 66.4500000000006 52.5999999999999 3 2 3
33 0 0 1 3 3 5 1 0 0 0 7.52832861328125 2.597080078125 19.8361953124999 2 3 2
40 0 0 1 8 5 8 1 0 0 0 5.32707714843748 5.04242822265626 1.61851123046875 2 2 2
18 0 0 0 8 12 12 0 0 1 0 2.31492358398438 10.036 9.96346484374996 3 2 3
16 0 0 0 7 2 7 0 0 1 0 1.04365991210938 1.17 0.11003849029541 3 3 3
48 0 1 0 1 4 12 1 0 0 0 33.3378593750007 26.8454746093751 22.2941503906241 3 2 2
32 0 0 0 2 12 1 0 0 1 1 16 23.0000000000003 23.5000000000012 3 3 2
41 0 0 0 4 6 3 0 0 1 1 8.93072167968748 10.0896015625 13.0493740234375 3 3 2
59 0 0 1 3 3 2 1 0 0 1 9.24431738281254 4.45369628906251 4.60727197265623 3 3 3
31 0 0 0 3 3 3 0 0 1 1 13.7602773437499 13.4 14.3106240234375 2 2 2
26 0 0 0 4 3 2 1 0 0 0 1.42297949218749 10.0817802734375 11.3953984374999 2 2 2
54 0 1 0 12 12 12 1 0 0 1 27.0650117187503 24.582863281249 22.7578515624998 3 3 2
77 0 0 1 2 1 1 1 0 0 1 8.97708886718751 11.86184375 9.48940234375002 2 2 2
73 0 1 0 1 1 1 1 0 0 0 5.44167724609374 7.30653857421878 5.99582421874997 3 2 2
36 0 0 1 1 3 8 1 0 0 0 11.555724609375 15.3588212890625 14.0181279296875 3 3 3
71 0 0 0 3 2 4 1 0 0 1 14.31633203125 14.5311093750001 13.514423828125 3 3 3
36 0 0 1 9 5 11 1 0 0 1 14.54801953125 16.7699999999999 16.8999999999999 2 2 2
30 0 0 1 5 7 5 1 0 0 0 6.14623535156248 1.95522717285156 9.26160351562504 3 3 2
78 0 0 0 1 1 2 1 0 0 0 2.46415600585939 5.441505859375 5.54441162109377 2 2 2
72 0 0 1 1 4 5 0 0 0 0 8.98251953125006 14.0134658203126 11.582802734375 2 2 2
38 0 0 0 4 2 4 0 1 0 0 9.18813281249998 15.86643359375 17.806716796875 1 1 2
64 0 1 0 1 5 2 1 0 0 1 30.8523867187493 36.3989570312504 29.5329082031248 2 3 2
45 0 1 0 3 2 1 1 0 0 0 15.7321015625001 17.4133945312501 15.63316796875 3 3 3
79 0 0 0 6 4 5 1 0 0 1 13.3941484375 14.8950625 12.663771484375 3 3 3
75 0 0 0 4 4 1 1 0 0 0 6.85120458984374 8.05786132812496 6.29462402343752 3 3 3
38 1 0 0 9 6 4 0 0 1 0 29.3625878906248 28.1656601562487 31.1579687500007 3 3 2
35 0 0 0 3 3 2 1 0 0 1 21.0199999999999 17.0910253906251 20.408775390625 3 3 3
33 1 0 0 4 3 2 1 0 0 0 28.0688124999988 30.0998496093748 27.7435781250008 3 3 3
57 0 0 1 1 2 4 1 0 0 0 8.21478515625001 3.84055419921876 3.54032324218749 3 2 3
42 0 1 0 2 2 2 1 0 0 0 11.078166015625 13.372970703125 12.1068964843749 2 2 2
17 0 0 0 3 2 4 0 0 1 0 0.0928460845947269 0.381040008544923 5.66958544921877 2 3 2
55 0 0 1 2 2 1 0 1 0 0 10.6600000000001 3.98943798828126 6.94199999999999 1 1 1
39 0 1 0 3 3 2 1 0 0 1 4.00000000000001 3.15549999999998 12 3 3 2
38 0 0 1 6 5 2 1 0 0 0 25.0467460937513 11.335392578125 12.6760322265625 2 2 3
47 0 0 0 3 3 2 1 0 0 1 14.750966796875 15.028 14.449298828125 3 2 2
29 1 0 0 3 2 1 0 0 1 1 21.916859375 20.4157050781249 28.4509394531261 3 3 3
54 0 0 1 1 2 4 1 0 0 0 6.17274804687502 6.85727490234378 7.96605078124997 3 3 3
61 0 0 0 1 4 5 1 0 0 1 11.818953125 5.89308007812502 14.8985859375001 2 3 3
45 0 1 0 3 3 2 1 0 0 0 13.2316328125 13.7986503906249 18.182474609375 2 2 2
49 0 1 0 4 6 5 1 0 0 0 14.2933593750001 15.311779296875 16.5127031249999 2 2 2
80 0 0 1 1 1 2 0 0 1 0 7.02501123046877 12.2377373046875 10.8825791015625 2 3 3
54 1 0 0 1 1 1 1 0 0 1 20.055427734375 16.7384609374999 20.2042109374999 2 3 2
24 0 0 0 3 6 8 0 0 1 1 6.04026464843749 10.9278486328125 11.363466796875 2 2 2
22 0 0 0 4 7 9 0 0 1 0 7.14999999999997 9.01967480468753 8.89714257812497 3 2 2
33 0 0 0 3 9 6 0 0 1 0 21.3885097656251 22.8206679687504 24.0025820312503 3 3 2
26 1 0 0 10 12 10 0 0 1 0 25.9549023437505 31.3741347656253 33.8120078124996 3 3 3
30 0 0 0 2 6 5 0 0 1 0 14.00509375 18.25965234375 17.73237890625 1 2 3
75 0 1 0 5 2 2 1 0 0 1 6.62436718749999 9.12603125000004 13.803150390625 3 3 2
44 0 0 1 3 6 8 0 0 1 0 36.5391718749983 33.7414023437503 37.3109921875008 2 3 3
43 0 0 0 1 1 2 0 1 0 0 10.2509794921875 10.139177734375 10.8043447265626 2 1 1
53 0 1 0 5 9 7 1 0 0 1 30.1131249999988 35.0139140625009 30.0810859374988 3 3 3
29 1 0 0 7 11 5 0 0 1 0 26.1681289062506 27.6536679687512 27.4997480468757 2 2 2
40 0 1 0 1 5 1 1 0 0 1 33.6258671874996 28.8221699218756 23.1677832031241 3 3 3
19 0 0 0 3 3 4 0 0 1 1 1.59046923828124 0.0700000000000001 0.714921142578123 3 3 2
59 0 0 1 9 10 9 1 0 0 1 7.2961552734375 8.86884375000004 8.20672363281255 3 3 3
48 0 1 0 12 12 12 1 0 0 1 39.6000000000011 38.9329492187492 42.9208554687485 3 3 3
60 0 0 0 5 6 4 1 0 0 0 13.319849609375 13.560392578125 15.5758671875001 3 3 3
61 1 0 0 5 11 5 1 0 0 1 14.4742441406251 15.8843886718751 17.5192949218751 3 3 3
68 0 1 0 4 5 3 1 0 0 0 4.26093701171875 9.39640429687501 8.93791406249998 3 3 2
37 0 0 0 2 1 3 0 0 1 0 8.82054296875002 6.49453710937502 9.75123925781252 3 2 2
39 0 1 0 5 4 4 0 1 0 0 405.818749999984 19.8243984374999 19.8758535156251 3 3 2
53 0 0 0 4 3 1 1 0 0 1 19.029998046875 20.0095253906249 20.4046367187499 3 3 3
51 0 1 0 1 1 2 1 0 0 0 3.6652490234375 4.03879907226563 5.53187109374999 3 3 3
35 0 1 0 1 2 2 1 0 0 0 6.99133642578127 2.46060864257812 1.88939526367188 1 1 1
48 0 0 1 2 1 3 1 0 0 0 10.0880000000001 13.884 12.818 2 2 2
45 0 0 0 4 3 4 1 0 0 1 15.73 15.678 15.808 3 3 2
68 1 0 0 2 11 4 1 0 0 1 17.5106445312501 22.4196269531241 18.67929296875 3 3 3
66 1 0 0 1 1 2 1 0 0 0 9.80998535156247 10.484 10.559595703125 3 3 2
51 0 1 0 9 5 6 1 0 0 1 20.5902382812499 29.0469218750014 20.45 2 3 3
80 0 0 1 2 3 2 1 0 0 1 10.086271484375 13.182193359375 13.896802734375 2 2 2
37 0 0 0 2 3 4 1 0 0 0 13.9693359375 11.8375732421875 16.7060351562499 2 2 2
48 0 1 0 2 2 3 0 0 1 0 16.5727480468749 17.293302734375 19.2868359374999 3 3 2
67 0 0 1 11 3 4 1 0 0 1 13.009990234375 13.596724609375 13.835068359375 3 3 3
67 0 1 0 11 2 3 1 0 0 0 29.0100781249998 12.0299970703125 8.73259765624997 3 3 3
57 0 0 1 1 1 1 0 1 0 0 5.52184765624999 6.23999999999998 7.02000000000002 3 3 3
50 0 0 1 2 5 3 1 0 0 1 20.3319999999999 20.8 20.8 3 2 3
37 0 0 0 5 1 1 1 0 0 0 8.128740234375 12.6575205078125 14.82468359375 3 3 3
46 0 0 1 4 2 3 1 0 0 1 15.0000000000001 15.8199999999999 12.82 3 3 3
49 0 1 0 4 3 3 1 0 0 0 21.468314453125 22.2170898437495 22.2170898437495 3 2 2
40 0 0 1 3 3 1 0 1 0 0 11.9699150390625 17.645361328125 16.28839453125 2 2 2
46 1 0 0 1 1 2 0 1 0 1 19.8266347656251 17.250634765625 15.7740000000001 2 2 2
47 0 0 0 3 4 3 0 1 0 0 17.0528847656249 18.2197460937499 14.7225214843751 2 2 2
26 0 0 0 3 4 3 1 0 0 1 22.6199999999997 21.9078515625001 25.65925390625 3 3 3
25 0 1 0 9 1 5 1 0 0 0 20.6323867187499 23.1928417968751 24.6635488281252 3 2 3
31 0 0 0 4 5 4 1 0 0 0 14.0411796875 7.12939648437497 9.78434375000004 3 3 3
39 0 1 0 7 8 9 1 0 0 0 19.734083984375 16.3252304687501 22.2007968749995 2 3 2
37 0 0 0 8 10 7 1 0 0 1 18.9000839843751 19.4931074218751 9.30190332031246 2 2 2
44 0 0 1 7 4 3 0 0 0 0 51.8312734374998 11.445349609375 10.8331650390625 3 3 3
23 0 0 0 11 12 7 0 0 1 0 10.68822265625 11.740365234375 12.2977939453125 2 2 3
20 0 0 0 6 7 7 0 0 1 0 17.9006054687499 14.4083007812501 11.3473818359374 2 2 2
16 0 0 0 8 10 3 0 0 1 1 5.76853857421876 17.869654296875 9.004759765625 3 2 3
34 1 0 0 1 2 3 1 0 0 0 1.64606176757812 14.880953125 15.2925732421874 3 3 2
36 0 0 0 3 3 3 1 0 0 1 94.7000000000028 20.1980781250001 30.4533398437503 3 3 3
39 0 0 1 12 9 12 0 1 0 1 11.83 10.4 14.5355 2 2 1
36 0 0 0 7 5 7 1 0 0 0 26.8828320312494 23.0925332031255 23.4627949218756 3 2 2
44 0 0 0 11 9 10 1 0 0 1 40.7067812500006 28.2680585937493 31.3720000000013 3 3 3
48 1 0 0 7 3 3 0 0 1 0 27.0083281249999 22.1896562500002 24.2499999999993 2 3 3
51 0 0 0 4 2 3 0 1 0 0 24.5226562499992 20.996404296875 24.3592382812493 3 3 3
35 0 0 1 12 7 7 0 1 0 0 21.0604082031251 17.911455078125 15.6327363281249 1 1 1
45 0 0 0 5 8 8 1 0 0 1 45.6327968749978 45.7351054687515 48.036953124998 2 2 2
29 1 0 0 12 12 12 0 0 1 1 64.3361562499991 71.8267890625024 66.8498828125013 3 2 2
45 0 0 1 11 7 5 0 1 0 1 20.0000000000001 16.2499999999999 20.0000000000001 3 3 3
60 0 1 0 1 1 4 1 0 0 1 6.35000000000001 10.8242861328125 4.49999999999999 3 3 3
60 0 1 0 2 1 6 1 0 0 0 14.8424091796875 40.6220429687504 10.305615234375 3 3 3
57 0 0 0 4 1 4 1 0 0 0 27.9999999999989 2.80000000000001 37.3261562499986 3 3 3
20 0 0 0 7 7 5 0 0 1 1 13.2599999999999 12.324 13.4874755859375 2 3 2
19 0 1 0 6 2 5 0 0 1 1 2.54999999999999 11.891 15.118400390625 3 3 2
47 1 0 0 4 2 5 1 0 0 0 1.41978979492186 1.60712878417969 13.9406933593749 3 3 3
41 0 0 0 11 3 4 1 0 0 1 21.1278515625 16.924619140625 2.37590429687501 2 3 2
43 0 0 0 3 5 5 1 0 0 0 11.3768701171874 20.8092265625 20.1921171874999 2 2 2
17 0 0 0 11 4 3 0 0 1 0 9.35301855468751 10.5080830078124 11.4543876953125 2 2 3
39 0 0 0 1 7 6 0 0 1 0 15.6548994140625 15.05554296875 16.20554296875 2 2 2
31 0 0 0 11 11 12 1 0 0 1 26.4216875 20.6861992187499 22.2000000000007 3 3 3
32 1 0 0 4 12 5 1 0 0 0 17.6200410156251 17.905728515625 20.4069296875001 3 3 2
42 0 0 0 7 9 9 0 0 1 0 26.7203242187494 26.7689531249988 29.4217089843753 3 2 2
35 0 0 0 3 3 1 1 0 0 0 9.38309570312497 6.38449365234372 4.322080078125 2 2 2
56 0 0 0 2 1 1 1 0 0 0 0.139999999999999 0.0999999999999999 0.075 3 3 3
25 0 0 0 10 6 5 1 0 0 1 16.190904296875 19.156697265625 19.213341796875 2 2 2
58 1 0 0 6 5 7 1 0 0 1 35.2092382812507 42.0052382812486 43.409890624999 3 3 3
28 0 1 0 4 4 4 1 0 0 1 19.180515625 27.3077226562491 32.6441894531234 2 3 3
27 0 0 0 3 2 2 1 0 0 0 1.79852807617187 0.797526733398437 1.50226953125 2 3 3
72 0 0 0 3 5 2 1 0 0 1 6.87968798828127 7.05349414062502 7.31866601562505 3 2 2
68 0 1 0 2 2 2 1 0 0 0 8.81726953125003 9.30459667968745 9.33538378906246 3 3 3
30 0 1 0 8 6 7 1 0 0 1 15.6689677734374 19.55370703125 15.1831962890625 2 2 2
26 0 0 0 3 4 3 1 0 0 0 4.16574804687498 4.68413378906252 7.24275585937497 2 2 2
40 0 1 0 3 2 2 1 0 0 1 16.041240234375 18.0138574218751 17.54176953125 3 3 2
41 0 0 0 2 2 2 1 0 0 0 5.400701171875 5.82950000000003 5.41797460937499 3 3 3
56 0 1 0 9 3 7 1 0 0 1 25.9354648437504 28.8728710937486 38.6965312500016 2 2 2
31 0 0 1 6 3 4 1 0 0 1 10.759099609375 16.7542031250001 23.4389550781248 2 3 3
22 0 1 0 2 1 2 1 0 0 0 1.33324206542969 2.4037734375 7.51218847656251 2 3 2
32 0 0 0 5 2 2 1 0 0 0 10.298505859375 10.9172578125 8.23356054687499 3 3 3
70 1 0 0 1 3 1 1 0 0 1 13.875474609375 19.367666015625 8.03381640625002 2 2 2
43 0 0 0 2 4 3 1 0 0 1 19.6203359375 22.0038359375 23.6500000000005 3 3 3
45 0 1 0 9 9 6 1 0 0 0 20.12798046875 23.2392714843741 17.04229296875 3 2 2
19 0 0 0 3 3 5 0 0 1 0 2.34180126953126 0.399999999999999 2.80261108398436 2 2 1
16 0 0 0 3 6 5 0 0 1 0 0.005 2.8378818359375 3.31543188476561 3 2 3
52 0 0 0 2 7 8 1 0 0 1 9.17800000000001 11.0998671875 0.96580017089844 3 3 3
51 0 0 1 6 5 6 1 0 0 0 7.44996630859375 8.90110546874999 10.9133818359375 3 3 3
21 0 0 0 5 5 9 0 0 1 0 6.43229736328124 8.94339062499999 6.52517822265626 2 2 3
33 0 0 0 2 2 3 1 0 0 0 13.999939453125 14.790669921875 15.192771484375 3 3 3
44 0 0 1 8 5 5 0 1 0 0 5.73089355468748 12.4859462890625 13.1063837890625 1 2 2
37 1 0 0 6 6 3 1 0 0 1 31.2449707031244 38.6829609375006 44.2825664062483 3 3 2
37 1 0 0 2 5 4 1 0 0 0 25.0982441406258 23.7281308593741 22.9160273437503 3 2 2
39 1 0 0 3 5 3 1 0 0 0 22.4950527343756 22.6578085937501 18.6139492187501 3 3 3
19 0 0 0 5 6 7 0 0 1 1 8.58000000000002 11.05 12.87 2 2 3
72 0 0 0 2 3 2 1 0 0 0 5.08994140625 4.56653662109375 4.43790283203126 3 3 2
25 1 0 0 4 3 1 1 0 0 0 4.33916357421873 8.52688378906253 7.95103613281249 3 3 3
61 0 0 1 6 4 5 0 0 1 1 8.04124169921876 8.32462011718746 8.54544921875 3 3 2
71 0 0 1 8 5 6 1 0 0 1 11.71890625 4.08820092773436 4.79416113281252 3 3 2
29 1 0 0 4 12 12 0 0 1 1 27.9999999999989 31.350000000001 33.5000000000014 3 3 3
51 0 0 1 4 12 12 1 0 0 1 82.9047968750008 15.075318359375 6.52162646484377 3 2 2
37 0 0 1 12 9 10 1 0 0 1 19.8000000000001 29.0600000000008 37.8930585937492 3 3 2
53 0 0 1 2 2 7 0 0 1 1 16.0845830078124 2.52698022460938 4.37479394531248 2 3 3
34 0 1 0 3 3 3 0 1 0 0 17.2516953125 2.55896679687499 22.9751542968758 3 3 3
42 1 0 0 7 5 6 1 0 0 1 36.9281757812482 30.6235585937487 28.0115468750007 3 3 3
39 0 1 0 6 4 2 1 0 0 0 17.6549550781251 18.1000097656249 18.371814453125 3 3 2
63 0 0 0 5 2 9 1 0 0 1 12.0047275390625 12.51096875 5.60727197265627 3 3 3
52 0 1 0 2 2 4 1 0 0 0 29.5036738281253 110.1174140625 24.0954531249991 2 2 2
36 1 0 0 4 3 6 1 0 0 1 35.8767265624983 47.7367226562511 51.9399531250002 2 2 2
32 0 0 0 3 5 3 1 0 0 0 1.65796679687499 1.82998034667969 1.92950036621095 3 2 3
35 0 0 0 7 3 3 1 0 0 1 16.21362109375 17.1599999999999 18.2000000000001 3 3 3
33 0 0 0 4 2 9 1 0 0 0 206.449531249998 8.1564697265625 10.123376953125 2 2 3
34 0 0 0 6 4 6 1 0 0 0 13.4522499999999 13.608130859375 13.094 3 2 3
34 0 0 0 3 6 5 1 0 0 1 19.6731113281251 16.091482421875 14.5413232421875 3 3 3
32 0 1 0 3 7 4 1 0 0 0 28.5756269531245 12.52351171875 13.9387382812499 2 2 3
36 1 0 0 7 4 5 1 0 0 0 34.1480390625002 48.558523437499 51.6141289062506 3 3 2
73 0 0 0 3 3 5 1 0 0 1 9.69240917968753 9.60808984374994 13.136806640625 2 3 3
51 0 0 0 12 12 12 1 0 0 0 2.9170791015625 7.04999999999997 9.39999999999995 2 2 2
39 0 1 0 9 6 4 1 0 0 1 14.2500000000001 8.2244638671875 16.2124707031251 3 3 3
33 0 0 0 1 3 3 1 0 0 0 11.217787109375 12.853111328125 15.445291015625 3 3 2
50 0 1 0 6 7 8 1 0 0 0 33.8668554687489 30.0230937499994 32.4249433593738 2 2 2
36 0 1 0 8 9 11 1 0 0 1 30.0230937499994 34.8522031250017 34.9999999999982 2 3 3
34 0 1 0 2 4 4 1 0 0 0 4.64806152343753 5.23696679687499 5.76658349609375 2 3 3
38 0 0 0 2 3 2 0 0 1 0 8.22000000000004 8.45000000000001 14.1368798828125 3 3 3
48 0 0 1 3 1 5 0 1 0 0 11.0109501953125 10.946 11.2671044921875 3 3 3
22 0 1 0 7 6 4 1 0 0 1 14.82 12.48 14.3 2 2 2
33 0 0 0 6 5 8 1 0 0 1 12.6506826171875 13.4834482421875 14.0728369140625 2 3 3
35 0 1 0 4 4 2 1 0 0 0 1.26716040039062 1.41496667480469 1.45355700683593 3 3 3
33 0 0 0 4 3 1 0 0 1 1 6.36510253906251 2.26912524414063 4.55536474609373 2 3 2
43 0 1 0 3 3 2 1 0 0 1 12.9999999999999 13.2599999999999 14.846 2 2 2
20 0 0 0 7 12 6 0 0 1 1 2.03792712402344 8.45000000000001 3.74595825195312 3 3 2
19 0 1 0 11 4 7 0 0 1 1 8.39800000000002 8.76199999999996 8.12341650390629 3 3 3
21 0 0 0 4 9 7 0 0 1 1 12.168 15.288 17.1599999999999 2 3 3
37 0 0 1 2 3 7 0 0 1 0 6.47195996093749 3.61399999999998 6.23815966796873 3 3 3
70 0 0 0 2 1 1 0 0 1 0 9.55960937499999 12.57137109375 11.111705078125 3 3 3
76 0 0 0 3 3 3 0 0 0 0 11.8682998046875 10.67149609375 7.41401562499999 3 2 3
61 0 1 0 1 2 2 0 0 0 0 16.7157578125001 25.1856523437488 18.124546875 3 3 3
43 0 1 0 3 2 3 1 0 0 0 13.222658203125 11.7917734375 15.06051171875 2 2 2
27 0 0 0 4 3 5 0 0 1 0 9.09999999999999 9.87999999999997 11.18 3 3 3
57 0 0 0 2 2 2 1 0 0 1 13.7050000000001 15.6 17.0700000000001 3 3 2
67 0 0 1 7 7 9 1 0 0 1 11.7701396484375 13.628275390625 4.89447412109373 3 3 2
52 0 0 0 4 1 2 1 0 0 0 19.612466796875 16.5664667968749 19.89 3 3 2
24 0 0 0 10 6 12 0 0 1 1 17.9266347656249 15.8466347656249 16.12 3 3 3
38 0 0 0 1 1 4 1 0 0 1 32.7431874999985 36.5138554687508 37.2499999999998 3 3 3
33 1 0 0 1 1 2 1 0 0 0 36.6735312499992 23.2938789062508 41.9784726562497 3 3 3
41 0 0 0 3 1 4 1 0 0 0 5.90388623046877 6.34816845703127 6.15398046875 2 2 1
29 0 0 0 10 12 10 0 0 1 1 29.9896953125 23.0291191406252 21.026166015625 2 2 3
45 0 0 0 2 1 2 1 0 0 0 10.8803701171875 11.16801171875 9.3127451171875 3 2 2
61 1 0 0 6 6 4 1 0 0 1 27.598 33.3479999999999 28.6650000000005 2 2 3
58 0 1 0 4 4 12 1 0 0 0 4.46999999999998 9.64999999999999 3.19889208984374 3 3 3
24 0 0 0 12 12 6 0 0 1 1 12.6372001953124 15.0469228515625 34 2 2 2
37 0 0 0 6 3 2 1 0 0 0 8.00713671875 9.02369921874999 9.36679101562503 2 2 2
41 0 0 1 5 3 4 0 0 1 0 13.8477734375 15.3451162109375 20.98167578125 2 2 2
23 0 0 0 1 6 3 0 0 1 0 8.17056689453129 7.40213720703123 7.81598144531247 1 1 2
20 0 0 0 3 10 2 0 0 1 1 10.2 14.193 26.0714277343749 2 1 3
43 0 0 0 2 1 1 1 0 0 0 1.716 2.418 7.284 2 1 2
27 1 0 0 7 7 7 0 1 0 0 24.6651132812494 28.6654882812495 33.9913046874997 2 2 2
34 1 0 0 5 2 1 1 0 0 1 19.8152421874999 20.4157050781249 21.61662890625 2 2 3
56 0 0 1 6 1 4 1 0 0 1 14.43 12.3354931640625 14.4 2 3 3
61 0 0 0 4 3 1 1 0 0 0 39.7514296874995 5.18534716796876 5.65533789062503 3 2 2
63 0 0 1 12 11 12 0 1 0 1 8.74112011718752 7.43620019531253 10.5969501953125 3 3 2
21 0 0 1 9 12 12 0 0 1 1 10.5929404296875 12.0229404296875 12.7399999999999 3 3 3
65 0 0 1 2 2 1 1 0 0 1 8.45325781249998 7.41557568359376 7.80626318359373 3 2 3
64 0 0 1 2 3 1 1 0 0 0 2.36148242187501 2.40601953124999 2.70175390624999 3 3 3
26 0 1 0 9 7 9 0 0 1 1 21.0797187499999 28.3881328124992 30.0191074218746 1 2 2
79 0 0 1 1 1 2 0 0 0 0 5.84701562500002 5.38560791015623 6.10203417968754 3 3 3
43 1 0 0 6 7 3 1 0 0 1 19.8152421874999 20.607390625 21.5499999999999 3 3 3
41 1 0 0 5 5 7 1 0 0 0 35.9170820312504 40.9617109375014 41.4906953125013 3 3 3
39 0 1 0 4 5 4 1 0 0 1 39.5700000000012 43.5299999999981 45.000000000002 3 3 3
39 1 0 0 3 2 3 1 0 0 0 4.01984204101562 3.53931738281251 4.31359082031247 3 3 3
53 0 0 1 2 2 4 1 0 0 1 7.76277148437498 8.80277148437497 10.4 3 2 2
22 0 0 1 12 12 8 0 0 1 1 9.9 13.7990000000001 27.9999999999989 3 3 3
17 0 0 0 10 4 12 0 0 1 1 6.05947460937498 9.57142871093751 3.47884497070313 3 2 2
72 0 0 1 1 2 2 1 0 0 0 4.14640478515624 4.60727197265623 5.63137402343753 3 3 3
33 0 0 1 7 7 6 1 0 0 1 17.24162109375 21.669337890625 19.81122265625 2 3 2
36 0 0 0 4 4 3 1 0 0 0 1.61173510742188 6.02360693359374 6.08506005859372 2 2 3
52 0 0 0 11 7 10 0 0 0 1 25.3233867187505 26.3725507812506 23.075896484375 3 2 2
60 0 1 0 9 6 4 1 0 0 1 5.63112011718752 8.1674150390625 8.38358105468748 2 2 3
58 0 0 1 2 4 2 1 0 0 0 10.80744140625 14.2455419921876 11.536263671875 2 3 2
31 0 0 0 5 4 4 1 0 0 1 18.0138574218751 18.0138574218751 19.5069296875 3 3 3
26 1 0 0 4 3 4 1 0 0 0 24.8290996093748 25.9699765625012 28.6120097656242 2 3 3
54 0 0 1 1 3 2 0 0 1 1 9.51000000000004 10.53 11.44 3 3 2
74 0 0 1 2 3 5 0 0 0 0 5.23285888671877 5.38462792968749 5.57991894531253 3 3 2
47 0 0 1 4 1 7 1 0 0 0 12.195697265625 11.3562197265625 15.4352675781251 2 3 3
40 0 0 0 1 4 3 1 0 0 1 14.82 15.08 15.08 3 2 3
69 0 0 1 2 6 3 0 0 0 0 8.83857031249998 19.79236328125 9.07710058593752 3 3 3
45 0 0 1 11 12 4 0 0 1 1 12.24 12.22 11.5 3 2 2
41 1 0 0 8 3 6 1 0 0 1 44.3258671874987 38.9365781250002 50.202226562501 2 2 1
38 0 0 0 5 11 12 1 0 0 0 25.0597421875005 27.2401914062494 30.0044999999995 2 3 2
51 0 0 0 7 3 2 1 0 0 1 18.546 19.18 18.1365 2 2 2
42 0 0 1 1 6 11 0 1 0 1 13.3191103515624 13.0591093749999 12.48 2 2 2
40 1 0 0 3 2 3 0 0 1 0 12.00923828125 12.00923828125 12.004619140625 3 3 2
44 0 0 1 10 10 8 0 0 1 1 21.64662890625 22.9888906250003 24.3716210937503 2 2 2
25 0 0 0 8 5 5 0 0 1 0 11.5642958984375 10.6882216796875 10.0277138671876 2 3 2
42 0 0 1 3 1 1 0 1 0 0 14.6437783203125 15.6971093750001 16.135404296875 2 2 1
56 0 1 0 8 2 3 1 0 0 1 45.5161679687513 50.0000000000008 52.084062499998 2 2 2
43 0 1 0 6 7 12 1 0 0 0 7.65786425781253 7.59417822265629 9.18107324218751 3 3 3
41 0 0 0 9 1 9 1 0 0 1 16 14 6.00060009765625 3 3 2
33 0 0 0 3 2 3 1 0 0 0 12.408236328125 13.47240625 14.9195859375 3 3 3
42 1 0 0 10 8 10 1 0 0 1 41.8878242187496 42.5161640624998 42.4182304687509 1 3 2
23 0 0 0 7 4 8 0 0 1 0 2.82837231445313 3.67653710937501 8.04650927734378 2 2 1
72 0 0 1 4 1 5 0 0 0 1 7.96963720703124 7.95010644531253 8.67063476562501 2 2 3
48 0 0 1 2 1 1 1 0 0 1 14.7257275390625 16.2857275390625 16.8999999999999 3 2 3
42 0 0 1 2 2 2 1 0 0 0 88.9804609374958 11.453783203125 13.2477646484374 3 3 3
31 0 0 0 8 2 2 0 0 1 0 12.1630419921875 15.0139521484376 14.9654970703125 2 2 2
58 0 0 1 3 9 12 1 0 0 1 9.52718359374999 9.35161035156255 15.805361328125 2 1 2
22 0 0 0 6 9 8 1 0 0 0 10.3151650390625 10.447373046875 11.783244140625 2 2 2
21 0 0 0 6 9 12 0 0 1 1 6.14302978515625 7.73808789062505 5.99165625000002 1 1 1
50 0 0 0 7 10 6 1 0 0 1 22.5548691406251 25.5859003906239 26.0312890625008 3 2 2
45 0 1 0 4 4 9 1 0 0 0 27.2769355468739 28.6930507812506 26.5548769531252 2 2 2
47 0 0 0 5 3 5 0 0 1 0 17.4133945312501 17.713625 17.713625 2 3 2
29 0 1 0 2 5 4 1 0 0 1 6.73636328124998 6.78199999999997 14.5000000000001 2 2 2
27 0 0 0 2 4 1 1 0 0 0 3.10701831054688 3.53410693359373 11.686556640625 2 3 3
51 0 1 0 4 3 6 0 0 1 1 28.810625000001 29.0207851562492 30.221708984376 2 3 3
66 0 0 1 5 1 2 0 1 0 1 6.42745703125 5.37515087890625 6.93958837890628 3 3 2
36 1 0 0 6 4 7 1 0 0 1 24.2492382812496 24.7504589843746 37.9773007812513 2 2 2
70 0 0 1 6 4 3 1 0 0 1 25.3906132812491 24.33374609375 27.5572714843754 3 2 2
34 1 0 0 7 6 6 1 0 0 0 27.5555117187494 19.1353828125001 20.96273828125 3 3 3
27 1 0 0 4 3 2 1 0 0 1 41.0357109375002 41.9999999999998 40.4546015624981 3 3 3
49 0 0 1 8 8 12 1 0 0 1 0.685850585937498 1.17310253906251 1.00687536621094 3 3 3
77 0 0 1 1 1 3 0 0 1 0 7.93137792968751 6.61580664062503 8.45146582031249 3 3 3
51 0 0 0 9 7 9 1 0 0 1 21.8443007812499 23.0024999999996 23.8000000000008 3 3 3
49 0 0 1 5 3 3 1 0 0 0 3.05899999999999 3.445 3.51999999999999 3 3 3
37 1 0 0 12 12 9 1 0 0 1 15.6120087890625 16.2124707031251 7.66087402343747 2 2 2
32 1 0 0 3 3 3 1 0 0 0 2.47228515625 2.47228515625 8.4295615234375 2 2 2
21 0 0 0 4 2 6 0 0 1 0 0.531428527832029 7.56215332031246 13.5103925781251 3 3 3
30 0 1 0 8 7 5 1 0 0 0 14.6350585937499 21.0576796874999 23.7587089843752 3 3 3
29 0 0 0 12 12 9 0 0 1 1 12.849884765625 12.849884765625 12.849884765625 2 2 2
26 0 1 0 12 3 5 0 0 1 0 14.4439619140625 11.1752744140625 0.512809082031249 2 3 2
36 0 0 0 5 6 9 0 0 1 1 18.00114453125 19.21478125 22.5513691406248 2 2 2
24 1 0 0 11 8 12 0 0 1 0 13.7028974609375 20.403283203125 19.1521972656249 2 3 3
43 0 0 0 2 3 4 1 0 0 0 16.106236328125 16.886236328125 20.23520703125 2 3 3
37 1 0 0 7 1 12 1 0 0 1 14.17931640625 18.0138574218751 19.8121230468749 3 3 2
36 1 0 0 7 5 9 1 0 0 0 17.959671875 38.4757890624989 38.9093320312501 3 3 2
53 0 0 1 6 2 3 0 0 1 0 11.503974609375 19.2227968750001 11.7854228515625 2 1 1
66 1 0 0 3 4 9 1 0 0 1 59.2681679687475 61.709656249999 12.505193359375 3 3 3
37 1 0 0 6 4 6 0 0 1 1 24.6189374999989 25.8698613281256 28.5101621093752 3 3 3
82 0 0 0 1 3 1 1 0 0 1 7.52631201171874 5.01680664062501 8.339173828125 2 3 3
70 0 0 1 1 2 1 1 0 0 0 2.0001015625 3.81820092773436 4.45369628906251 3 3 3
35 0 0 0 12 12 12 1 0 0 1 19.24 19.76 13.3266865234376 2 3 2
58 1 0 0 1 1 11 1 0 0 1 34.4890039062493 36.4210664062507 40.0299335937509 3 3 3
52 1 0 0 7 7 7 1 0 0 0 33.0754062500007 35.5638593750002 37.1999999999986 2 2 3
39 0 0 1 4 2 5 1 0 0 0 8.78602148437501 7.33611669921876 7.37470703125001 3 3 3
59 0 0 1 1 3 1 0 1 0 0 9.4849736328125 9.60510742187503 11.31714453125 3 2 3
27 0 0 0 3 3 1 0 0 1 1 8.3248544921875 9.89147167968752 8.62935449218751 2 3 2
44 0 0 1 7 6 7 1 0 0 1 16.172 17.602 17.4199999999999 2 2 2
41 0 1 0 3 7 2 0 0 1 0 0.723109985351561 6.07415917968747 9.12824804687497 3 3 3
78 0 0 0 2 2 3 0 0 1 0 12.71429296875 11.9233330078125 7.16727197265624 3 2 3
61 0 0 1 4 2 1 1 0 0 0 13.5655996093751 10.7609130859375 6.25587060546872 3 3 3
34 0 0 0 6 6 6 0 0 1 0 10.2050000000001 10.9792958984375 11.0442958984375 2 2 2
23 0 0 0 3 2 6 0 0 1 0 10.613291015625 6.75262646484373 9.92140820312504 2 2 2
49 0 0 1 12 9 4 1 0 0 1 16.482 18.43 22.5499999999994 3 2 2
34 1 0 0 5 2 2 1 0 0 1 22.7170898437495 24.3187070312492 26.40946875 3 3 3
40 0 1 0 4 3 3 1 0 0 1 21.244341796875 21.1842968749999 22.0429570312508 2 2 2
39 0 1 0 4 4 7 1 0 0 0 21.2895996093751 22.5719042968747 22.7701445312489 2 2 2
80 0 0 1 1 1 10 0 0 0 0 4.20960009765624 9.98327148437497 10.94025 3 3 3
31 1 0 0 6 9 6 1 0 0 0 16.51605859375 18.714318359375 18.914548828125 2 3 3
29 0 0 0 4 9 9 1 0 0 1 18.504158203125 19.304619140625 24.8590312500005 2 2 2
28 0 1 0 5 4 6 1 0 0 0 15.7120087890625 16.2124707031251 17.8864667968749 2 2 2
48 0 0 0 12 12 12 0 1 0 1 19.8573906250001 20.2700000000001 20.55 3 3 3
26 0 0 0 2 1 4 0 0 1 0 8.00965527343747 6.04659814453127 1.83039355468749 2 2 2
60 0 0 1 3 5 2 0 0 0 0 12.3959658203125 17.9658203125 14.87855859375 2 1 1
34 0 1 0 9 7 9 1 0 0 1 30.6658046874992 21.5649902343749 23.0162675781261 3 3 3
34 0 0 0 5 4 6 1 0 0 0 8.29747656249998 10.8869140625 13.2299335937499 3 3 3
52 1 0 0 2 8 9 1 0 0 1 70.8244843749965 1.47630004882813 26.4188222656253 3 2 3
46 0 0 0 4 5 7 1 0 0 1 19.9460839843749 20.811494140625 22.8799999999992 2 2 3
24 0 0 0 10 12 9 0 0 1 1 12.829619140625 14.63100390625 15.6060039062501 2 2 3
22 0 0 0 6 7 5 0 0 1 0 11.1670869140625 7.91001464843752 1.93264660644531 3 3 3
18 0 0 0 9 9 6 0 0 1 0 3.0023095703125 3.33254052734374 2.93115478515625 2 3 3
46 0 1 0 4 5 5 0 1 0 1 17.7016171875 18.7884531250001 19.1006933593749 2 2 2
55 1 0 0 5 3 3 1 0 0 1 32.7124726562509 31.5115468749999 34.0934062499991 2 2 3
64 0 0 0 8 12 12 1 0 0 1 30.4999999999999 21.9588007812499 28.4792929687503 2 2 2
64 0 0 0 8 6 6 1 0 0 0 10.9732958984376 12.20126953125 3.54749462890623 2 2 2
78 0 0 1 3 5 1 1 0 0 1 32.456925781251 31.3430292968734 31.8989882812507 3 3 3
79 0 0 0 1 2 2 1 0 0 0 4.10692578125 3.19949462890626 3.0715146484375 3 3 3
41 1 0 0 5 4 5 0 0 1 1 33.0158476562498 34.1258671875003 39.7429335937505 3 3 2
34 0 0 0 9 9 5 1 0 0 1 16.79908203125 16.5127011718751 17.4133945312501 2 3 3
28 0 0 1 9 6 9 1 0 0 0 13.4323330078124 14.7055429687499 15.906466796875 2 2 2
24 1 0 0 9 12 12 0 0 1 0 6.76598876953125 14.71131640625 17.713625 3 2 2
27 0 1 0 8 8 11 1 0 0 1 17.435037109375 19.8152421874999 20.308314453125 1 3 3
35 0 1 0 3 3 4 1 0 0 1 19.6116250000001 19.4129335937501 19.21478125 3 2 3
37 0 0 0 4 3 3 1 0 0 0 20.3551660156249 11.9898505859375 10.798455078125 3 3 2
50 1 0 0 4 1 1 0 0 1 0 20.7185000000001 20.333470703125 17.8500546875 2 2 3
64 1 0 0 6 6 6 1 0 0 1 43.1568203124985 12.6898173828124 16.1636406250001 3 3 2
59 1 0 0 4 6 6 1 0 0 0 30.0230957031248 32.8328203125001 36.7588398437511 2 2 2
72 1 0 0 2 5 3 0 1 0 0 11.2039794921875 9.25307421874999 12.41016796875 2 2 2
33 1 0 0 11 10 12 0 0 1 0 20.5089863281249 22.301597656249 23.0047343750011 3 3 3
39 1 0 0 8 9 6 1 0 0 1 22.4999999999997 23.4000000000002 24.7000000000008 2 3 2
36 1 0 0 9 9 8 1 0 0 0 31.6240195312503 35.4369531250012 35.6369531250009 2 3 2
51 1 0 0 6 7 9 1 0 0 1 26.9834765624996 20.9699687500001 47.9157031250023 2 2 2
46 1 0 0 2 1 1 1 0 0 0 12.231509765625 10.2281025390625 9.65939550781252 2 2 2
20 0 0 0 2 12 4 0 0 1 1 1.56061193847656 10.083142578125 7.46199999999998 2 3 2
31 0 1 0 7 7 3 0 1 0 1 2.04547338867187 8.95037207031249 11.653818359375 2 3 2
39 1 0 0 4 2 3 0 0 1 1 2.02478955078124 9.34699999999997 12.1200419921875 2 2 2
28 0 0 0 5 8 1 0 0 1 0 7.51380664062497 15.9553535156251 11.607078125 2 2 2
37 0 0 0 3 2 3 1 0 0 0 9.99556054687503 10.232748046875 11.9813623046875 2 2 2
22 0 0 0 5 7 4 1 0 0 1 2.21513793945313 14.9064667968751 5.66662255859377 2 2 2
39 1 0 0 10 7 4 0 1 0 1 19.090083984375 15.19090625 8.79591796874999 3 1 3
33 1 0 0 12 9 12 0 0 1 0 30.2113164062498 30.4113164062504 31.912240234375 3 3 2
63 0 0 0 1 4 6 0 0 0 1 3.10000000000001 3.00000000000001 2.58483251953126 2 2 2
53 0 0 0 2 2 1 1 0 0 1 13.13 14.414392578125 4.52803515624997 3 3 2
56 0 0 1 2 3 3 1 0 0 0 3.64000000000002 3.95200000000001 4.60199999999999 3 3 2
31 0 0 1 2 1 5 0 0 1 0 14.0332548828125 12.9821953125 14.275791015625 2 2 2
24 0 1 0 6 6 4 0 1 0 0 42.1523554687491 15.0081328125 13.3033515625 3 2 2
29 0 0 0 5 8 2 1 0 0 0 21.7358652343751 23.0770605468748 18.034328125 2 2 3
18 0 0 1 3 3 2 0 0 1 0 3.83939379882812 5.041369140625 5.80416064453124 1 2 2
22 1 0 0 9 5 6 0 0 1 1 10.7789482421875 2.53197216796876 8.99200878906248 2 2 2
23 1 0 0 3 7 3 0 0 1 1 6.40872460937498 13.1740673828125 12.8685361328125 2 2 3
22 0 0 0 12 12 4 0 0 1 1 10.5645263671875 13.3172138671875 14.1106240234375 2 3 2
57 0 0 1 5 6 5 0 0 1 1 16.8999999999999 17.749279296875 18.2000000000001 3 3 3
46 0 0 1 4 1 7 0 1 0 0 9.54965820312501 8.61677929687499 13.9837861328125 1 2 1
75 0 0 1 2 4 2 1 0 0 1 9.40031249999996 7.60319140625002 7.92595849609379 2 3 1
31 0 0 0 5 4 4 0 1 0 0 16.38 16.38 16.8999999999999 3 3 3
56 0 0 1 5 2 3 0 0 0 1 12.863353515625 13.11408203125 11.2575146484376 2 2 3
35 0 0 0 2 3 9 1 0 0 1 21.708744140625 26.8300000000008 24.0020000000003 3 3 3
36 1 0 0 3 5 4 1 0 0 0 25.0090976562496 25.6325468749993 28.5111796874993 3 2 2
33 0 0 0 8 7 7 0 0 1 0 16.5076171875001 17.050830078125 17.9458124999999 2 2 2
78 0 0 1 5 4 4 0 0 0 0 7.39100439453124 7.31434228515624 7.66710937499999 3 3 3
31 0 0 0 4 9 4 0 1 0 0 26.2809804687492 29.1791718750006 27.1173750000005 2 2 2
43 0 1 0 5 5 5 0 1 0 0 16.77445703125 16.3663300781249 15.6324160156249 2 2 3
23 0 1 0 6 9 9 0 0 1 0 12.449369140625 17.715189453125 18.8413085937501 2 3 3
22 0 0 0 10 9 8 0 0 1 1 15.121427734375 14.361958984375 18.9477460937499 2 2 3
16 0 0 0 5 6 5 0 0 1 0 2.00557897949218 0.401968811035157 4.28999999999999 2 2 2
65 0 0 0 4 2 3 1 0 0 1 9.14575585937502 10.674705078125 10.698705078125 3 3 3
30 0 0 0 3 3 2 1 0 0 1 18.57294140625 19.3483046874999 13.8663017578125 2 2 1
26 0 0 0 1 3 1 1 0 0 0 3.964181640625 2.60923461914061 7.61031542968751 3 2 2
41 0 0 0 2 6 6 0 0 1 1 14.257400390625 14.789408203125 13.839845703125 2 2 2
43 0 0 0 10 7 7 1 0 0 0 28.0568457031263 31.2113925781248 35.8311640625014 3 3 3
29 0 0 0 1 4 4 1 0 0 0 9.33672851562503 9.88206250000004 6.12357177734371 3 3 3
46 1 0 0 12 9 9 1 0 0 1 81.0277109375013 82.0000000000008 84.0000000000041 3 2 2
46 0 0 0 2 2 2 1 0 0 0 11.9416787109375 11.4092119140625 11.6490947265625 3 3 3
39 1 0 0 4 8 7 1 0 0 0 5.17077099609372 25.2331796875013 29.256544921874 3 3 3
31 1 0 0 3 6 3 1 0 0 1 21.8568125 22.1491582031248 25.819240234375 3 3 3
37 1 0 0 3 3 3 1 0 0 0 25.8516484375011 27.5639804687492 30.3766992187496 2 3 3
40 1 0 0 3 4 4 1 0 0 1 26.1162636718745 40.2032343750013 30.6916855468735 2 2 2
36 1 0 0 5 2 3 1 0 0 0 35.2293164062494 35.7974140624997 37.7576484374995 3 3 2
63 0 0 0 1 1 2 0 1 0 0 4.7743017578125 4.85763574218749 5.07420068359373 3 3 3
31 1 0 0 2 7 7 1 0 0 0 16.8 16.555 23.534999999999 3 2 3
46 1 0 0 11 9 9 1 0 0 1 42.4999999999996 51.1869023437506 77.299999999999 3 3 3
62 1 0 0 3 5 3 0 0 1 0 17.7072402343749 18.111015625 17.558693359375 3 3 3
40 1 0 0 11 12 11 1 0 0 1 101.524945312498 74.9291015624996 78.3291015624977 3 2 2
40 1 0 0 2 1 2 1 0 0 0 25.2559999999993 27.4503925781237 29.5761210937507 2 2 2
40 0 0 0 12 12 12 0 0 1 0 0.000600000023841858 0.000600000023841858 0.0805999984741209 2 2 3
32 0 0 0 6 5 4 0 1 0 0 17.757646484375 18.21461328125 16.57380078125 3 2 3
37 1 0 0 2 2 2 1 0 0 0 7.91335449218748 8.47062207031253 10.6738662109375 2 3 2
46 0 1 0 9 8 12 1 0 0 1 10.98901171875 12.1450546875 7.75911181640623 2 2 2
38 0 0 0 10 6 5 1 0 0 1 19.21478125 16.3124707031251 15.0115468749999 2 2 3
63 0 0 0 1 1 2 1 0 0 0 6.72831201171873 6.72080664062503 7.31276660156253 3 3 3
76 0 1 0 3 4 4 0 1 0 1 17.2920234374999 17.31116015625 22.2823007812497 3 3 3
29 0 0 0 2 2 3 1 0 0 1 9.48592578125001 10.1359248046875 7.27999999999998 2 3 2
30 0 1 0 6 5 6 1 0 0 0 10.3487490234375 6.84515136718747 9.16108105468748 3 3 2
47 0 0 0 6 5 3 1 0 0 0 13.3208007812501 12.5736318359375 12.469765625 2 3 3
19 0 0 0 1 1 2 0 0 1 1 12.3745009765625 11.44 12.7082626953124 1 3 2
24 0 0 0 11 8 8 0 0 1 1 14.5581708984375 15.859326171875 15.9630195312499 3 3 3
51 1 0 0 5 9 6 1 0 0 0 38.8883515624986 40.8921562500002 36.343050781249 3 3 2
52 0 0 0 9 4 3 1 0 0 1 2.59999999999999 5.00000000000001 3.49999999999998 3 2 2
35 0 0 0 7 3 5 1 0 0 1 0.120275001525879 1.2232169189453 1.087 2 2 2
34 0 1 0 6 5 7 1 0 0 0 27.307603515624 26.8377871093754 8.53240722656247 2 2 3
39 0 1 0 3 5 5 1 0 0 1 23.4700000000007 27.4777968749997 25.1486796874992 2 2 2
41 1 0 0 3 3 3 1 0 0 0 9.55527636718745 10.46954296875 11.023513671875 2 2 2
44 0 1 0 3 3 4 0 1 0 0 23.3774921875003 24.8212988281245 25.7431289062501 2 3 2
43 0 1 0 5 3 3 1 0 0 0 13.431701171875 13.740693359375 13.1806933593751 3 3 3
34 1 0 0 8 8 6 1 0 0 1 26.5008125000013 28.2217089843755 31.7615468750014 3 3 3
33 1 0 0 3 4 4 1 0 0 0 23.2451093750003 17.018265625 15.3776523437499 3 3 3
61 0 0 1 4 1 1 0 0 1 1 5.00000000000001 9.40921679687503 9.26221679687498 3 3 2
36 0 0 0 5 5 5 1 0 0 1 14.6217373046875 13.5 20.9110859375 2 2 2
38 0 0 0 2 2 2 1 0 0 0 13.293548828125 14.2996923828126 14.9741435546875 2 1 2
24 0 0 0 2 1 1 0 0 1 0 7.12872509765627 8.374287109375 8.83915332031253 3 3 1
29 0 0 0 3 4 5 0 0 1 0 13.8151689453125 13.83825390625 15.995845703125 2 2 2
36 0 0 0 3 3 3 1 0 0 1 15.588 12.9399335937501 14.646201171875 2 2 3
34 0 0 0 1 5 3 1 0 0 0 13.9146787109375 7.44509277343754 11.8101005859375 3 3 3
38 0 1 0 1 2 4 1 0 0 1 18.7780625 23.255623046874 26.2101621093762 2 2 2
32 1 0 0 4 6 3 1 0 0 0 26.280044921876 30.5845234374989 31.4138613281263 2 2 3
77 0 0 1 1 2 3 0 0 0 0 18.952916015625 4.54416113281251 21.2454140625 3 2 2
34 0 1 0 5 9 1 1 0 0 1 45.9999999999985 33.3219414062497 22.7094687500005 3 2 2
32 1 0 0 4 3 4 0 0 1 0 12.16008203125 15.6223056640625 16.392609375 2 3 3
23 0 0 0 9 10 11 0 0 1 0 11.0376455078125 15.4923007812499 17.1174511718751 3 3 3
42 0 0 0 6 5 7 1 0 0 1 19.2866738281251 18.037623046875 14.9492255859375 2 3 3
66 0 0 1 1 9 2 0 1 0 0 5.11159082031251 5.8776767578125 5.18693457031249 1 3 3
35 0 0 0 4 3 4 0 0 1 1 14.0855068359375 13.638498046875 11.6451640625 2 2 3
59 1 0 0 2 2 3 0 0 0 0 12.0473515625 9.59116015625006 14.807021484375 3 3 3
78 0 1 0 2 4 4 1 0 0 1 9.33269433593753 9.12449023437498 9.47446874999998 2 3 2
49 1 0 0 3 4 2 1 0 0 1 25.7387871093752 26.3122402343746 36.6563984375018 2 2 2
50 1 0 0 2 1 3 1 0 0 0 14.695322265625 14.72821875 15.2521767578125 2 2 2
66 1 0 0 6 2 2 1 0 0 1 17.80191796875 18.4478183593751 29.1032832031251 2 3 3
32 0 0 0 3 12 2 1 0 0 1 13.7628789062501 12.9822783203125 12.4295615234375 3 2 2
33 0 0 0 8 3 1 1 0 0 0 109.775062499995 23.4941562499995 19.3272968749999 3 3 2
39 1 0 0 5 2 2 1 0 0 0 14.4348271484375 14.3431572265625 16.0729404296875 3 3 3
67 0 0 1 4 3 4 0 0 1 0 13.5074775390624 16.2985322265626 15.2079101562501 3 3 3
34 0 0 1 5 1 6 1 0 0 0 14.4778613281251 17.7553378906251 14.7572119140625 3 2 2
31 0 0 0 11 5 3 0 0 1 0 11.44 11.44 12.194 2 3 3
46 0 0 0 1 1 1 1 0 0 0 13.3683730468749 102.4280390625 16.1722861328125 2 2 2
25 0 0 0 3 1 3 0 0 1 0 8.38790820312497 8.78736230468754 11.2274833984375 2 2 3
60 0 0 1 5 9 2 1 0 0 1 13.156 0.600000000000002 14.085455078125 3 2 3
57 0 0 1 1 3 8 0 0 1 1 8.71709082031252 12.113955078125 16.3311904296875 2 2 2
64 0 0 0 4 6 5 0 1 0 1 10.7458193359375 9.97466210937502 15.517013671875 2 3 2
36 0 0 0 7 12 3 1 0 0 1 22.6443769531261 21.976904296875 21.3764433593751 2 3 2
34 0 0 0 4 5 3 0 1 0 0 13.4995751953124 14.576376953125 13.3182880859376 3 3 3
34 0 1 0 6 5 4 1 0 0 0 7.40363134765623 16.8001621093751 2.9084375 2 2 2
38 0 0 0 4 7 5 1 0 0 1 31.3947949218737 30.2230937499999 31.5115468749999 3 3 3
39 0 1 0 6 9 9 1 0 0 0 27.030785156249 29.7288554687513 29.6782656249996 3 3 2
58 0 0 0 2 2 2 1 0 0 1 26.6199999999999 27.6999999999992 27.9499999999987 3 3 3
28 0 1 0 8 9 5 0 0 1 0 20.2639101562501 20.8225000000001 21.801408203125 3 3 3
24 1 0 0 2 4 5 0 0 1 0 0.3 4.87097851562499 22.6833554687501 2 3 3
48 0 0 0 9 6 6 1 0 0 1 28.9999999999997 27.9999999999989 27.9073906250012 2 2 2
47 0 0 0 4 2 3 1 0 0 0 12.78895703125 14.3273154296875 16.889240234375 3 3 3
37 0 0 0 7 6 8 0 1 0 0 24.7956054687506 24.4146914062491 26.1400898437497 2 2 2
37 0 0 1 3 2 2 1 0 0 0 17.48183984375 3.6531862792969 14.5963115234375 3 2 3
42 0 1 0 3 5 3 0 0 1 0 15.908248046875 16.0841806640625 16.77609765625 3 3 3
46 0 0 1 3 1 2 0 0 1 1 4.17265917968752 4.11714892578124 4.96637695312501 3 2 2
41 0 1 0 11 12 7 0 1 0 0 14.0333046875 13.022 15.3447246093751 3 3 3
76 0 0 1 2 3 6 1 0 0 1 4.7743017578125 7.85659667968749 8.68484570312497 3 3 2
67 0 1 0 2 4 1 1 0 0 0 9.87910058593749 10.51090625 9.61567578124997 3 2 3
66 0 0 1 3 2 3 1 0 0 1 7.28979345703126 7.4228271484375 7.52282714843748 2 2 2
30 0 0 1 7 4 12 1 0 0 1 15.339 13.78 14.3600000000001 3 3 3
24 0 0 0 2 9 8 1 0 0 0 11.7507246093751 14.05241796875 11.682353515625 3 3 3
36 0 0 0 9 4 9 1 0 0 0 11.6760146484374 12.5023281249999 12.42725390625 2 2 2
42 0 0 0 9 6 7 1 0 0 1 17.5872851562499 14.137744140625 16.39894921875 3 2 2
64 0 0 0 3 4 3 0 0 0 1 12.584310546875 13.0195439453125 18.1047929687499 3 2 3
40 0 1 0 9 4 12 1 0 0 0 17.6765937500001 19.4226640625 22.116410156251 2 3 2
63 0 0 0 3 6 4 1 0 0 1 21.782416015625 21.81662890625 22.4170898437501 3 3 3
60 0 0 0 3 1 1 1 0 0 0 13.210162109375 16.3465966796874 18.350423828125 3 3 2
36 0 0 0 3 11 9 0 0 1 0 15.9112353515624 16.506236328125 17.1849999999999 3 3 3
46 0 0 0 7 8 6 1 0 0 1 21.1840000000001 20.1839999999999 17.61 3 3 2
40 0 1 0 2 7 2 1 0 0 0 16.32920703125 17.62138671875 18.2595859375 2 3 2
51 0 1 0 12 4 6 1 0 0 1 17.6106347656249 22.1266347656243 31.0928125000003 2 3 3
27 0 1 0 8 9 6 1 0 0 1 19.1892890624999 20.04099609375 24.155955078124 1 3 2
27 0 0 0 4 5 3 1 0 0 0 15.612517578125 16.7988496093751 18.3166796875001 3 2 2
79 0 1 0 3 1 3 0 0 1 0 21.8229648437499 9.82357421874996 23.5215742187504 2 3 2
34 0 0 0 5 3 2 0 1 0 0 14.1865751953125 6.27231689453123 12.2474140625 2 1 2
60 0 0 1 2 5 4 0 0 1 0 6.59656347656251 8.82871972656249 9.08493945312504 3 3 2
52 1 0 0 1 3 3 1 0 0 0 0.311999999999999 12.9999999999999 12.418 3 3 2
49 1 0 0 1 2 3 1 0 0 1 11.8227509765625 22.1196562499991 24.429445312501 3 3 3
43 0 0 1 2 1 1 0 0 1 1 19.5730898437499 11.908298828125 12.685208984375 3 3 3
41 0 0 0 5 2 1 1 0 0 0 2.20125195312501 5.8941455078125 6.43219140625001 2 2 1
49 0 0 0 9 6 7 0 1 0 1 14.0448037109376 15.0421787109375 15.472478515625 3 3 3
43 0 0 0 10 6 2 1 0 0 1 27.1511835937493 31.4118769531243 28.8697460937514 3 3 3
41 0 0 0 6 7 6 1 0 0 0 5.53635058593748 7.03432324218751 7.41971679687497 3 3 3
60 0 0 1 1 1 2 1 0 0 1 15.9921396484375 13.8455771484375 14.9615771484376 2 3 3
39 0 1 0 8 12 7 1 0 0 1 40.2764765624994 39.5796953125019 12.4756357421875 3 3 3
36 1 0 0 8 9 11 1 0 0 0 27.6971289062506 32.7868710937503 33.0918437499991 3 3 2
40 0 1 0 3 4 3 0 1 0 0 23.714804687501 25.6906250000001 30.4896953125009 2 2 2
35 0 1 0 3 3 5 1 0 0 0 13.6719931640625 21.1446738281251 17.13433984375 2 2 3
37 0 1 0 7 6 8 1 0 0 0 29.3689843749986 31.0703652343746 33.7744843750005 3 3 2
38 1 0 0 4 9 7 1 0 0 1 79.4239453124982 79.6324531249969 79.0800000000037 2 3 3
30 0 1 0 6 4 6 1 0 0 1 28.5999999999987 26.6199999999999 24.2499999999993 3 3 3
39 0 0 0 6 7 7 0 1 0 0 20.43746484375 21.073412109375 23.7518730468756 3 2 2
49 1 0 0 8 7 9 1 0 0 1 30.6235566406241 30.0830937500004 30.0115468749992 3 2 2
48 1 0 0 3 7 6 1 0 0 0 20.6699999999999 21.03868359375 22.7886835937505 2 3 2
68 0 0 1 7 3 3 1 0 0 1 22.2737558593752 11.1190107421875 7.16686816406252 3 3 1
65 0 0 1 6 2 5 1 0 0 0 2.36148242187501 2.35482763671875 3.12270629882813 3 3 3
33 0 0 0 4 9 5 0 0 1 0 28.242009765625 15.8775058593749 19.5153984374999 3 3 2
32 1 0 0 9 12 11 0 1 0 0 36.4392382812512 41.6021601562485 27.802208984376 2 2 2
34 0 0 0 6 9 5 0 1 0 0 20.0244414062501 24.0573125000001 19.770130859375 3 3 3
54 0 0 0 6 9 7 1 0 0 1 27.9840214843749 26.7385683593759 28.8301718749987 2 2 2
49 0 0 0 3 12 1 1 0 0 0 10.7099755859375 12.7810380859375 33.3222109375009 2 2 2
30 0 0 0 3 6 4 1 0 0 0 9.99252148437495 11.723857421875 10.478060546875 2 2 2
27 0 1 0 4 7 5 1 0 0 1 19.21478125 20.4157050781249 21.61662890625 2 2 2
36 0 0 0 3 1 2 1 0 0 1 29.9409199218742 33.0038203125005 31.7529355468739 3 2 3
18 0 0 0 7 2 1 0 0 1 0 3.06684008789061 5.98000000000002 8.84 2 2 2
17 0 0 0 4 7 10 0 0 1 1 0.0643352050781252 5.56813378906252 4.94000000000001 3 3 2
22 0 0 0 7 7 12 0 0 1 1 12.7399999999999 13.78 15.3400000000001 3 2 3
22 0 0 1 1 9 3 0 0 1 0 10.8506523437501 7.21664941406247 11.3703359375 3 2 3
44 0 0 1 1 1 6 0 0 1 1 19.1499999999999 23.7600000000005 24.7000000000008 3 3 3
57 0 0 1 3 4 4 1 0 0 0 7.52378759765624 8.69243652343753 9.09999999999999 2 2 2
56 0 1 0 7 6 6 1 0 0 1 16.85 16.328 14.381888671875 3 3 3
66 1 0 0 12 12 12 1 0 0 1 45.5848281249988 64.200000000003 59.4580859375022 3 2 3
41 1 0 0 5 9 12 1 0 0 1 63.7500000000018 42.0092382812485 13.180150390625 2 2 1
37 0 1 0 5 3 2 1 0 0 0 6.22418994140624 1.92950036621095 1.80086730957031 2 2 2
69 0 0 0 2 1 3 0 0 1 1 4.15826318359374 4.30012060546874 4.49773681640627 3 3 3
79 0 0 1 1 3 3 1 0 0 1 5.44167773437502 4.20047998046873 4.45369628906251 3 3 3
72 0 0 0 2 3 3 1 0 0 0 2.4128193359375 3.83694555664064 2.55959570312501 3 3 3
33 0 0 0 2 1 1 0 1 0 0 8.23064648437503 8.46223046875 8.53964843749999 3 2 2
32 0 1 0 1 5 3 0 1 0 0 11.5463017578125 8.80781738281247 18.630220703125 3 2 2
47 0 0 1 2 3 9 0 1 0 1 63.7500000000018 10.2277548828126 10.79203125 2 2 2
50 0 0 0 9 11 7 1 0 0 1 36.2241093749993 41.210624999998 15.3400000000001 2 3 3
23 0 0 0 2 6 11 0 0 1 1 4.9223203125 3.4818564453125 10.6478652343751 3 3 2
61 0 0 0 3 3 9 0 0 1 1 14.795380859375 14.8963876953125 14.5883505859375 3 3 3
41 0 0 0 1 3 4 0 1 0 0 16.2436113281251 3.25112988281249 14.5694033203125 2 2 2
23 0 0 0 1 7 11 0 0 1 1 7.10162988281251 9.28410742187497 6.50000000000001 2 2 3
63 0 0 1 1 1 12 1 0 0 1 4.3511416015625 5.23273486328126 19.9694492187499 3 3 2
61 0 0 0 2 1 7 1 0 0 0 12.118166015625 4.51436279296877 11.689650390625 3 3 3
63 0 0 1 1 3 4 1 0 0 1 107.142859374999 78.5714296875011 12.8513124999999 3 3 3
60 0 0 0 2 1 5 1 0 0 0 1.57859985351563 15.6160195312501 4.99633886718748 3 3 3
44 1 0 0 3 3 6 1 0 0 1 23.4180136718757 24.4590859375 25.5196328125002 2 2 2
35 0 0 0 1 5 6 1 0 0 1 39.0300234375002 36.0277148437514 39.1158867187508 2 2 2
34 0 1 0 6 6 5 1 0 0 0 15.889470703125 16.84469140625 25.0082656249991 3 2 2
60 0 0 1 10 9 10 1 0 0 0 4.72079638671877 4.76477001953126 6.23040576171876 3 3 2
28 0 0 0 2 7 6 0 0 1 1 18.22 18.2000000000001 17.75265625 3 3 3
71 0 0 0 1 3 11 0 0 0 0 23.1544179687505 35.1413203124986 34.029726562499 3 2 1
39 0 0 0 2 7 5 0 1 0 0 15.0722529296875 13.9878593749999 20.607759765625 2 2 1
30 0 0 0 3 4 3 1 0 0 0 10.78178515625 8.644162109375 13.4254677734375 2 3 3
29 0 0 0 6 3 3 1 0 0 1 8.55000000000004 9.02 9.00000000000004 2 2 3
36 0 1 0 12 9 12 1 0 0 1 15.9682490234375 10.65 19.4418125 2 2 3
46 0 0 0 12 8 8 0 0 1 1 23.7100000000012 25.48 25.9999999999995 2 3 3
38 0 0 0 12 6 9 1 0 0 1 7.67878662109379 8.23253320312499 8.27306542968748 2 2 1
46 0 0 0 1 8 8 0 1 0 0 13.5795478515625 25.8026152343748 24.9113417968758 2 2 2
20 0 0 0 2 9 9 0 0 1 1 5.26631201171877 5.07000000000001 4.94591259765627 2 3 3
37 1 0 0 3 1 6 1 0 0 1 27.0207851562494 29.4226328124992 30.7115468749987 3 3 3
44 0 1 0 6 5 5 1 0 0 0 6.82027294921878 8.34522656250002 7.78819677734377 3 2 3
55 1 0 0 1 3 3 1 0 0 0 30.0000000000002 0.0999999999999999 11.282 3 3 3
25 0 0 0 1 1 5 0 0 1 0 5.579150390625 11.9106757812499 10.887498046875 3 2 3
32 0 0 0 1 1 11 0 0 1 0 11.9087763671874 25.8083144531251 12.9099306640626 2 3 2
60 0 0 1 2 4 3 1 0 0 0 1.43742431640625 2.35482763671875 2.40601953124999 3 3 2
24 0 0 0 10 7 9 0 0 1 0 14.418220703125 16.6305429687501 16.2124716796875 2 2 2
47 1 0 0 6 2 6 1 0 0 1 31.6273632812508 32.588103515626 32.472287109376 2 2 3
36 1 0 0 6 3 2 1 0 0 0 20.9596152343751 16.5412968749999 16.4730742187501 3 3 2
68 0 0 0 7 4 7 1 0 0 1 16.8769765625 17.4120390625 19.393958984375 3 3 3
69 0 1 0 2 2 2 1 0 0 0 7.37490917968749 8.67519140625001 9.34504003906252 3 3 2
36 0 0 0 7 12 10 0 1 0 1 11.7949999999999 9.84500000000005 18.3500000000001 2 3 3
34 0 0 0 12 5 4 1 0 0 1 22.0522363281251 26.1404882812503 21.41048828125 2 2 2
33 1 0 0 5 5 6 1 0 0 0 15.1306220703125 18.8952265624999 19.9152421875 2 3 2
49 0 0 1 3 4 7 1 0 0 1 21.75 19.7079999999999 13.75 3 3 3
66 0 0 0 4 5 5 0 0 0 0 5.31526953124998 6.26226171875002 2.30363598632813 3 2 2
61 0 0 0 2 3 2 1 0 0 1 12.93 15.156 14.288 3 2 2
31 0 0 1 3 5 3 0 0 1 1 12.4524833984375 9.51701464843746 17.549083984375 2 3 2
50 0 0 1 6 6 4 0 1 0 0 7.72879687500001 9.01375097656253 7.73849707031253 2 2 2
55 0 0 0 5 3 5 0 1 0 1 33.7504960937493 37.8496718749996 38.4813203124994 3 1 3
35 1 0 0 7 6 7 1 0 0 1 45.0346406250007 51.5883359374975 55.2424960937499 3 3 2
35 0 1 0 5 4 5 1 0 0 0 3.93579931640623 3.03633349609374 1.89505346679688 3 3 3
55 0 0 0 6 5 3 0 1 0 1 19.3411210937499 24.7977539062489 3.9619504394531 1 2 1
36 0 0 0 10 1 3 0 1 0 1 151.894515625003 20.626125 20.88503125 1 1 2
65 0 0 1 6 2 1 0 0 0 1 104.993250000004 13.2895556640626 11.748248046875 2 2 2
17 0 0 0 5 3 6 0 0 1 0 1.59559545898437 0.94061248779297 2.67420263671876 3 3 2
38 0 0 0 12 9 3 1 0 0 1 16 12.5 12.9999999999999 2 3 2
69 0 0 1 3 2 2 0 0 0 0 5.23633154296875 7.62759374999997 9.5373798828125 3 3 1
41 0 0 1 4 4 6 1 0 0 1 9.11089648437498 13.04971484375 4.84189550781251 2 2 2
49 1 0 0 12 3 7 1 0 0 1 27.9214785156246 28.9805332031239 33.9360976562486 3 3 2
35 0 0 1 3 2 3 0 0 1 1 3.79615722656251 11.324998046875 9.30042675781253 3 2 2
26 0 0 0 5 4 3 1 0 0 0 9.92045703125001 14.048140625 1009.98387500004 2 2 2
68 0 0 1 7 4 4 1 0 0 0 18.6969765625 14.836806640625 9.94815820312504 3 3 2
39 0 0 0 7 6 5 0 0 1 1 22.4766269531241 22.9232910156252 24.2011484374996 1 2 2
35 1 0 0 4 2 3 0 0 0 0 11.739677734375 11.4214951171875 12.193208984375 3 3 3
68 0 0 1 3 6 7 0 0 1 1 10.4579072265625 7.03787109374999 5.57991894531253 3 3 1
23 1 0 0 11 9 7 0 0 1 0 18.32536328125 21.860400390625 21.028775390625 2 2 3
28 0 0 0 5 3 3 0 0 1 0 5.57991748046877 11.1997158203125 8.21062695312497 2 2 2
34 0 0 0 1 2 4 0 0 1 0 7.47827148437498 8.09347314453129 11.1578359375001 2 2 2
67 0 1 0 3 3 7 1 0 0 0 11.1116474609375 11.481615234375 5.94107031249998 2 2 3
53 0 1 0 3 2 3 1 0 0 0 11.630947265625 11.9131640625 12.504619140625 3 2 2
72 0 0 1 4 2 3 1 0 0 1 5.14294580078124 5.95434228515622 5.59188916015624 3 3 3
35 0 1 0 2 3 2 1 0 0 1 15.912240234375 8.06498291015625 18.7569296874999 2 3 2
26 1 0 0 4 5 2 1 0 0 0 5.31861962890628 10.1249287109375 16.0569228515624 2 2 2
47 0 0 1 4 3 3 1 0 0 1 10.2877138671875 10.1577138671875 10.041318359375 3 3 3
45 0 0 0 3 2 3 1 0 0 0 8.98395214843747 8.90178027343752 10.062 3 3 3
61 0 0 1 5 6 5 0 0 1 0 7.74180566406247 6.82535253906253 7.43250390625 3 3 2
53 0 0 0 4 3 2 1 0 0 0 14.5431875 14.4110859375 15.22771484375 3 3 3
66 0 1 0 3 1 6 1 0 0 1 20.976326171875 25.738798828124 31.103283203125 3 3 2
68 0 0 1 3 1 2 1 0 0 0 2.31014624023439 2.53601953124999 2.6084033203125 2 2 2
45 0 0 0 10 9 5 0 1 0 1 7.69716113281253 8.33760449218753 10.4608271484375 2 2 2
54 0 0 0 1 3 8 1 0 0 1 24.1184765625002 24.3184765625005 25.0191699218747 2 2 2
52 0 0 0 4 4 1 1 0 0 0 49.7663085937489 49.2559999999978 2.7944521484375 2 2 2
26 1 0 0 3 3 2 1 0 0 0 27.8601621093757 26.6203242187496 27.3207851562509 3 3 3
50 1 0 0 2 1 2 1 0 0 1 39.6085156249994 41.5498437499983 45.2170898437493 3 3 3
25 1 0 0 3 4 4 0 0 1 0 19.8152421874999 23.0136953124997 27.126791015625 3 3 2
43 0 0 0 9 5 8 1 0 0 1 33.4750000000009 29.4652597656247 27.8145332031245 2 2 2
41 0 0 0 3 3 3 1 0 0 0 12.904412109375 14.3248974609374 15.7657470703126 2 2 2
27 0 1 0 9 4 3 1 0 0 1 12.9999999999999 23.5000000000012 27.9999999999989 3 2 3
34 0 0 0 1 2 1 1 0 0 1 23.6175156250009 35.3767890625016 36.439070312499 3 3 3
35 0 0 1 3 1 2 1 0 0 0 2.08253955078125 3.48029736328124 4.18739306640627 3 3 3
35 0 0 0 7 4 6 1 0 0 1 34.1931640624988 33.0943085937493 29.8823085937506 3 3 3
46 0 0 0 2 6 2 1 0 0 1 19.7370625000001 19.4100000000001 19.5199999999999 3 3 3
18 0 0 0 3 4 2 0 0 1 1 8.65800000000003 8.58000000000002 9.02199999999999 2 2 3
35 0 0 0 3 5 6 1 0 0 1 37.1351601562515 22.260464843751 51.7869531249995 2 2 2
41 0 1 0 10 6 5 1 0 0 1 23.4133613281251 25.6457265624987 27.6452656250011 2 2 3
39 1 0 0 5 4 3 1 0 0 0 14.54548046875 30.3313476562504 33.5048515624984 2 2 2
31 1 0 0 4 3 2 1 0 0 1 16.2714287109375 34.425499999999 29.0796699218756 1 2 2
56 0 0 1 3 5 5 0 0 0 0 8.16106933593751 6.18955468749999 7.6678759765625 3 2 3
33 0 0 0 12 12 12 0 0 1 1 21.229 20.8 25.4764003906254 2 3 3
27 0 1 0 9 3 2 1 0 0 0 9.56587500000003 5.66082958984373 8.48263085937498 2 2 2
35 0 0 1 2 1 2 0 1 0 0 10.8782041015625 7.15801123046872 3.44737353515624 2 2 2
29 0 0 0 4 3 1 1 0 0 0 10.2321064453125 12.1635830078125 15.4339638671874 1 2 1
42 0 0 0 2 1 2 1 0 0 0 3.86827832031251 1.6235301513672 4.28091162109377 3 3 3
32 0 1 0 8 6 2 1 0 0 1 18.2649999999999 20.8029999999999 24.7249999999997 2 2 2
29 1 0 0 2 2 2 1 0 0 0 27.4089492187508 30.6602597656263 35.5393632812514 1 3 3
72 0 0 0 1 5 6 1 0 0 1 6.17168798828124 9.32254003906249 9.57050097656254 3 3 3
37 0 0 0 6 5 5 1 0 0 0 7.27781494140623 8.49417968750002 9.63259863281254 3 2 2
40 0 0 1 5 6 4 1 0 0 1 14.9568623046875 21.6781542968751 30.0000000000002 3 2 3
47 0 0 0 3 3 2 1 0 0 0 14.2447441406251 22.0079511718751 25.2352031249998 3 3 2
18 0 0 0 4 3 2 0 0 1 1 5.25200000000001 8.68399999999998 10.4285712890625 2 2 2
38 0 1 0 9 7 9 1 0 0 1 29.5776953125008 29.9774609374997 41.9783945312491 3 2 3
36 0 0 0 4 4 6 1 0 0 0 11.87476953125 9.45688574218754 11.67791015625 3 3 2
33 1 0 0 3 2 4 1 0 0 0 24.355310546875 27.3329960937492 18.44516015625 3 3 3
20 0 0 0 3 3 3 0 0 1 1 1.05550341796875 5.4041572265625 10.116341796875 2 3 3
30 0 0 0 2 2 3 1 0 0 0 21.08028515625 21.016166015625 29.3785585937504 3 2 2
29 0 0 0 4 5 2 1 0 0 1 13.2702080078125 13.870669921875 16.482896484375 3 2 3
28 0 0 0 9 4 12 1 0 0 1 23.4857910156245 31.7894218749984 23.1509335937503 3 3 3
67 0 0 1 5 3 4 1 0 0 0 5.63889697265623 4.70629638671874 6.04840332031252 2 2 2
66 0 0 0 6 6 5 1 0 0 1 35.1153164062489 34.8836250000002 16.3763056640624 3 3 3
42 0 0 0 12 12 12 1 0 0 1 52.5659921874987 62.4223437500013 58.0528906250026 2 2 3
42 0 1 0 4 3 2 1 0 0 0 7.79999999999998 7.02000000000002 5.29999999999999 2 2 2
40 0 0 0 3 3 8 1 0 0 1 19.76 23.4666503906259 18.921548828125 2 2 3
36 0 0 0 3 5 5 1 0 0 0 10.953455078125 11.03807421875 14.359166015625 3 3 3
53 0 1 0 6 5 7 1 0 0 1 20.315 19.0720000000001 20.3720000000001 3 3 3
52 0 0 0 2 5 6 1 0 0 0 11.238591796875 11.8889150390625 12.1092382812501 3 3 3
63 0 0 1 4 2 2 1 0 0 1 2.85599999999998 1.80000000000001 4.33779785156251 2 2 2
61 0 0 1 3 2 3 1 0 0 0 14.8260605468751 10.1122724609375 2.15006030273438 3 2 2
38 1 0 0 2 3 10 1 0 0 1 32.439042968749 31.4999999999992 29.7657285156247 2 2 3
59 0 0 0 6 2 7 1 0 0 1 27.9971171875011 33.3939179687515 34.8500000000011 2 3 2
42 0 0 0 1 2 2 0 1 0 0 15.4573388671874 15.119203125 17.9961875 2 3 3
36 1 0 0 7 4 8 1 0 0 1 26.5450156250002 32.4999999999991 32.1120097656261 2 2 2
54 0 1 0 4 3 5 1 0 0 1 21.7670195312499 20.710552734375 24.0499999999998 3 2 2
66 0 0 0 1 4 1 1 0 0 1 32.1813632812485 30.435966796874 33.3312109375007 3 3 3
62 0 1 0 1 2 2 1 0 0 0 19.1518828125 5.617990234375 5.11680664062498 2 3 2
37 1 0 0 9 4 9 0 0 1 1 34.1082929687508 36.0277148437514 35.5138593749997 2 3 2
42 0 1 0 7 6 6 0 0 0 0 22.4170898437501 22.3170898437508 24.7189374999996 2 2 2
63 0 0 0 2 3 2 0 0 0 0 6.23999999999998 5.93902246093752 9.67896484374996 2 2 2
25 0 1 0 4 3 3 1 0 0 0 9.8096640625 7.78335937500002 7.01429345703123 3 3 3
48 0 0 0 8 8 9 0 1 0 0 33.8567031249995 37.4749648437485 37.8535585937508 2 3 2
38 1 0 0 8 7 5 1 0 0 1 44.4177812500014 47.1200937499996 48.2289843749993 2 2 2
32 0 1 0 5 6 5 1 0 0 0 7.80333300781248 16.8142792968749 3.46492041015625 3 3 3
28 0 1 0 2 2 3 0 1 0 0 16.0344111328126 14.495748046875 20.9175976562501 2 2 2
26 0 0 0 3 3 3 1 0 0 1 16.8999999999999 28.3818164062489 16.0057734375 3 3 3
25 0 0 0 1 3 2 1 0 0 0 7.11888134765628 9.41595996093751 9.570322265625 2 2 2
41 0 1 0 2 1 3 1 0 0 1 11.4205 15.054 17.091494140625 2 2 2
54 0 0 0 2 4 3 1 0 0 1 12.5045263671876 17.588046875 20.3634882812499 2 2 2
54 0 0 0 2 2 3 1 0 0 0 3.63720019531249 6.01285693359376 1.17142858886719 3 3 3
32 0 0 0 3 3 2 0 0 1 0 14.3054140625 14.5054628906249 14.1286191406251 2 2 2
61 0 0 1 3 3 7 1 0 0 1 15.788 14.95 12.502865234375 3 3 3
60 0 0 1 2 2 2 1 0 0 0 5.315923828125 3.83224194335936 3.66962524414061 3 3 3
75 0 1 0 2 3 5 1 0 0 0 3.13153125 3.17389843750001 2.61959570312499 3 3 3
51 1 0 0 2 3 3 0 0 1 0 36.8792773437484 40.8974140624996 45.7823320312515 3 3 3
45 0 1 0 3 6 12 1 0 0 1 90.0499999999999 35.9999999999983 31.0090898437498 3 3 3
45 1 0 0 8 1 3 1 0 0 0 13.9986142578124 15.29976953125 15.2991533203125 3 3 3
36 0 1 0 4 3 2 0 1 0 0 25.4865781249988 19.3524414062501 28.8588808593741 2 3 2
44 1 0 0 7 3 9 1 0 0 1 60.046187500002 62.0461874999988 65.2111523437506 3 3 2
38 0 0 0 2 3 2 1 0 0 0 3.07639306640624 17.1610410156249 15.0008671875 3 3 3
72 0 1 0 4 4 2 0 1 0 0 12.54552734375 12.255474609375 13.3962421875 2 2 2
64 0 0 0 3 2 1 1 0 0 1 11.1391591796875 4.28581738281249 11.6953525390625 3 3 3
55 0 1 0 6 8 9 1 0 0 1 14.82 17.4199999999999 22.5100000000005 3 2 2
48 1 0 0 6 3 4 1 0 0 0 46.0791171875013 43.3173203124995 45.2448046875008 3 2 3
61 0 0 1 2 1 1 0 0 1 1 8.52893164062502 6.22585400390627 6.89474707031253 2 2 2
35 0 0 1 3 6 4 0 1 0 0 16.524291015625 22.6724042968741 20.6401445312499 2 2 2
31 0 1 0 4 4 9 0 1 0 0 18.2784980468749 13.2524375 14.84353125 3 2 3
26 0 0 0 2 2 3 1 0 0 1 17.717857421875 17.3838515625 14.6734707031251 3 3 3
41 0 1 0 6 5 4 1 0 0 0 4.25853613281251 9.632884765625 7.40821289062501 3 2 2
18 0 0 0 5 5 3 1 0 0 0 2.79999975585937 6.31199999999999 7.02000000000002 3 3 2
35 0 0 1 5 4 5 0 0 1 1 6.29918017578125 2.42383813476564 6.24270361328128 3 2 2
57 0 0 0 1 3 1 1 0 0 1 11.918869140625 9.18510644531252 5.50895996093751 2 1 2
22 0 1 0 11 10 12 0 0 1 1 10.9842294921875 22.6258945312508 18.4599999999999 2 2 2
34 1 0 0 5 2 4 1 0 0 1 24.6560371093742 22.8175507812508 27.6212480468762 2 3 3
51 0 0 0 10 8 5 1 0 0 1 13.09684765625 13.962 18.5812089843751 3 3 3
23 0 0 0 9 12 3 0 0 1 1 10.92 12.194 9.9860009765625 2 2 2
37 1 0 0 8 8 7 0 0 1 0 31.0235585937509 32.9629335937509 35.2000000000004 3 2 2
38 0 0 0 3 3 9 1 0 0 1 0.00120000004768372 10.392599609375 0.00120000004768372 2 3 3
30 0 0 1 4 4 3 1 0 0 0 1.33324206542969 6.11481591796878 1.376376953125 2 2 2
31 0 0 0 5 9 4 1 0 0 1 112.053937499999 20.2078515625001 20.2144453125 3 2 3
31 1 0 0 3 5 5 1 0 0 0 25.2194003906243 27.6212480468762 27.8592480468751 3 3 3
54 1 0 0 4 5 5 1 0 0 1 33.025406250001 36.7219335937494 45.2661640625022 3 3 3
31 0 0 1 6 7 7 1 0 0 1 6.50000000000001 15.3332001953124 15.55257421875 3 3 3
45 0 0 0 4 3 1 1 0 0 0 2.95455029296875 1.41496667480469 3.34446728515625 3 2 2
21 0 0 0 9 11 12 0 0 1 1 9.87999999999997 11.444 12.48 1 2 1
19 0 0 0 4 5 9 0 0 1 0 1.08675903320312 1.716 0.364040893554687 3 3 2
54 0 1 0 3 3 1 1 0 0 1 13.3839609375 14.143140625 14.9990986328125 3 3 3
50 1 0 0 9 9 9 1 0 0 0 39.9138945312488 40.9999999999981 41.9999999999998 2 3 2
52 0 0 0 8 2 3 0 0 0 1 14.248 15.808 16.1979999999999 3 2 2
54 0 0 0 4 5 6 0 0 1 0 12.7097001953125 15.2236953124999 17.3533496093749 2 2 2
45 0 0 0 1 3 2 0 0 1 1 14.749888671875 16.742 0.928406494140623 2 2 2
17 0 0 0 6 6 3 0 0 1 1 5.06454687499998 8.866 12.087384765625 3 3 2
35 0 0 0 8 12 8 0 0 1 1 20.0134765625 17.694671875 18.385333984375 2 2 2
34 0 1 0 1 1 1 0 0 1 0 9.27294335937503 6.29262158203121 2.83829589843751 1 1 2
80 0 0 1 4 1 4 0 0 1 1 6.61417382812497 6.66958789062499 7.58179541015627 3 2 2
41 0 1 0 6 4 3 1 0 0 0 13.9780390625 7.20822460937497 6.86190722656251 2 1 1
44 0 0 0 3 3 6 1 0 0 1 12.48 18.4400000000001 20.1064667968751 2 3 2
56 0 0 1 1 3 4 1 0 0 1 10.5 9.12999999999997 12.93 3 3 3
58 0 1 0 1 2 8 1 0 0 0 12.813607421875 12.66949609375 13.270970703125 3 3 3
57 0 0 0 5 2 2 0 0 0 0 12.416 14.234439453125 14.0147265625 2 3 3
26 1 0 0 7 9 2 0 0 1 0 13.2716064453125 12.48 16.142458984375 2 2 2
52 0 0 0 5 6 3 1 0 0 1 6.00999999999999 6.17700000000001 8.17700000000003 3 3 3
52 0 1 0 6 6 5 1 0 0 0 5.99999999999999 6.17700000000001 9.67699999999998 3 2 2
46 0 0 1 2 1 7 1 0 0 0 4.44510937500001 4.41286865234378 4.54607763671874 2 2 2
16 0 0 0 6 7 10 0 0 1 1 0.478571411132813 6.64165527343746 2.76357153320312 3 2 2
77 0 0 0 5 9 6 0 0 1 1 17.7126953125 16.0953525390625 14.6489296875 3 3 3
43 0 0 0 5 1 2 0 0 1 0 10.579931640625 15.3385546875 18.7161328125 3 3 1
30 1 0 0 2 2 3 1 0 0 1 25.2346210937487 27.7880859374998 33.5199999999993 3 3 3
44 0 0 1 1 1 2 0 1 0 0 14.4455400390624 11.543935546875 8.92682519531246 3 3 3
19 0 0 0 3 8 12 0 0 1 0 2.11654809570312 7.77144433593748 12.374318359375 3 3 3
34 0 0 0 3 6 3 1 0 0 0 2.46136987304688 13.8862851562501 7.46088037109373 3 3 3
65 0 1 0 2 4 1 1 0 0 1 14.7404472656251 17.529162109375 20.1747421875 3 3 3
26 0 0 0 9 3 6 1 0 0 1 14.1785712890625 24.0631875000011 12.1302880859375 3 2 2
41 0 1 0 2 3 3 1 0 0 0 10.413642578125 11.9313876953125 10.6679619140624 2 2 2
46 0 0 0 3 3 4 1 0 0 1 29.9903847656254 32.4999999999991 27.500000000001 2 2 2
32 0 0 0 2 3 8 0 1 0 0 11.732884765625 12.6481982421875 13.6808554687501 2 2 2
62 0 0 0 2 3 6 1 0 0 1 6.11612304687497 8.67692285156249 11 2 2 2
18 0 0 0 6 11 5 0 0 1 0 4.75291503906248 10.479388671875 11.5281591796875 2 2 2
16 0 0 0 8 7 3 0 0 1 0 1.72357556152344 8.70962695312505 4.57071679687501 3 3 3
36 0 0 0 5 5 5 1 0 0 1 17.55 23.0438300781254 28.7806015625009 2 2 2
17 0 0 0 11 12 12 0 0 1 1 0.995490966796872 3.80276757812499 2.12131689453126 2 3 2
59 0 0 1 5 1 2 1 0 0 1 16.2499999999999 16.583080078125 16.12 2 2 2
55 0 0 0 2 2 6 1 0 0 1 17.7700000000001 17.302685546875 8.245 2 2 2
34 0 0 0 5 3 2 1 0 0 0 14.17123828125 11.1916621093749 11.3280908203125 2 3 2
38 1 0 0 3 3 1 0 1 0 0 22.5166953125 19.0259199218751 20.9993398437499 3 3 3
50 0 0 1 3 5 3 0 0 1 1 5.3903408203125 5.52872705078122 5.68230126953122 2 3 3
55 1 0 0 2 5 5 1 0 0 1 18.0169609375 15.616798828125 15.5624609375 3 3 3
54 0 0 0 3 1 3 1 0 0 0 7.33546874999996 10.680759765625 14.8292109375001 2 3 2
73 0 0 0 3 9 3 0 0 0 1 13.670984375 20.91441796875 17.246109375 2 2 1
54 0 1 0 3 10 8 1 0 0 1 27.0531855468758 27.4386914062487 28.0499999999988 3 3 2
51 0 1 0 4 4 2 1 0 0 0 19.694919921875 19.0944570312499 18.213857421875 2 2 2
45 0 0 0 9 9 11 1 0 0 1 13.2599999999999 15.8877568359375 14.1439999999999 2 2 2
35 0 0 1 11 9 12 1 0 0 1 0.00120000004768372 10.000599609375 16.0999999999999 2 2 2
44 0 0 1 3 4 8 0 1 0 0 13.3867070312499 16.45490234375 16.2928056640626 3 2 2
49 1 0 0 12 12 12 1 0 0 1 49.5184765624983 52.2901835937503 54.0415703125018 2 3 2
31 1 0 0 12 12 12 1 0 0 1 21.0521933593751 22.5230761718747 27.5271738281239 2 2 2
29 0 0 0 2 2 2 0 1 0 0 10.259208984375 20.9158984375 11.656775390625 2 3 2
44 0 0 1 3 3 4 0 0 1 0 10.1360009765625 9.80706542968756 10.88337890625 2 2 2
45 0 0 1 6 6 6 0 0 1 0 11.05 11.18 11.44 2 3 3
36 0 0 0 1 2 1 1 0 0 0 7.11944189453128 4.2088076171875 7.25285302734371 3 3 3
70 0 0 1 2 1 3 0 0 0 0 13.7520107421875 15.82714453125 16.66251953125 3 3 3
54 1 0 0 7 7 9 1 0 0 1 17.423048828125 20.2205078125001 40.2864140624992 3 3 3
61 0 0 1 2 5 2 1 0 0 0 4.25297900390627 6.42246875 6.75330517578123 2 2 2
32 0 1 0 3 2 6 1 0 0 1 20.2235566406249 21.4244804687499 23.418015624999 3 3 3
29 0 1 0 7 6 5 1 0 0 1 21.719041015625 24.3558652343756 27.0750624999996 2 2 2
62 0 0 0 2 1 2 1 0 0 1 4.89620068359373 7.99225195312502 6.94033886718753 2 2 2
59 0 0 0 4 3 4 1 0 0 1 15.0899736328125 15.4757646484375 18.06979296875 3 3 3
53 0 0 0 6 6 6 1 0 0 0 6.91650390625003 7.49294726562497 8.3863740234375 1 3 3
29 0 0 0 3 3 5 0 0 1 0 16.6301972656249 17.323365234375 15.7919169921875 3 3 3
25 0 1 0 12 11 12 0 0 1 1 8.75000000000001 14.5000000000001 16.05 3 3 3
28 0 1 0 12 8 12 1 0 0 1 17.9838339843749 17.79345703125 22.3071601562494 2 2 3
36 0 0 0 8 8 3 0 0 1 0 18.0110859375 16.2124707031251 5.37932666015628 3 2 2
72 0 0 1 5 3 2 1 0 0 1 10.1369560546875 9.34242382812499 11.046341796875 3 3 3
46 1 0 0 2 3 4 0 0 1 0 24.6629335937499 25.7757500000009 27.2419511718756 2 2 3
61 0 1 0 5 4 6 0 0 1 0 13.1655458984375 13.226544921875 12.9542666015625 3 3 3
78 0 0 0 4 7 6 1 0 0 1 12.333658203125 12.95908984375 14.6031308593749 3 3 3
36 0 0 0 3 4 2 1 0 0 0 10.84361328125 13.4383359375001 10.852576171875 2 2 2
54 0 0 1 4 3 8 1 0 0 1 19.24 20.8 19.0500000000001 3 3 2
28 0 0 0 5 6 6 0 0 1 1 17.5804062500001 18.229015625 18.3911289062501 2 2 2
20 0 0 1 3 3 3 0 0 1 1 6.4046123046875 5.59000000000003 9.06746679687502 3 2 3
54 1 0 0 2 2 3 1 0 0 0 31.8593535156243 35.6193984374986 39.1191679687505 2 2 2
66 0 0 0 6 4 2 1 0 0 1 98.1366093750005 112.773296874999 143.470937499997 3 3 3
62 0 0 1 1 1 1 1 0 0 1 8.07810791015627 8.15489746093751 6.59892041015628 2 3 2
68 0 0 1 3 4 5 0 0 0 0 11.6011953125 11.608716796875 11.8563896484375 2 2 2
66 0 0 1 1 4 2 1 0 0 1 9.39624023437498 9.19925976562501 10.867763671875 1 1 1
57 0 1 0 9 10 7 1 0 0 0 27.9999999999989 28.6500000000004 19.3049042968751 1 2 3
55 0 0 0 2 6 4 1 0 0 0 13.2356044921876 3.81000000000002 10.932 3 3 3
36 0 0 0 2 2 4 1 0 0 1 13.052 13.8127324218749 15.7307177734374 3 2 3
34 0 0 0 2 1 3 1 0 0 0 9.00172265625003 8.67553710937501 10.5866621093751 3 3 3
47 0 0 0 3 3 3 0 1 0 0 24.5557753906254 37.7018632812494 22.9487343749997 2 2 2
18 0 0 0 12 7 11 0 0 1 0 13.219744140625 14.3581708984375 17.6388085937499 2 3 3
39 1 0 0 3 3 6 1 0 0 1 32.1383105468744 34.2913164062511 39.2013632812486 2 2 2
62 0 0 1 4 1 4 1 0 0 1 10.626142578125 11.523001953125 12.934064453125 3 3 3
59 0 1 0 3 6 6 0 0 1 0 10.82 15.7953525390625 14.6952714843749 3 3 3
58 0 0 0 1 3 2 1 0 0 1 6.1540517578125 4.93294384765626 5.82007324218752 2 2 2
57 0 0 0 1 2 1 1 0 0 0 6.76579785156248 6.95684082031246 7.21217285156253 2 2 2
27 0 1 0 4 5 3 1 0 0 1 16.0863740234375 15.529908203125 18.6583144531249 3 3 2
23 1 0 0 6 4 9 1 0 0 0 7.86812646484372 13.2439560546875 14.6395605468751 3 2 3
70 0 0 0 2 4 4 0 0 0 0 9.33676464843749 7.81821582031254 8.99380468750003 2 2 3
37 0 0 0 2 3 4 1 0 0 0 11.5042275390625 9.54000878906255 10.3277919921875 2 3 3
40 0 0 0 10 4 4 1 0 0 1 14 7 0.000600000023841858 2 2 2
57 0 1 0 1 4 6 1 0 0 1 8.6 8.92993359375004 10.277966796875 2 1 2
38 0 0 0 6 4 4 1 0 0 0 13.516568359375 13.135091796875 15.27319921875 3 2 2
39 0 0 0 2 3 3 1 0 0 1 17.4348359375 8.66595898437503 7.86793847656255 2 2 2
33 1 0 0 3 3 4 1 0 0 1 20.007390625 20.6573906249999 15.7628554687499 3 2 3
31 1 0 0 1 12 2 1 0 0 0 16.893384765625 1.48924047851562 2.96955834960939 2 3 3
33 0 0 0 3 2 2 0 0 1 1 4.96530859375 5.999419921875 7.03710058593748 2 2 2
37 0 1 0 12 2 9 1 0 0 1 39.642332031249 38.9138749999993 44.2684531249996 2 3 2
41 0 0 0 3 4 3 1 0 0 0 11.8269521484374 12.483306640625 15.9513291015625 2 3 3
59 0 0 1 1 2 1 0 1 0 0 8.54064453125001 11.291201171875 12.813048828125 2 3 3
67 0 1 0 5 8 1 0 0 0 1 17.39776953125 17.5589082031251 18.2928886718751 3 3 3
29 1 0 0 5 9 6 0 0 1 0 6.58285742187497 0.636899902343748 21.3520644531249 2 3 3
25 0 0 0 1 1 3 1 0 0 0 5.48845410156252 5.68801464843751 6.11016357421877 3 2 2
40 0 0 0 2 1 4 0 1 0 0 11.6779404296875 13.5400888671875 13.4525107421875 2 3 2
19 0 0 0 3 3 2 0 0 1 0 6.67820458984377 6.99399999999999 10.2618994140625 1 1 2
79 0 0 1 2 1 1 0 0 0 0 12.073228515625 10.611626953125 13.17919140625 3 2 2
66 1 0 0 4 3 2 0 0 0 0 15.647609375 15.3490449218749 14.382658203125 2 2 2
32 1 0 0 6 6 6 1 0 0 1 19.168125 26.2370898437505 29.5920976562501 2 2 2
29 0 0 0 4 1 4 1 0 0 0 4.73204638671876 3.13710888671875 14.1417724609375 2 3 3
21 0 0 0 3 4 2 0 0 1 0 10.552861328125 10.808314453125 12.32305078125 2 2 3
23 1 0 0 7 4 5 0 0 1 1 13.219931640625 14.4608544921875 18.674337890625 1 3 3
48 1 0 0 9 1 4 1 0 0 1 33.3197148437495 34.1072421875004 35.1200000000017 3 3 3
49 1 0 0 5 2 1 1 0 0 0 37.752277343749 27.2369062499997 39.0861757812485 3 3 2
46 0 0 0 7 4 6 1 0 0 0 1.19545678710938 1.90265441894531 19.8018808593749 2 3 2
46 0 1 0 6 8 10 1 0 0 1 30.9100000000012 32.6 32.1599999999999 3 3 3
47 1 0 0 6 4 3 1 0 0 0 26.5183007812493 25.0106484374997 25.7882519531238 2 2 2
17 0 0 0 8 12 12 0 0 1 1 0.0500000000000002 2.24788256835938 4.07599999999998 3 3 3
32 0 0 0 4 8 9 1 0 0 0 14.18355859375 14.61808984375 16.0525927734375 3 3 3
35 0 0 0 6 10 12 1 0 0 1 20.1049453125 26.1068964843755 4.02000000000001 3 3 3
76 1 0 0 2 6 2 1 0 0 1 27.1069257812508 26.3096562499999 29.5479999999992 3 3 3
72 0 0 1 4 2 5 1 0 0 1 11.30692578125 12.325716796875 13.61919140625 3 3 3
67 0 0 1 6 2 1 1 0 0 0 10.22465234375 10.3111914062501 9.47929199218746 3 3 3
45 0 1 0 1 4 3 1 0 0 0 12.4878515625 14.042966796875 10.8577001953124 3 3 3
73 0 1 0 1 5 3 0 0 1 0 17.9911035156251 18.1918476562501 18.7876777343751 2 2 2
18 0 0 1 12 10 12 0 0 1 0 8.57389550781249 9.09999999999999 6.43485009765622 3 2 2
39 1 0 0 9 7 11 1 0 0 1 25.668128906249 26.7181289062513 27.9460859375001 3 2 3
37 1 0 0 10 8 11 1 0 0 0 25.4639726562513 27.013972656251 28.4460859374992 2 2 2
60 0 0 0 5 11 6 1 0 0 1 59.5359999999998 33.1214296874984 22.2197812500003 3 3 3
34 0 0 0 2 1 1 0 0 1 1 0.461966217041017 9.36158593749995 7.18748535156249 3 2 2
54 1 0 0 1 3 5 1 0 0 1 46.1457148437502 55.4899999999974 54.9900000000022 3 3 2
51 0 1 0 2 2 1 1 0 0 0 27.0855312499991 31.3323320312486 30.6018984374994 3 2 2
35 0 0 0 3 5 2 1 0 0 0 11.57 16.2955771484375 12.8147294921875 2 2 2
25 0 1 0 3 6 5 1 0 0 0 5.69962792968749 8.49484667968751 8.01160742187503 3 3 3
61 0 0 0 5 1 5 1 0 0 1 11.9514541015625 10.403203125 14.505201171875 2 2 2
16 0 0 1 2 4 12 0 0 1 1 0.927965576171874 1.36304858398436 3.2805244140625 3 2 3
42 0 0 0 12 9 12 1 0 0 1 25.267404296874 24.5618066406253 28.5726269531239 3 2 2
42 0 0 0 2 4 5 1 0 0 0 12.321447265625 12.7227900390624 14.6109697265625 3 2 3
61 0 1 0 1 2 2 1 0 0 1 5.51939355468751 12.05698046875 2.99725781250001 2 2 3
36 0 0 0 4 4 5 1 0 0 0 8.37423339843748 9.37099999999996 6.83196337890625 3 3 3
33 0 0 0 1 10 12 1 0 0 0 5.94129345703127 17.2356152343751 16.0909736328124 2 2 2
61 0 0 0 3 3 3 1 0 0 1 12 8.40000000000004 3.12000000000001 3 3 3
57 0 0 0 2 2 7 1 0 0 0 3.066 3.45800000000002 3.69199999999999 3 3 3
41 1 0 0 9 5 3 0 1 0 0 26.729699218749 27.8597011718744 31.4199999999996 2 3 2
53 0 0 0 4 3 3 1 0 0 0 8.53318261718751 8.63974804687496 7.69541357421877 2 2 2
22 0 0 0 6 3 7 0 0 1 1 0.995490966796872 1.8215234375 2.98954614257812 3 2 3
50 0 0 1 12 8 10 1 0 0 1 16.8129335937499 12.6050810546875 12.1967666015624 2 3 2
48 0 0 1 3 4 4 1 0 0 0 3.37999999999998 3.52300000000001 3.58150000000001 3 2 3
48 0 0 0 2 2 9 0 0 1 1 17.054982421875 7.94337646484372 7.14999999999997 3 3 3
31 0 0 1 9 6 7 1 0 0 0 14.1696923828125 11.77596875 12.01438671875 1 2 2
30 0 0 0 1 3 3 1 0 0 1 19.9549999999999 25.5034257812508 25.6570820312511 3 2 2
37 0 1 0 5 2 9 1 0 0 1 5.49999999999999 13.2894833984375 15.0000000000001 2 2 2
40 0 1 0 2 4 1 1 0 0 1 25.2194003906243 26.2101621093762 28.0115468750007 3 3 3
39 0 0 0 2 7 1 1 0 0 0 11.5094130859375 13.80600390625 12.5 3 3 3
32 0 0 1 12 7 12 1 0 0 1 5.40000000000002 7.70000000000003 6.50000000000001 3 2 3
41 0 0 0 4 8 5 1 0 0 1 15.99 16.5619999999999 18.037291015625 3 2 2
53 0 1 0 1 4 7 1 0 0 1 49.749999999998 51.8198632812512 53.8406484374983 3 2 3
58 0 0 1 8 3 8 1 0 0 0 7.20199999999999 7.40999999999999 9.3767001953125 2 3 3
75 0 0 1 1 1 1 0 0 0 0 4.41494580078125 6.20929541015625 4.31525341796874 3 3 3
41 0 0 0 5 3 5 1 0 0 1 10.965822265625 15.0430009765625 12.8927578125 2 2 2
51 0 1 0 9 4 3 1 0 0 1 17.6227265624999 12.3 24.2187128906245 3 3 3
47 0 0 0 3 9 4 1 0 0 0 6.41045703125 6.93325341796871 9.55802050781253 2 3 3
44 0 1 0 5 5 6 1 0 0 1 10.2 19.5 20.0000000000001 2 3 3
43 0 0 0 2 6 6 1 0 0 0 10.068 11.62 12.1331972656251 3 2 3
18 0 0 0 7 7 2 0 0 1 0 1.64777844238282 3.51 3.53599999999998 3 3 3
60 0 0 1 9 10 5 0 0 1 1 12.9026787109375 10.23108203125 15.3986162109375 3 3 3
40 0 0 0 7 1 7 0 0 1 0 2.59612744140624 2.31540039062499 3.70582861328127 1 2 2
29 1 0 0 1 3 2 0 0 1 0 25.4653593750003 27.735218749999 28.84503515625 3 3 3
75 0 0 1 4 5 3 0 0 0 0 8.800904296875 9.49766210937503 6.90540478515624 3 3 1
37 0 0 0 5 8 12 0 0 1 1 0.000600000023841858 0.00120000004768372 9.99999999999997 3 2 3
57 0 0 0 2 2 2 1 0 0 0 2.20125195312501 2.363947265625 0.750000000000003 3 3 3
62 0 0 1 5 3 4 1 0 0 1 1.65000000000001 6.19999999999999 11.0715595703125 2 3 2
27 0 1 0 11 12 10 0 0 1 1 23.179999999999 31.0800000000005 31.4999999999992 3 3 3
21 0 1 0 8 12 11 0 0 1 1 9.98072949218751 10.4 11.7 2 3 2
41 0 0 1 4 4 11 1 0 0 1 10.14 9.48999999999997 11.18 2 3 3
20 0 0 0 7 6 9 0 0 1 0 9.09999999999999 10.3708671875 15.912240234375 3 3 3
18 0 0 0 9 6 6 0 0 1 0 2.73855908203126 6.76 7.69599999999998 3 3 3
26 1 0 0 9 3 6 1 0 0 1 30.1055761718759 27.500000000001 20.7488886718751 3 3 3
28 1 0 0 6 3 5 1 0 0 0 11.7672939453125 0.823253540039058 0.874706787109379 3 3 3
67 0 0 1 3 1 9 0 0 0 1 13.8972070312501 12.5145214843749 14.4855488281251 3 2 3
27 0 0 0 1 2 3 1 0 0 0 13.0357138671875 9.21635644531253 11.57 3 3 3
54 0 0 1 3 1 2 1 0 0 1 9.99999999999997 22.5591777343754 2 3 3 3
55 0 0 1 2 3 3 1 0 0 0 5.096 5.44864648437502 5.94264648437497 3 3 3
45 0 0 0 4 5 6 1 0 0 1 21.112 21.0600000000001 36.1266914062491 2 2 2
37 1 0 0 9 5 4 1 0 0 0 2.33781762695312 2.556048828125 13.442853515625 2 3 3
71 0 0 1 4 7 3 0 0 0 0 5.95504248046874 8.62381640624998 8.75728515625 3 2 2
38 0 0 1 3 2 3 0 0 1 0 5.58139013671875 6.54230810546876 5.82552392578125 3 3 3
31 1 0 0 12 8 9 1 0 0 1 24.9999999999991 22.4999999999997 22.4999999999997 2 3 3
39 1 0 0 11 12 12 0 1 0 1 22.793115234375 23.418015624999 30.8235585937496 2 2 2
39 0 0 0 6 1 1 1 0 0 0 11.27716015625 12.3214794921875 17.085013671875 3 2 2
61 0 0 0 3 6 1 1 0 0 1 37.0880898437498 23.1041582031242 19.9152421875 3 3 3
58 0 0 1 1 1 1 1 0 0 0 1.80885961914062 5.62748828125 6.58350781249998 3 3 3
25 0 1 0 9 4 1 1 0 0 0 6.97001513671875 10.53 9.64079882812505 2 2 1
58 1 0 0 8 4 6 1 0 0 1 13.185603515625 14.3822607421875 12 2 3 3
59 0 1 0 9 7 3 1 0 0 0 13.8336240234374 12.04223046875 5.18600244140627 2 2 3
21 0 0 0 5 4 11 0 0 1 1 8.321 12.1084921875 15.0984921875 3 3 3
75 0 0 1 1 1 3 0 0 0 0 9.23660449218744 7.70150683593751 6.9751826171875 3 3 3
38 0 0 1 7 1 5 1 0 0 1 13.08084765625 13.75680078125 21.5245937500001 3 2 3
36 0 0 0 1 1 4 1 0 0 0 6.21730517578125 6.37182714843749 9.87470507812501 2 2 2
37 0 0 0 3 2 2 0 1 0 0 14.180912109375 6.49489111328122 9.5611962890625 2 2 3
27 0 0 0 6 3 7 1 0 0 1 12.190681640625 18.1344296875 18.543650390625 2 3 2
53 0 0 1 8 2 7 1 0 0 1 17.654 17.992 19.148 2 2 3
25 1 0 0 10 4 8 1 0 0 1 36.5993164062511 39.1395000000006 39.4379648437508 2 2 2
35 0 0 0 1 2 1 1 0 0 0 23.0376171874996 30.7764726562508 31.8466757812495 2 2 2
44 0 0 1 4 8 6 1 0 0 0 2.53003906249999 1.71125366210938 1.92504431152345 2 3 3
40 0 0 0 12 12 12 1 0 0 1 24.5048496093741 25.4355664062509 26.4983828125011 2 2 3
43 0 0 0 10 9 5 1 0 0 1 22.5299042968752 19.9994453124999 20.857142578125 2 3 2
50 0 0 0 11 8 7 1 0 0 1 19.162 16.9779999999999 16.7959999999999 2 2 2
26 0 0 0 5 8 4 1 0 0 1 12.794357421875 14.0067607421875 13.3628154296875 3 2 3
24 0 0 0 3 5 4 1 0 0 1 22.099999999999 25.0637207031247 25.9945332031245 3 3 3
55 0 1 0 3 1 3 1 0 0 0 7.59124902343749 9.72738574218745 12.1 3 3 3
31 0 0 0 1 1 3 1 0 0 0 6.78137304687501 4.09989599609373 8.93768164062501 2 2 2
36 0 0 0 7 4 7 1 0 0 1 22.5439687500009 23.117783203124 27.9342226562504 3 2 3
24 0 0 0 5 10 6 0 0 1 1 16.6967031249999 30.612560546876 58.8929218749983 3 3 2
25 0 1 0 7 3 3 1 0 0 1 10.988384765625 16.2431669921875 19.9357480468749 3 3 3
35 0 0 0 9 6 5 1 0 0 1 12.28732421875 24.6057792968745 21.8530078125 3 3 3
38 0 1 0 2 6 8 1 0 0 1 26.5507792968738 25.9999999999995 22.5980000000002 3 3 2
50 0 0 0 8 6 12 1 0 0 1 23.1748632812508 64.7320000000016 62.3520000000006 3 3 3
28 0 1 0 1 5 3 1 0 0 0 12.9469775390625 4.71725488281252 5.94457275390627 3 2 3
49 0 0 0 9 5 8 1 0 0 1 13.572 15.7988603515626 19.56834375 3 2 2
32 1 0 0 8 6 9 1 0 0 1 24.1792382812511 30.6688750000008 36.7138554687508 3 3 3
31 0 1 0 2 6 6 1 0 0 1 18.73933203125 21.6070136718751 21.39019921875 3 3 3
44 1 0 0 1 3 3 1 0 0 1 59.2224453125011 60.7000000000006 62.1000000000019 3 3 3
37 0 0 0 2 2 1 1 0 0 1 14.44790234375 27.6613164062496 17.88819140625 3 3 3
37 0 0 0 2 4 1 1 0 0 1 23.4813906249997 30.1055761718759 33.6166757812506 3 2 2
23 0 0 1 5 9 4 1 0 0 1 15.240423828125 14.04 15.45148828125 1 2 2
31 0 1 0 3 5 3 1 0 0 1 9.65530664062499 14.352 16.09 2 2 2
30 1 0 0 4 2 7 1 0 0 0 29.0796699218756 30.4888457031265 32.0099999999997 3 2 3
26 1 0 0 4 9 3 1 0 0 0 22.7334882812505 26.0065957031254 28.2617871093737 2 3 3
40 0 0 0 2 2 1 1 0 0 0 15.814501953125 16.472517578125 16.106236328125 3 2 3
29 1 0 0 4 4 3 1 0 0 0 26.8730761718761 21.199146484375 23.0975371093741 2 2 2
26 1 0 0 12 12 12 1 0 0 1 21.0542734375 25.4542734375003 28.5106249999995 3 3 3
30 0 0 0 3 12 10 0 0 1 1 5.93649951171876 9.93200000000003 10.32841015625 1 1 2
43 0 0 0 4 7 11 1 0 0 1 21.6000000000001 41.6000000000019 20.2100000000001 3 2 2
26 1 0 0 3 4 4 1 0 0 0 17.67119921875 17.8769296875 25.1579374999999 3 3 3
31 0 0 0 7 9 6 1 0 0 1 16.1017099609376 30.6235585937487 30.3608535156257 2 2 2
36 1 0 0 2 7 6 1 0 0 1 7 32.6999999999985 76.9999999999984 2 2 2
20 0 0 0 12 9 6 1 0 0 1 10.24992578125 8.24453222656252 10.2031689453125 2 2 2
22 0 0 0 2 1 2 1 0 0 1 12.3935341796875 12.826931640625 13.6004619140625 2 3 2
24 0 0 0 8 10 5 1 0 0 1 10.17100390625 14.0769228515625 12.6503515625001 2 2 2
19 0 0 0 9 1 7 1 0 0 0 10.117005859375 11.600923828125 13.2521943359375 2 2 2
37 0 1 0 12 7 9 1 0 0 0 37.7166015624995 40.9995781250017 44.549003906252 3 3 3
19 0 0 0 3 4 1 1 0 0 0 11.20765625 14.4110849609375 14.8450849609375 3 2 3
27 0 0 0 5 5 11 1 0 0 1 25.4999999999995 5.75000000000002 18.55736328125 3 3 3
26 0 0 0 1 2 2 1 0 0 0 14.1441015625 16.55605859375 16.0332236328125 2 3 2
31 1 0 0 4 6 3 1 0 0 0 15.351806640625 14.3175146484376 18.7119843749999 3 3 3
27 1 0 0 12 10 10 1 0 0 1 35.4999999999998 30.1101933593755 16.0266982421876 2 2 2
27 0 0 0 9 9 12 1 0 0 1 37.3221874999992 35.5272500000006 39.0300234375002 3 2 3
27 1 0 0 2 2 1 1 0 0 0 10.2549287109375 2.32528002929688 7.91703857421877 2 3 3
26 0 0 0 3 6 4 1 0 0 1 17.487630859375 17.1091562499999 17.3906972656251 3 3 2
32 0 1 0 4 2 3 1 0 0 0 10.9333701171875 8.07166943359371 8.61985156249999 3 3 3
37 0 0 0 4 3 5 1 0 0 1 29.4644999999988 31.7144999999989 32.0447460937485 3 3 3
72 0 0 1 1 1 1 1 0 0 1 6.41707324218751 7.50797265625001 15.13965234375 3 3 2
24 1 0 0 2 3 7 0 0 1 0 0.186190002441407 9.50912890625004 15.4029384765625 2 2 2
36 1 0 0 1 3 3 1 0 0 1 6.80675976562501 2.43572412109375 9.73443554687504 2 2 2
22 0 0 0 4 5 2 1 0 0 0 6.65007812499998 13.4369082031249 12.9718740234376 2 2 2
24 0 0 0 10 3 11 1 0 0 1 30.080400390624 35.342 35.3665859375017 2 2 2
26 0 1 0 4 4 4 1 0 0 0 1.94858471679689 16.8943710937501 6.99765429687499 2 2 2
25 1 0 0 1 3 5 1 0 0 0 11.6263974609375 13.36027734375 19.44186328125 2 2 2
28 0 0 0 2 2 6 1 0 0 0 12.5878173828124 13.210162109375 13.960162109375 3 3 3
38 0 1 0 3 2 2 1 0 0 1 9.58084667968753 20.118046875 20.5705761718751 3 2 3
24 1 0 0 3 6 3 1 0 0 0 9.60870214843748 35.2999492187489 45.9134882812519 3 3 2
50 0 0 1 6 5 5 1 0 0 0 6.08502539062502 6.20642285156248 5.798 3 2 2
35 0 1 0 12 9 12 1 0 0 1 14.4110859375 15.612009765625 16.2124707031251 2 2 2
29 0 0 0 1 4 1 1 0 0 1 1.18969885253906 13.274216796875 10.3919999999999 2 3 2
39 0 0 0 6 8 7 1 0 0 0 34.9999999999982 32.9120078124988 34.0180156250004 2 2 3
60 0 0 1 12 9 5 1 0 0 1 17.2734140625 16.8129335937499 18.65745703125 3 2 2
20 0 0 0 3 3 3 1 0 0 0 6.55797265625 2.93284008789062 10.7802255859375 2 2 2
20 0 0 0 9 5 12 1 0 0 0 10.2050810546875 13.7325634765625 14.9334873046874 3 3 3
31 1 0 0 12 5 6 1 0 0 1 31.5127011718736 40.3300625000014 41.2314648437484 3 3 3
30 1 0 0 4 5 4 1 0 0 1 32.8624726562511 33.2127031250008 36.7086367187508 3 3 3
29 0 0 0 6 10 12 1 0 0 1 12.00923828125 12.504619140625 13.084662109375 2 2 2
28 0 0 0 2 2 3 1 0 0 1 14.2791269531249 8.20732421875002 10.2837792968749 3 3 2
22 0 0 0 6 3 4 0 0 1 0 9.67200000000002 12.3029833984375 12.7399999999999 3 3 3
24 0 1 0 4 3 2 1 0 0 0 25.6499999999996 29.399499999999 0.0300000000000001 3 2 3
33 0 0 0 8 4 8 1 0 0 0 17 16.9599316406251 16.5925898437501 2 3 3
42 0 0 1 4 7 6 0 0 1 1 4.04416064453123 4.12050439453126 4.12014990234373 2 2 2
22 0 0 0 11 5 4 1 0 0 0 13.0255703125 14.6746728515625 12.7297919921874 3 3 3
30 1 0 0 3 2 6 1 0 0 1 3.91141552734375 14.2422392578125 16.6077890625 3 3 3
22 1 0 0 6 9 9 0 0 1 0 3.36883227539063 5.35361962890623 20.3383144531251 3 3 3
25 0 1 0 4 3 3 1 0 0 1 13.5103925781251 17.7789062499999 23.5580644531241 3 3 3
41 0 0 0 1 3 2 1 0 0 0 8.00112207031249 7.02072021484377 21.7324609375 2 2 2
26 0 1 0 3 6 8 1 0 0 0 18.8499101562499 21.9182695312501 26.0714277343749 2 2 3
27 0 0 0 7 4 4 1 0 0 0 15.7820087890625 13.2840859375 15.311546875 3 3 3
22 1 0 0 5 3 4 0 0 1 0 8.73187890625002 11.9719794921875 14.819353515625 3 3 3
41 0 0 0 4 2 1 1 0 0 1 12.1119521484376 12.9099306640626 13.6605078125001 2 2 3
28 0 0 0 12 12 12 1 0 0 1 16.2166474609375 19.095197265625 20.836142578125 3 3 3
30 0 0 0 4 3 8 1 0 0 0 8.54582714843751 13.3134599609375 13.036478515625 3 3 2
52 0 0 0 12 6 5 1 0 0 1 24.0184765625001 10.0249462890625 17.406158203125 3 3 3
22 0 1 0 4 2 3 1 0 0 0 4.29041601562498 10.6524765625 13.38760546875 3 3 2
20 0 1 0 2 6 6 1 0 0 0 7.75418652343751 17.8025722656251 17.9070507812499 2 2 2
25 0 0 0 10 12 12 1 0 0 1 22.4903066406244 25.4572753906262 34.7217109375014 2 2 2
19 0 0 0 2 1 3 0 0 1 1 0.499999999999999 1.072 12.2927431640625 2 2 2
31 0 0 0 8 10 9 1 0 0 1 14.61733203125 17.8880000000001 18.0180000000001 2 2 1
30 1 0 0 12 2 5 1 0 0 1 73.903171875002 110.838828125 115.425843750001 3 3 2
22 0 1 0 9 1 3 1 0 0 1 9.92780175781245 13.5928740234375 58.0000000000025 2 2 2
26 0 0 0 9 5 10 1 0 0 1 19.393078125 21.1451191406251 22.7040644531256 3 3 3
24 0 0 0 2 2 2 1 0 0 0 19.9593574218749 3.01334765625001 6.08544677734375 3 3 3
25 0 1 0 7 2 5 1 0 0 0 14.1674921875 11.4378359375 16.46804296875 3 3 3
18 0 0 0 4 2 6 1 0 0 0 8.24770312499999 15.070755859375 14.33823046875 3 3 3
18 0 0 0 3 5 6 1 0 0 0 7.63711865234372 7.14669531249997 7.79094433593747 3 3 3
27 0 0 0 12 10 8 1 0 0 1 30.1631953124986 32.5956406250016 39.4158242187488 2 2 2
27 0 1 0 10 11 12 0 0 1 1 13.4953076171874 14.95 15.7 2 2 2
33 0 1 0 12 12 9 1 0 0 1 27.7994218750005 28.6993066406238 31.3143085937486 2 2 2
30 0 1 0 4 5 8 1 0 0 0 11.1869931640624 16.482580078125 14.486 3 3 3
23 0 0 0 6 3 5 1 0 0 1 20.8896796874999 11.9669599609375 18.2350800781251 3 2 2
19 0 0 0 4 7 12 1 0 0 1 12.70881640625 17.2451874999999 30.5244726562515 3 3 3
24 0 0 0 3 6 12 1 0 0 0 1.30346997070312 6.34238769531251 12.7790410156249 1 2 2
20 0 0 0 9 4 6 1 0 0 0 8.88208203124999 4.293302734375 12.2132548828125 2 3 2
53 1 0 0 8 9 12 1 0 0 0 44.0000000000001 46.8749999999994 49.975 3 3 3
31 0 1 0 1 2 2 1 0 0 0 15.041208984375 20.0193691406249 24.7919707031253 2 3 3
28 0 0 0 9 3 12 1 0 0 1 37.7942421874989 30.2730937500003 27.5274726562501 2 2 3
44 0 0 0 4 5 8 1 0 0 1 28.7353066406243 26.0172695312513 30.8093007812507 3 3 3
18 0 0 0 3 2 3 1 0 0 0 11.7321425781249 12.0436689453125 11.6013955078125 3 3 2
26 0 1 0 12 9 10 1 0 0 0 26.9915390625005 31.0851640624985 32.6850332031255 3 2 2
20 0 0 0 12 11 12 1 0 0 1 13.8224462890625 15.6 16.2499999999999 3 3 3
24 1 0 0 3 3 5 1 0 0 0 12.346130859375 13.0714287109374 20.3764511718749 3 3 3
29 0 0 0 9 6 6 1 0 0 0 16.0999999999999 14.8402216796875 15.5902216796876 2 1 2
27 0 0 0 12 4 9 1 0 0 0 20.5883515624999 21.0003554687499 22.7816015625009 2 3 2
32 0 1 0 12 2 10 1 0 0 1 2.09069970703125 2.69162939453125 4.237103515625 3 2 2
23 0 0 0 8 6 6 1 0 0 1 14.2832421875 15.0115468749999 16.6448046875001 3 3 2
32 0 1 0 11 8 6 1 0 0 1 27.5654003906252 27.4731640624996 26.4099648437503 3 2 3
41 0 0 0 2 3 3 1 0 0 0 14.566462890625 15.569015625 16.2424863281249 2 3 2
28 0 1 0 4 6 5 1 0 0 0 18.650134765625 19.8878085937499 18.757251953125 3 3 2
32 0 0 0 5 6 9 1 0 0 1 14.3392822265625 8.31505957031248 53.9999999999994 2 2 2
38 0 0 0 9 5 6 0 0 1 0 7.79400000000005 4.36792871093751 2.88797729492186 2 2 2
23 0 0 0 3 2 2 1 0 0 1 9.68800878906253 11.3328544921874 15.229638671875 3 3 3
29 0 0 0 4 5 3 1 0 0 0 27.8076933593759 26.1424492187491 29.6618945312511 2 3 3
38 0 0 0 6 4 4 1 0 0 0 8.25867773437501 12.3217314453124 12.856453125 3 3 3
37 0 0 0 3 3 3 1 0 0 1 23.7988125000003 38.6800898437483 32.0046191406249 3 3 3
40 0 0 0 9 12 7 0 0 1 1 12.22 12.7799999999999 14.7442548828126 2 3 3
30 1 0 0 3 1 1 1 0 0 1 2.48425610351563 0.346399993896484 6.91640576171872 2 1 2
23 0 0 0 3 3 4 0 0 1 1 14.7913603515625 16.926 17.4459999999999 3 3 3
32 0 0 0 2 2 1 1 0 0 1 14.0013515624999 14.76105078125 13.9955068359375 3 3 2
33 0 0 0 4 5 6 0 1 0 0 26.3147578124993 33.0807968750005 41.4497578125008 3 2 3
18 0 0 0 3 1 2 1 0 0 1 9.534162109375 12.32 14.1839999999999 3 3 2
18 0 0 0 4 8 12 0 0 1 1 8.3179853515625 8.79898535156247 8.52878906250004 3 3 3
21 0 0 0 2 4 3 1 0 0 1 11.0357216796875 14.004619140625 17.0069296875001 3 3 2
24 1 0 0 3 4 2 1 0 0 0 17.5195351562501 5.92316406250003 13.5050810546875 2 2 2
21 0 0 0 3 1 3 1 0 0 1 9.97967675781249 9.98790234375005 11.7550029296875 2 2 2
21 0 1 0 2 4 3 1 0 0 0 12.1124003906251 2.52007446289062 11.24456640625 2 2 2
32 1 0 0 5 3 4 1 0 0 0 30.1812246093746 36.3015898437518 37.253941406249 3 2 3
25 1 0 0 4 9 9 1 0 0 1 11.4544248046874 12.6797001953125 14.1950810546875 3 3 3
18 0 0 0 2 6 6 0 0 1 0 3.00000000000001 3.6 0.0500000000000002 2 2 2
16 0 0 0 1 7 2 1 0 0 0 2.28656665039063 2.40488085937501 5.55372705078125 3 3 3
18 0 0 0 7 7 4 0 0 1 1 4.36058203124999 1.56 3.86971655273438 2 2 2
32 0 1 0 5 5 6 1 0 0 0 2.030541015625 13.1796171875 23.8036542968745 3 3 2
30 0 0 0 12 7 8 1 0 0 1 13.0488984375 14.9510898437499 16.6140000000001 2 2 2
23 1 0 0 1 5 2 0 0 1 0 0.618131835937499 11.88446484375 19.010623046875 2 2 2
17 0 0 0 1 5 3 1 0 0 0 1.40421533203125 9.73930566406251 9.741595703125 2 2 2
22 0 1 0 4 10 9 0 0 1 0 8.26583398437503 12.026052734375 11.962044921875 2 2 2
19 0 0 0 5 3 3 1 0 0 0 3.50285693359375 7.30534619140627 10.81628125 3 3 2
33 0 0 0 3 4 3 0 1 0 1 14.29580859375 18.2000000000001 14.56 1 3 3
28 0 0 0 12 3 11 1 0 0 0 7.46258544921878 11.8994873046875 10.4746083984375 3 3 2
26 1 0 0 3 3 4 1 0 0 1 14.269392578125 28.6601621093756 30.0195664062487 3 3 3
51 0 0 0 9 7 3 0 1 0 0 10.256056640625 19.8295507812499 17.590177734375 2 2 2
34 0 1 0 2 2 3 0 1 0 0 6.94199999999999 8.46162695312499 8.43162695312498 2 2 2
21 0 1 0 6 6 11 1 0 0 0 11.6434521484375 12.3872978515625 16.068 2 2 3
20 0 0 0 8 8 2 0 0 1 0 2.32527001953124 9.54670703124997 24.2655078125008 2 2 2
41 0 1 0 8 9 6 1 0 0 1 30.9329335937487 29.1199999999994 30.100000000001 3 3 2
27 0 0 0 3 5 2 1 0 0 1 13.9296328125 17.5175 18.3624999999999 3 2 3
25 0 1 0 4 1 2 1 0 0 0 12.90808984375 11.0785224609375 14.962533203125 3 2 2
